[{"isHighDimensional":false,"usingGPU":false,"tasks":[{"currentPipelineFilename":"eda_pipeline-1650005384.pkl","type":"eda","parentPipelineFilename":null}],"_id":"6259158864a5fc001830916b","fileId":"625914e664a5fc001830911e","dataSetInfo":{"trainSize":60,"devSize":20,"holdoutSize":20,"holdoutFilename":"none","splitDateWise":false},"depVariable":"avg_ptp_amt_asked","algoType":"regression","isMultilabel":false,"paragraphColNames":[],"datetimeColumnName":[],"blankColumn":[],"correctedData":"imputed_dataset-1650005384.csv","imputedDatasetFilepath":"temp_eda-1650005384.csv","outlierPreviewFilepath":"outlier_imputed_dataset-1650005384.csv","indexPath":"indexes-1650005384.pkl","edaSummary":[{"missing":0,"unique":380,"max":1998,"median":1492,"min":1003,"std":286.73844,"mean":1503.33133,"missingProportion":0,"mostlyMissing":false,"colName":"loan_id","outlierCorrectionStrategy":"Ignore outlier","outlierDetectionStrategy":"Inter-Quartile Range","imputationStrategy":"Median","isVarTypeChanged":false,"outlierCount":0,"constantFeature":false,"customVarType":"Integer","dataType":"Integer","dateComponent":[]},{"missing":0,"unique":498,"max":496562,"median":291881,"min":100385,"std":115073.3571,"mean":294928.52008,"missingProportion":0,"mostlyMissing":false,"colName":"loan","outlierCorrectionStrategy":"Ignore outlier","outlierDetectionStrategy":"Inter-Quartile Range","imputationStrategy":"Median","isVarTypeChanged":false,"outlierCount":0,"constantFeature":false,"customVarType":"Integer","dataType":"Integer","dateComponent":[]},{"missing":0,"unique":24,"max":35,"median":23,"min":12,"std":6.94082,"mean":22.99398,"missingProportion":0,"mostlyMissing":false,"colName":"loan_term","outlierCorrectionStrategy":"Ignore outlier","outlierDetectionStrategy":"Inter-Quartile Range","imputationStrategy":"Median","isVarTypeChanged":false,"outlierCount":0,"constantFeature":false,"customVarType":"Integer","dataType":"Integer","dateComponent":[]},{"missing":0,"unique":497,"max":99929,"median":56719,"min":15166,"std":25081.40434,"mean":57739.28514,"missingProportion":0,"mostlyMissing":false,"colName":"income","outlierCorrectionStrategy":"Ignore outlier","outlierDetectionStrategy":"Inter-Quartile Range","imputationStrategy":"Median","isVarTypeChanged":false,"outlierCount":0,"constantFeature":false,"customVarType":"Integer","dataType":"Integer","dateComponent":[]},{"missing":0,"unique":5,"max":11,"median":9,"min":7,"std":1.36097,"mean":8.90562,"missingProportion":0,"mostlyMissing":false,"colName":"int_rate","outlierCorrectionStrategy":"Ignore outlier","outlierDetectionStrategy":"Inter-Quartile Range","imputationStrategy":"Median","isVarTypeChanged":false,"outlierCount":0,"constantFeature":false,"customVarType":"Integer","dataType":"Integer","dateComponent":[]},{"missing":0,"unique":492,"max":35820,"median":12735.5,"min":2969,"std":7149.59438,"mean":14080.83936,"missingProportion":0,"mostlyMissing":false,"colName":"monthly_installment","outlierCorrectionStrategy":"Ignore outlier","outlierDetectionStrategy":"Inter-Quartile Range","imputationStrategy":"Median","isVarTypeChanged":false,"outlierCount":2,"constantFeature":false,"customVarType":"Integer","dataType":"Integer","dateComponent":[]},{"missing":0,"unique":495,"max":37514,"median":13965,"min":3282,"std":7500.18195,"mean":15256.84337,"missingProportion":0,"mostlyMissing":false,"colName":"proposedinstallment","outlierCorrectionStrategy":"Ignore outlier","outlierDetectionStrategy":"Inter-Quartile Range","imputationStrategy":"Median","isVarTypeChanged":false,"outlierCount":1,"constantFeature":false,"customVarType":"Integer","dataType":"Integer","dateComponent":[]},{"missing":0,"unique":26,"max":26,"median":8,"min":1,"std":6.11445,"mean":9.07631,"missingProportion":0,"mostlyMissing":false,"colName":"no_of_emi_paid","outlierCorrectionStrategy":"Ignore outlier","outlierDetectionStrategy":"Inter-Quartile Range","imputationStrategy":"Median","isVarTypeChanged":false,"outlierCount":0,"constantFeature":false,"customVarType":"Integer","dataType":"Integer","dateComponent":[]},{"missing":0,"unique":31,"max":33,"median":12,"min":3,"std":6.53294,"mean":13.91767,"missingProportion":0,"mostlyMissing":false,"colName":"no_of_emi_missed","outlierCorrectionStrategy":"Ignore outlier","outlierDetectionStrategy":"Inter-Quartile Range","imputationStrategy":"Median","isVarTypeChanged":false,"outlierCount":6,"constantFeature":false,"customVarType":"Integer","dataType":"Integer","dateComponent":[]},{"missing":0,"unique":26,"max":32,"median":6,"min":2,"std":4.99871,"mean":7.34538,"missingProportion":0,"mostlyMissing":false,"colName":"no_of_ptp_made","outlierCorrectionStrategy":"Ignore outlier","outlierDetectionStrategy":"Inter-Quartile Range","imputationStrategy":"Median","isVarTypeChanged":false,"outlierCount":17,"constantFeature":false,"customVarType":"Integer","dataType":"Integer","dateComponent":[]},{"missing":0,"unique":21,"max":26,"median":3,"min":1,"std":3.6422,"mean":3.87349,"missingProportion":0,"mostlyMissing":false,"colName":"no_of_ptp_honoured","outlierCorrectionStrategy":"Ignore outlier","outlierDetectionStrategy":"Inter-Quartile Range","imputationStrategy":"Median","isVarTypeChanged":false,"outlierCount":11,"constantFeature":false,"customVarType":"Integer","dataType":"Integer","dateComponent":[]},{"missing":0,"unique":493,"max":29122,"median":7302.5,"min":998,"std":5257.18202,"mean":8616.88353,"missingProportion":0,"mostlyMissing":false,"colName":"avg_ptp_amt_asked","outlierCorrectionStrategy":"Ignore outlier","outlierDetectionStrategy":"Inter-Quartile Range","imputationStrategy":"Median","isVarTypeChanged":false,"outlierCount":9,"constantFeature":false,"customVarType":"Integer","dataType":"Integer","dateComponent":[]},{"missing":0,"unique":489,"max":27149,"median":4604.5,"min":131,"std":5029.84564,"mean":6015.42972,"missingProportion":0,"mostlyMissing":false,"colName":"avg_ptp_amt_honoured","outlierCorrectionStrategy":"Ignore outlier","outlierDetectionStrategy":"Inter-Quartile Range","imputationStrategy":"Median","isVarTypeChanged":false,"outlierCount":18,"constantFeature":false,"customVarType":"Integer","dataType":"Integer","dateComponent":[]},{"missing":0,"unique":493,"max":35663,"median":7144,"min":875,"std":5686.93702,"mean":8479.35944,"missingProportion":0,"mostlyMissing":false,"colName":"avg_ptp_amt_dishonoured","outlierCorrectionStrategy":"Ignore outlier","outlierDetectionStrategy":"Inter-Quartile Range","imputationStrategy":"Median","isVarTypeChanged":false,"outlierCount":10,"constantFeature":false,"customVarType":"Integer","dataType":"Integer","dateComponent":[]},{"missing":0,"unique":497,"max":367703,"median":117803.5,"min":9388,"std":83270.65453,"mean":135769.36145,"missingProportion":0,"mostlyMissing":false,"colName":"amount_paid","outlierCorrectionStrategy":"Ignore outlier","outlierDetectionStrategy":"Inter-Quartile Range","imputationStrategy":"Median","isVarTypeChanged":false,"outlierCount":0,"constantFeature":false,"customVarType":"Integer","dataType":"Integer","dateComponent":[]},{"missing":0,"unique":497,"max":454871,"median":140178,"min":19752,"std":91348.3954,"mean":159159.15863,"missingProportion":0,"mostlyMissing":false,"colName":"outstanding_amount","outlierCorrectionStrategy":"Ignore outlier","outlierDetectionStrategy":"Inter-Quartile Range","imputationStrategy":"Median","isVarTypeChanged":false,"outlierCount":1,"constantFeature":false,"customVarType":"Integer","dataType":"Integer","dateComponent":[]},{"missing":0,"unique":487,"max":35872,"median":13348,"min":3005,"std":7325.74187,"mean":14663.22088,"missingProportion":0,"mostlyMissing":false,"colName":"last_payment_made","outlierCorrectionStrategy":"Ignore outlier","outlierDetectionStrategy":"Inter-Quartile Range","imputationStrategy":"Median","isVarTypeChanged":false,"outlierCount":1,"constantFeature":false,"customVarType":"Integer","dataType":"Integer","dateComponent":[]}],"edaDuration":"0.2601060000000004","edaMode":"eda","dimReductionFitSize":1,"classNames":null,"createdBy":"6239c25c5c84bb00c656c07c","projectId":"625914a664a5fc001830911b","createdAt":"2022-04-15T06:49:44.983Z","__v":0},{"isHighDimensional":false,"usingGPU":false,"tasks":[{"currentPipelineFilename":"eda_pipeline-1650005724.pkl","type":"eda","parentPipelineFilename":null}],"_id":"625916dd64a5fc001830917f","fileId":"625916b664a5fc001830917b","dataSetInfo":{"trainSize":61,"devSize":19,"holdoutSize":20,"holdoutFilename":"none","splitDateWise":false},"depVariable":"avg_ptp_amt_asked","algoType":"regression","isMultilabel":false,"paragraphColNames":[],"datetimeColumnName":[],"blankColumn":[],"correctedData":"imputed_dataset-1650005724.csv","imputedDatasetFilepath":"temp_eda-1650005724.csv","outlierPreviewFilepath":"outlier_imputed_dataset-1650005724.csv","indexPath":"indexes-1650005725.pkl","edaSummary":[{"missing":0,"unique":624,"max":1998,"median":1494,"min":1003,"std":286.48299,"mean":1503.55411,"missingProportion":0,"mostlyMissing":false,"colName":"loan_id","outlierCorrectionStrategy":"Ignore outlier","outlierDetectionStrategy":"Inter-Quartile Range","imputationStrategy":"Median","isVarTypeChanged":false,"outlierCount":0,"constantFeature":false,"customVarType":"Integer","dataType":"Integer","dateComponent":[]},{"missing":0,"unique":998,"max":499299,"median":296761,"min":100385,"std":114962.1875,"mean":296743.54559,"missingProportion":0,"mostlyMissing":false,"colName":"loan","outlierCorrectionStrategy":"Ignore outlier","outlierDetectionStrategy":"Inter-Quartile Range","imputationStrategy":"Median","isVarTypeChanged":false,"outlierCount":0,"constantFeature":false,"customVarType":"Integer","dataType":"Integer","dateComponent":[]},{"missing":0,"unique":24,"max":35,"median":23,"min":12,"std":6.93743,"mean":23.13928,"missingProportion":0,"mostlyMissing":false,"colName":"loan_term","outlierCorrectionStrategy":"Ignore outlier","outlierDetectionStrategy":"Inter-Quartile Range","imputationStrategy":"Median","isVarTypeChanged":false,"outlierCount":0,"constantFeature":false,"customVarType":"Integer","dataType":"Integer","dateComponent":[]},{"missing":0,"unique":995,"max":99962,"median":56748,"min":15166,"std":24806.46587,"mean":57762.86824,"missingProportion":0,"mostlyMissing":false,"colName":"income","outlierCorrectionStrategy":"Ignore outlier","outlierDetectionStrategy":"Inter-Quartile Range","imputationStrategy":"Median","isVarTypeChanged":false,"outlierCount":0,"constantFeature":false,"customVarType":"Integer","dataType":"Integer","dateComponent":[]},{"missing":0,"unique":5,"max":11,"median":9,"min":7,"std":1.37859,"mean":8.93487,"missingProportion":0,"mostlyMissing":false,"colName":"int_rate","outlierCorrectionStrategy":"Ignore outlier","outlierDetectionStrategy":"Inter-Quartile Range","imputationStrategy":"Median","isVarTypeChanged":false,"outlierCount":0,"constantFeature":false,"customVarType":"Integer","dataType":"Integer","dateComponent":[]},{"missing":0,"unique":979,"max":41608,"median":12649,"min":2969,"std":7247.56426,"mean":14094.5511,"missingProportion":0,"mostlyMissing":false,"colName":"monthly_installment","outlierCorrectionStrategy":"Ignore outlier","outlierDetectionStrategy":"Inter-Quartile Range","imputationStrategy":"Median","isVarTypeChanged":false,"outlierCount":14,"constantFeature":false,"customVarType":"Integer","dataType":"Integer","dateComponent":[]},{"missing":0,"unique":976,"max":43979,"median":13920,"min":3282,"std":7601.47716,"mean":15282.18236,"missingProportion":0,"mostlyMissing":false,"colName":"proposedinstallment","outlierCorrectionStrategy":"Ignore outlier","outlierDetectionStrategy":"Inter-Quartile Range","imputationStrategy":"Median","isVarTypeChanged":false,"outlierCount":10,"constantFeature":false,"customVarType":"Integer","dataType":"Integer","dateComponent":[]},{"missing":0,"unique":27,"max":27,"median":8,"min":1,"std":6.14185,"mean":9.18437,"missingProportion":0,"mostlyMissing":false,"colName":"no_of_emi_paid","outlierCorrectionStrategy":"Ignore outlier","outlierDetectionStrategy":"Inter-Quartile Range","imputationStrategy":"Median","isVarTypeChanged":false,"outlierCount":0,"constantFeature":false,"customVarType":"Integer","dataType":"Integer","dateComponent":[]},{"missing":0,"unique":31,"max":33,"median":13,"min":3,"std":6.55648,"mean":13.95491,"missingProportion":0,"mostlyMissing":false,"colName":"no_of_emi_missed","outlierCorrectionStrategy":"Ignore outlier","outlierDetectionStrategy":"Inter-Quartile Range","imputationStrategy":"Median","isVarTypeChanged":false,"outlierCount":7,"constantFeature":false,"customVarType":"Integer","dataType":"Integer","dateComponent":[]},{"missing":0,"unique":29,"max":32,"median":6,"min":2,"std":5.04882,"mean":7.36323,"missingProportion":0,"mostlyMissing":false,"colName":"no_of_ptp_made","outlierCorrectionStrategy":"Ignore outlier","outlierDetectionStrategy":"Inter-Quartile Range","imputationStrategy":"Median","isVarTypeChanged":false,"outlierCount":45,"constantFeature":false,"customVarType":"Integer","dataType":"Integer","dateComponent":[]},{"missing":0,"unique":24,"max":27,"median":3,"min":1,"std":3.64457,"mean":3.83166,"missingProportion":0,"mostlyMissing":false,"colName":"no_of_ptp_honoured","outlierCorrectionStrategy":"Ignore outlier","outlierDetectionStrategy":"Inter-Quartile Range","imputationStrategy":"Median","isVarTypeChanged":false,"outlierCount":64,"constantFeature":false,"customVarType":"Integer","dataType":"Integer","dateComponent":[]},{"missing":0,"unique":970,"max":36617,"median":7381,"min":998,"std":5249.84271,"mean":8606.66032,"missingProportion":0,"mostlyMissing":false,"colName":"avg_ptp_amt_asked","outlierCorrectionStrategy":"Ignore outlier","outlierDetectionStrategy":"Inter-Quartile Range","imputationStrategy":"Median","isVarTypeChanged":false,"outlierCount":31,"constantFeature":false,"customVarType":"Integer","dataType":"Integer","dateComponent":[]},{"missing":0,"unique":962,"max":45782,"median":4634,"min":131,"std":5140.07801,"mean":6074.56663,"missingProportion":0,"mostlyMissing":false,"colName":"avg_ptp_amt_honoured","outlierCorrectionStrategy":"Ignore outlier","outlierDetectionStrategy":"Inter-Quartile Range","imputationStrategy":"Median","isVarTypeChanged":false,"outlierCount":68,"constantFeature":false,"customVarType":"Integer","dataType":"Integer","dateComponent":[]},{"missing":0,"unique":969,"max":40549,"median":7157.5,"min":766,"std":5750.47485,"mean":8476.08517,"missingProportion":0,"mostlyMissing":false,"colName":"avg_ptp_amt_dishonoured","outlierCorrectionStrategy":"Ignore outlier","outlierDetectionStrategy":"Inter-Quartile Range","imputationStrategy":"Median","isVarTypeChanged":false,"outlierCount":50,"constantFeature":false,"customVarType":"Integer","dataType":"Integer","dateComponent":[]},{"missing":0,"unique":998,"max":401454,"median":121724,"min":6395,"std":84164.85708,"mean":137575.14078,"missingProportion":0,"mostlyMissing":false,"colName":"amount_paid","outlierCorrectionStrategy":"Ignore outlier","outlierDetectionStrategy":"Inter-Quartile Range","imputationStrategy":"Median","isVarTypeChanged":false,"outlierCount":3,"constantFeature":false,"customVarType":"Integer","dataType":"Integer","dateComponent":[]},{"missing":0,"unique":998,"max":454871,"median":140251,"min":19752,"std":90212.13643,"mean":159168.40481,"missingProportion":0,"mostlyMissing":false,"colName":"outstanding_amount","outlierCorrectionStrategy":"Ignore outlier","outlierDetectionStrategy":"Inter-Quartile Range","imputationStrategy":"Median","isVarTypeChanged":false,"outlierCount":10,"constantFeature":false,"customVarType":"Integer","dataType":"Integer","dateComponent":[]},{"missing":0,"unique":972,"max":41931,"median":13256,"min":3005,"std":7422.52868,"mean":14683.82014,"missingProportion":0,"mostlyMissing":false,"colName":"last_payment_made","outlierCorrectionStrategy":"Ignore outlier","outlierDetectionStrategy":"Inter-Quartile Range","imputationStrategy":"Median","isVarTypeChanged":false,"outlierCount":14,"constantFeature":false,"customVarType":"Integer","dataType":"Integer","dateComponent":[]}],"edaDuration":"0.32686099999999996","edaMode":"eda","dimReductionFitSize":1,"classNames":null,"createdBy":"6239c25c5c84bb00c656c07c","projectId":"625914a664a5fc001830911b","createdAt":"2022-04-15T06:55:25.107Z","__v":0}]