[{"fileEncoding":"utf_8","fileSchema":[{"colName":"loan_id","dataType":"Integer","originalColName":"loan_id","isAutoGenerated":false},{"colName":"loan","dataType":"Integer","originalColName":"loan","isAutoGenerated":false},{"colName":"loan_term","dataType":"Integer","originalColName":"loan_term","isAutoGenerated":false},{"colName":"income","dataType":"Integer","originalColName":"income","isAutoGenerated":false},{"colName":"int_rate","dataType":"Integer","originalColName":"int_rate","isAutoGenerated":false},{"colName":"monthly_installment","dataType":"Integer","originalColName":"monthly_installment","isAutoGenerated":false},{"colName":"proposedinstallment","dataType":"Integer","originalColName":"ProposedInstallment","isAutoGenerated":false},{"colName":"no_of_emi_paid","dataType":"Integer","originalColName":"no_of_emi_paid","isAutoGenerated":false},{"colName":"no_of_emi_missed","dataType":"Integer","originalColName":"no_of_emi_missed","isAutoGenerated":false},{"colName":"no_of_ptp_made","dataType":"Integer","originalColName":"no_of_ptp_made","isAutoGenerated":false},{"colName":"no_of_ptp_honoured","dataType":"Integer","originalColName":"no_of_ptp_honoured","isAutoGenerated":false},{"colName":"avg_ptp_amt_asked","dataType":"Integer","originalColName":"avg_ptp_amt_asked","isAutoGenerated":false},{"colName":"avg_ptp_amt_honoured","dataType":"Integer","originalColName":"avg_ptp_amt_honoured","isAutoGenerated":false},{"colName":"avg_ptp_amt_dishonoured","dataType":"Integer","originalColName":"avg_ptp_amt_dishonoured","isAutoGenerated":false},{"colName":"amount_paid","dataType":"Integer","originalColName":"amount_paid","isAutoGenerated":false},{"colName":"outstanding_amount","dataType":"Integer","originalColName":"outstanding_amount","isAutoGenerated":false},{"colName":"last_payment_made","dataType":"Integer","originalColName":"last_payment_made","isAutoGenerated":false}],"descriptiveStatistics":[{"colName":"loan_id","missing":0,"mean":1503.33133,"std":286.73844,"min":1003,"median":1492,"max":1998,"unique":380},{"colName":"loan","missing":0,"mean":294928.52008,"std":115073.3571,"min":100385,"median":291881,"max":496562,"unique":498},{"colName":"loan_term","missing":0,"mean":22.99398,"std":6.94082,"min":12,"median":23,"max":35,"unique":24},{"colName":"income","missing":0,"mean":57739.28514,"std":25081.40434,"min":15166,"median":56719,"max":99929,"unique":497},{"colName":"int_rate","missing":0,"mean":8.90562,"std":1.36097,"min":7,"median":9,"max":11,"unique":5},{"colName":"monthly_installment","missing":0,"mean":14080.83936,"std":7149.59438,"min":2969,"median":12735.5,"max":35820,"unique":492},{"colName":"proposedinstallment","missing":0,"mean":15256.84337,"std":7500.18195,"min":3282,"median":13965,"max":37514,"unique":495},{"colName":"no_of_emi_paid","missing":0,"mean":9.07631,"std":6.11445,"min":1,"median":8,"max":26,"unique":26},{"colName":"no_of_emi_missed","missing":0,"mean":13.91767,"std":6.53294,"min":3,"median":12,"max":33,"unique":31},{"colName":"no_of_ptp_made","missing":0,"mean":7.34538,"std":4.99871,"min":2,"median":6,"max":32,"unique":26},{"colName":"no_of_ptp_honoured","missing":0,"mean":3.87349,"std":3.6422,"min":1,"median":3,"max":26,"unique":21},{"colName":"avg_ptp_amt_asked","missing":0,"mean":8616.88353,"std":5257.18202,"min":998,"median":7302.5,"max":29122,"unique":493},{"colName":"avg_ptp_amt_honoured","missing":0,"mean":6015.42972,"std":5029.84564,"min":131,"median":4604.5,"max":27149,"unique":489},{"colName":"avg_ptp_amt_dishonoured","missing":0,"mean":8479.35944,"std":5686.93702,"min":875,"median":7144,"max":35663,"unique":493},{"colName":"amount_paid","missing":0,"mean":135769.36145,"std":83270.65453,"min":9388,"median":117803.5,"max":367703,"unique":497},{"colName":"outstanding_amount","missing":0,"mean":159159.15863,"std":91348.3954,"min":19752,"median":140178,"max":454871,"unique":497},{"colName":"last_payment_made","missing":0,"mean":14663.22088,"std":7325.74187,"min":3005,"median":13348,"max":35872,"unique":487}],"tasks":[{"type":"upload","parentPipelineFilename":null,"currentPipelineFilename":null}],"isParent":true,"isDeleted":false,"_id":"625914e664a5fc001830911e","fileSource":"upload","dataGroupId":"625914a664a5fc001830911c","filename":"upload-PTP_right_amt_to_ask_train--1650005222015.pkl","fileSize":19684,"noOfRows":"498","noOfCols":"17","projectId":"625914a664a5fc001830911b","createdBy":"6239c25c5c84bb00c656c07c","rawFileName":"upload-PTP_right_amt_to_ask_train--1650005222015.xlsx","createdAt":"2022-04-15T06:47:02.537Z","updatedAt":"2022-04-15T06:47:02.537Z","__v":0,"currentEdaId":"6259158864a5fc001830916b"},{"fileEncoding":"utf_8","fileSchema":[{"colName":"loan_id","dataType":"Integer","isAutoGenerated":false},{"colName":"loan","dataType":"Integer","isAutoGenerated":false},{"colName":"loan_term","dataType":"Integer","isAutoGenerated":false},{"colName":"income","dataType":"Integer","isAutoGenerated":false},{"colName":"int_rate","dataType":"Integer","isAutoGenerated":false},{"colName":"monthly_installment","dataType":"Integer","isAutoGenerated":false},{"colName":"proposedinstallment","dataType":"Integer","isAutoGenerated":false},{"colName":"no_of_emi_paid","dataType":"Integer","isAutoGenerated":false},{"colName":"no_of_emi_missed","dataType":"Integer","isAutoGenerated":false},{"colName":"no_of_ptp_made","dataType":"Integer","isAutoGenerated":false},{"colName":"no_of_ptp_honoured","dataType":"Integer","isAutoGenerated":false},{"colName":"avg_ptp_amt_asked","dataType":"Integer","isAutoGenerated":false},{"colName":"avg_ptp_amt_honoured","dataType":"Integer","isAutoGenerated":false},{"colName":"avg_ptp_amt_dishonoured","dataType":"Integer","isAutoGenerated":false},{"colName":"amount_paid","dataType":"Integer","isAutoGenerated":false},{"colName":"outstanding_amount","dataType":"Integer","isAutoGenerated":false},{"colName":"last_payment_made","dataType":"Integer","isAutoGenerated":false}],"descriptiveStatistics":[{"colName":"loan_id","missing":0,"mean":1503.62817,"std":286.4938,"min":1003,"median":1494,"max":1998,"unique":624},{"colName":"loan","missing":0,"mean":297346.93858,"std":114957.30814,"min":100385,"median":297656,"max":499299,"unique":998},{"colName":"loan_term","missing":0,"mean":23.18758,"std":6.93795,"min":12,"median":23,"max":35,"unique":24},{"colName":"income","missing":0,"mean":57770.70828,"std":24722.82059,"min":15166,"median":56772.5,"max":99962,"unique":995},{"colName":"int_rate","missing":0,"mean":8.94459,"std":1.38472,"min":7,"median":9,"max":11,"unique":5},{"colName":"monthly_installment","missing":0,"mean":14099.10948,"std":7282.20234,"min":2969,"median":12612,"max":41608,"unique":979},{"colName":"proposedinstallment","missing":0,"mean":15290.60614,"std":7637.31851,"min":3282,"median":13906,"max":43979,"unique":976},{"colName":"no_of_emi_paid","missing":0,"mean":9.22029,"std":6.15255,"min":1,"median":8,"max":27,"unique":27},{"colName":"no_of_emi_missed","missing":0,"mean":13.96729,"std":6.56642,"min":3,"median":13,"max":33,"unique":31},{"colName":"no_of_ptp_made","missing":0,"mean":7.36916,"std":5.06701,"min":2,"median":6,"max":32,"unique":29},{"colName":"no_of_ptp_honoured","missing":0,"mean":3.81776,"std":3.64647,"min":1,"median":2,"max":27,"unique":24},{"colName":"avg_ptp_amt_asked","missing":0,"mean":8603.26168,"std":5249.15337,"min":998,"median":7388,"max":36617,"unique":970},{"colName":"avg_ptp_amt_honoured","missing":0,"mean":6094.2263,"std":5177.71067,"min":131,"median":4665,"max":45782,"unique":962},{"colName":"avg_ptp_amt_dishonoured","missing":0,"mean":8474.99666,"std":5773.32754,"min":766,"median":7157.5,"max":40549,"unique":969},{"colName":"amount_paid","missing":0,"mean":138175.45995,"std":84479.09079,"min":6395,"median":121850,"max":401454,"unique":998},{"colName":"outstanding_amount","missing":0,"mean":159171.47864,"std":89861.97696,"min":19752,"median":140345.5,"max":454871,"unique":998},{"colName":"last_payment_made","missing":0,"mean":14690.66822,"std":7456.83931,"min":3005,"median":13237,"max":41931,"unique":972}],"tasks":[{"type":"merge","parentPipelineFilename":null,"currentPipelineFilename":null}],"isParent":true,"isDeleted":false,"_id":"6259165b64a5fc0018309179","fileSource":"merge","dataGroupId":"625914a664a5fc001830911c","filename":"merged-PTP_right_amt_to_ask_test-1650005595.pkl","fileSize":55684,"noOfRows":"1.50K","noOfCols":"17","projectId":"625914a664a5fc001830911b","createdBy":"6239c25c5c84bb00c656c07c","createdAt":"2022-04-15T06:53:15.977Z","updatedAt":"2022-04-15T06:53:15.977Z","__v":0,"fileReportFilename":"merged-PTP_right_amt_to_ask_test-1650005595-temp_edareport.html"},{"fileEncoding":"utf_8","fileSchema":[{"colName":"loan_id","dataType":"Integer","isAutoGenerated":false},{"colName":"loan","dataType":"Integer","isAutoGenerated":false},{"colName":"loan_term","dataType":"Integer","isAutoGenerated":false},{"colName":"income","dataType":"Integer","isAutoGenerated":false},{"colName":"int_rate","dataType":"Integer","isAutoGenerated":false},{"colName":"monthly_installment","dataType":"Integer","isAutoGenerated":false},{"colName":"proposedinstallment","dataType":"Integer","isAutoGenerated":false},{"colName":"no_of_emi_paid","dataType":"Integer","isAutoGenerated":false},{"colName":"no_of_emi_missed","dataType":"Integer","isAutoGenerated":false},{"colName":"no_of_ptp_made","dataType":"Integer","isAutoGenerated":false},{"colName":"no_of_ptp_honoured","dataType":"Integer","isAutoGenerated":false},{"colName":"avg_ptp_amt_asked","dataType":"Integer","isAutoGenerated":false},{"colName":"avg_ptp_amt_honoured","dataType":"Integer","isAutoGenerated":false},{"colName":"avg_ptp_amt_dishonoured","dataType":"Integer","isAutoGenerated":false},{"colName":"amount_paid","dataType":"Integer","isAutoGenerated":false},{"colName":"outstanding_amount","dataType":"Integer","isAutoGenerated":false},{"colName":"last_payment_made","dataType":"Integer","isAutoGenerated":false}],"descriptiveStatistics":[{"colName":"loan_id","missing":0,"mean":1503.55411,"std":286.48299,"min":1003,"median":1494,"max":1998,"unique":624},{"colName":"loan","missing":0,"mean":296743.54559,"std":114962.1875,"min":100385,"median":296761,"max":499299,"unique":998},{"colName":"loan_term","missing":0,"mean":23.13928,"std":6.93743,"min":12,"median":23,"max":35,"unique":24},{"colName":"income","missing":0,"mean":57762.86824,"std":24806.46587,"min":15166,"median":56748,"max":99962,"unique":995},{"colName":"int_rate","missing":0,"mean":8.93487,"std":1.37859,"min":7,"median":9,"max":11,"unique":5},{"colName":"monthly_installment","missing":0,"mean":14094.5511,"std":7247.56426,"min":2969,"median":12649,"max":41608,"unique":979},{"colName":"proposedinstallment","missing":0,"mean":15282.18236,"std":7601.47716,"min":3282,"median":13920,"max":43979,"unique":976},{"colName":"no_of_emi_paid","missing":0,"mean":9.18437,"std":6.14185,"min":1,"median":8,"max":27,"unique":27},{"colName":"no_of_emi_missed","missing":0,"mean":13.95491,"std":6.55648,"min":3,"median":13,"max":33,"unique":31},{"colName":"no_of_ptp_made","missing":0,"mean":7.36323,"std":5.04882,"min":2,"median":6,"max":32,"unique":29},{"colName":"no_of_ptp_honoured","missing":0,"mean":3.83166,"std":3.64457,"min":1,"median":3,"max":27,"unique":24},{"colName":"avg_ptp_amt_asked","missing":0,"mean":8606.66032,"std":5249.84271,"min":998,"median":7381,"max":36617,"unique":970},{"colName":"avg_ptp_amt_honoured","missing":0,"mean":6074.56663,"std":5140.07801,"min":131,"median":4634,"max":45782,"unique":962},{"colName":"avg_ptp_amt_dishonoured","missing":0,"mean":8476.08517,"std":5750.47485,"min":766,"median":7157.5,"max":40549,"unique":969},{"colName":"amount_paid","missing":0,"mean":137575.14078,"std":84164.85708,"min":6395,"median":121724,"max":401454,"unique":998},{"colName":"outstanding_amount","missing":0,"mean":159168.40481,"std":90212.13643,"min":19752,"median":140251,"max":454871,"unique":998},{"colName":"last_payment_made","missing":0,"mean":14683.82014,"std":7422.52868,"min":3005,"median":13256,"max":41931,"unique":972}],"tasks":[{"type":"merge","parentPipelineFilename":null,"currentPipelineFilename":null}],"isParent":true,"isDeleted":false,"_id":"625916b664a5fc001830917b","fileSource":"merge","dataGroupId":"625914a664a5fc001830911c","filename":"merged-PTP_right_amt_to_ask_train-1650005686.pkl","fileSize":73612,"noOfRows":"2K","noOfCols":"17","projectId":"625914a664a5fc001830911b","createdBy":"6239c25c5c84bb00c656c07c","createdAt":"2022-04-15T06:54:46.782Z","updatedAt":"2022-04-15T06:54:46.782Z","__v":0,"currentEdaId":"625916dd64a5fc001830917f"}]