[{"_id":"625915a764a5fc0018309174","createdBy":"6239c25c5c84bb00c656c07c","projectId":"625914a664a5fc001830911b","trainingId":"625915a664a5fc001830916e","modelMetaData":{"modelTuning":null,"algoName":"Random Forest Regression","modelPath":"random_forest_regression-1650005415.sav","dev":{"testScore":0.8447388797682337,"losses":[{"name":"Mean Square Error","value":3539921.05},{"name":"Mean Absolute Error","value":1386.1},{"name":"Root Mean Square Error","value":1881.47},{"name":"Median Square Error","value":1102.1},{"name":"Mean Square Log Error","value":0.06}],"rSquared":0.8363953477880586,"adjustedRsq":0.8040783794498974,"overallScore":0.5649029405492808,"varianceIFactor":0.8530824117484088},"holdout":{"testScore":0.8900450332863115,"losses":[{"name":"Mean Square Error","value":2657252.53},{"name":"Mean Absolute Error","value":1231.51},{"name":"Root Mean Square Error","value":1630.11},{"name":"Median Square Error","value":993.7},{"name":"Mean Square Log Error","value":0.04}],"rSquared":0.8869347357993933,"adjustedRsq":0.8656518625381027,"overallScore":0.6135153207466962,"varianceIFactor":0.8931553307732295},"timeElapsed":0.4183225631713867,"bestParams":{"hpt":[{"name":"n_estimators","data":10},{"name":"criterion","data":"squared_error"},{"name":"max_depth","data":null},{"name":"min_samples_split","data":2},{"name":"min_samples_leaf","data":1},{"name":"min_weight_fraction_leaf","data":0},{"name":"max_features","data":"auto"},{"name":"max_leaf_nodes","data":null},{"name":"min_impurity_decrease","data":0}]},"featureImportance":[{"colName":"amount_paid","importance":0.0095},{"colName":"avg_ptp_amt_dishonoured","importance":0.3068},{"colName":"avg_ptp_amt_honoured","importance":0.0664},{"colName":"income","importance":0.0108},{"colName":"int_rate","importance":0.0058},{"colName":"last_payment_made","importance":0.147},{"colName":"loan","importance":0.0096},{"colName":"loan_id","importance":0.0152},{"colName":"loan_term","importance":0.004},{"colName":"monthly_installment","importance":0.0308},{"colName":"no_of_emi_missed","importance":0.0037},{"colName":"no_of_emi_paid","importance":0.0026},{"colName":"no_of_ptp_honoured","importance":0.0037},{"colName":"no_of_ptp_made","importance":0.0044},{"colName":"outstanding_amount","importance":0.0058},{"colName":"proposedinstallment","importance":0.374}],"cvData":{"cvScore":-1669.2532631578947,"status":"done"}},"trainPipeFilePath":"task_pipeline-1650005414.pkl","hptPreference":null,"reTrainFileId":null,"isDataSplitted":true,"status":"success","idealPersona":null,"transformedDatasetPath":"transformed_data_dict-1650005414.pkl","edaId":null,"createdAt":"2022-04-15T06:50:15.761Z","__v":0,"validationStrategy":{"metric":"neg_mean_absolute_error","technique":"kFold","nSplit":5}},{"_id":"625915a764a5fc0018309175","createdBy":"6239c25c5c84bb00c656c07c","projectId":"625914a664a5fc001830911b","trainingId":"625915a664a5fc001830916e","modelMetaData":{"modelTuning":null,"algoName":"Passive Aggressive Regression","modelPath":"passive_aggressive_regression-1650005415.sav","dev":{"testScore":0.7274477289664412,"losses":[{"name":"Mean Square Error","value":7921234.81},{"name":"Mean Absolute Error","value":2260.9},{"name":"Root Mean Square Error","value":2814.47},{"name":"Median Square Error","value":1677.77},{"name":"Mean Square Log Error","value":0.13}],"rSquared":0.6339040199006123,"adjustedRsq":0.5615887645723382,"overallScore":0.4010863888874387,"varianceIFactor":0.8209914380322699},"holdout":{"testScore":0.8485364574060983,"losses":[{"name":"Mean Square Error","value":4138226.28},{"name":"Mean Absolute Error","value":1621.43},{"name":"Root Mean Square Error","value":2034.26},{"name":"Median Square Error","value":1320.44},{"name":"Mean Square Log Error","value":0.09}],"rSquared":0.8239197655981402,"adjustedRsq":0.7907752508872019,"overallScore":0.5491145972974276,"varianceIFactor":0.8731531492140563},"timeElapsed":0.2705855369567871,"bestParams":{"hpt":[{"name":"C","data":1},{"name":"max_iter","data":1000},{"name":"tol","data":0.001},{"name":"shuffle","data":true},{"name":"loss","data":"epsilon_insensitive"},{"name":"epsilon","data":0.1},{"name":"average","data":false}]},"featureCoefficient":[{"colName":"avg_ptp_amt_dishonoured","coefficient":0.245},{"colName":"avg_ptp_amt_honoured","coefficient":0.1777},{"colName":"proposedinstallment","coefficient":0.1359},{"colName":"monthly_installment","coefficient":0.1342},{"colName":"last_payment_made","coefficient":0.1311},{"colName":"amount_paid","coefficient":0.0064},{"colName":"loan_id","coefficient":0.0039},{"colName":"loan","coefficient":0.0029},{"colName":"int_rate","coefficient":0},{"colName":"no_of_ptp_honoured","coefficient":0},{"colName":"no_of_ptp_made","coefficient":0},{"colName":"no_of_emi_missed","coefficient":-0.0001},{"colName":"no_of_emi_paid","coefficient":-0.0001},{"colName":"loan_term","coefficient":-0.0002},{"colName":"income","coefficient":-0.0006},{"colName":"outstanding_amount","coefficient":-0.0035}]},"trainPipeFilePath":"task_pipeline-1650005414.pkl","hptPreference":null,"reTrainFileId":null,"isDataSplitted":true,"status":"success","idealPersona":null,"transformedDatasetPath":"transformed_data_dict-1650005414.pkl","edaId":null,"createdAt":"2022-04-15T06:50:15.794Z","__v":0},{"_id":"625916f664a5fc0018309185","createdBy":"6239c25c5c84bb00c656c07c","projectId":"625914a664a5fc001830911b","trainingId":"625916f664a5fc0018309182","modelMetaData":{"modelTuning":null,"algoName":"Decision Tree Regression","modelPath":"decision_tree_regression-1650005750.sav","dev":{"testScore":0.9020324227169825,"losses":[{"name":"Mean Square Error","value":2224924.3},{"name":"Mean Absolute Error","value":653.39},{"name":"Root Mean Square Error","value":1491.62},{"name":"Median Square Error","value":0},{"name":"Mean Square Log Error","value":0.03}],"rSquared":0.9017369149048976,"adjustedRsq":0.897320596473657,"overallScore":0.6693550534550873,"varianceIFactor":0.9023279305290675},"holdout":{"testScore":0.9040304060492497,"losses":[{"name":"Mean Square Error","value":2898646.58},{"name":"Mean Absolute Error","value":717.47},{"name":"Root Mean Square Error","value":1702.54},{"name":"Median Square Error","value":0},{"name":"Mean Square Log Error","value":0.04}],"rSquared":0.9037273219513094,"adjustedRsq":0.8997675202834969,"overallScore":0.6658266893714194,"varianceIFactor":0.90433349014719},"timeElapsed":0.3102278709411621,"bestParams":{"hpt":[{"name":"criterion","data":"squared_error"},{"name":"splitter","data":"best"},{"name":"max_depth","data":null},{"name":"min_samples_split","data":2},{"name":"min_samples_leaf","data":1},{"name":"min_weight_fraction_leaf","data":0},{"name":"max_features","data":null},{"name":"max_leaf_nodes","data":null},{"name":"min_impurity_decrease","data":0}]},"featureImportance":[{"colName":"amount_paid","importance":0.0074},{"colName":"avg_ptp_amt_dishonoured","importance":0.2546},{"colName":"avg_ptp_amt_honoured","importance":0.0534},{"colName":"income","importance":0.0077},{"colName":"int_rate","importance":0.0018},{"colName":"last_payment_made","importance":0.0092},{"colName":"loan","importance":0.0217},{"colName":"loan_id","importance":0.0143},{"colName":"loan_term","importance":0.0038},{"colName":"monthly_installment","importance":0.0278},{"colName":"no_of_emi_missed","importance":0.0082},{"colName":"no_of_emi_paid","importance":0.003},{"colName":"no_of_ptp_honoured","importance":0.0039},{"colName":"no_of_ptp_made","importance":0.0029},{"colName":"outstanding_amount","importance":0.003},{"colName":"proposedinstallment","importance":0.5774}]},"trainPipeFilePath":"task_pipeline-1650005750.pkl","hptPreference":null,"reTrainFileId":null,"isDataSplitted":true,"status":"success","idealPersona":null,"transformedDatasetPath":"transformed_data_dict-1650005750.pkl","edaId":null,"createdAt":"2022-04-15T06:55:50.672Z","__v":0},{"_id":"625916f664a5fc0018309187","createdBy":"6239c25c5c84bb00c656c07c","projectId":"625914a664a5fc001830911b","trainingId":"625916f664a5fc0018309182","modelMetaData":{"modelTuning":null,"algoName":"Passive Aggressive Regression","modelPath":"passive_aggressive_regression-1650005750.sav","dev":{"testScore":0.8651062179946581,"losses":[{"name":"Mean Square Error","value":3074053.46},{"name":"Mean Absolute Error","value":1350.15},{"name":"Root Mean Square Error","value":1753.3},{"name":"Median Square Error","value":1093.89},{"name":"Mean Square Log Error","value":0.04}],"rSquared":0.8642353914156014,"adjustedRsq":0.8581336112545048,"overallScore":0.5840726689587292,"varianceIFactor":0.8659770445737149},"holdout":{"testScore":0.8627521659255042,"losses":[{"name":"Mean Square Error","value":4159956.64},{"name":"Mean Absolute Error","value":1501.63},{"name":"Root Mean Square Error","value":2039.6},{"name":"Median Square Error","value":1135.25},{"name":"Mean Square Log Error","value":0.05}],"rSquared":0.8618354619578819,"adjustedRsq":0.8561526017813423,"overallScore":0.5700714007206988,"varianceIFactor":0.8636688698931265},"timeElapsed":0.2569296360015869,"bestParams":{"hpt":[{"name":"C","data":1},{"name":"max_iter","data":1000},{"name":"tol","data":0.001},{"name":"shuffle","data":true},{"name":"loss","data":"epsilon_insensitive"},{"name":"epsilon","data":0.1},{"name":"average","data":false}]},"featureCoefficient":[{"colName":"avg_ptp_amt_dishonoured","coefficient":0.3843},{"colName":"avg_ptp_amt_honoured","coefficient":0.2011},{"colName":"monthly_installment","coefficient":0.0999},{"colName":"proposedinstallment","coefficient":0.0989},{"colName":"last_payment_made","coefficient":0.0901},{"colName":"amount_paid","coefficient":0.004},{"colName":"loan_id","coefficient":0.0032},{"colName":"income","coefficient":0.0005},{"colName":"loan","coefficient":0.0003},{"colName":"int_rate","coefficient":0},{"colName":"no_of_emi_missed","coefficient":0},{"colName":"no_of_ptp_honoured","coefficient":0},{"colName":"no_of_ptp_made","coefficient":0},{"colName":"no_of_emi_paid","coefficient":-0.0001},{"colName":"loan_term","coefficient":-0.0002},{"colName":"outstanding_amount","coefficient":-0.0037}]},"trainPipeFilePath":"task_pipeline-1650005750.pkl","hptPreference":null,"reTrainFileId":null,"isDataSplitted":true,"status":"success","idealPersona":null,"transformedDatasetPath":"transformed_data_dict-1650005750.pkl","edaId":null,"createdAt":"2022-04-15T06:55:50.927Z","__v":0},{"_id":"625d00d8c73e7b0023477b39","createdBy":"6239c25c5c84bb00c656c07c","projectId":"625914a664a5fc001830911b","trainingId":"625d00d8c73e7b0023477b37","modelMetaData":{"modelTuning":null,"algoName":"Linear Regression","modelPath":"linear_regression-1650262232.sav","dev":{"testScore":0.8654792637917569,"losses":[{"name":"Mean Square Error","value":3046495.18},{"name":"Mean Absolute Error","value":1334.6},{"name":"Root Mean Square Error","value":1745.42},{"name":"Median Square Error","value":1010.37},{"name":"Mean Square Log Error","value":0.04}],"rSquared":0.8654524941988866,"adjustedRsq":0.859405415286477,"overallScore":0.5856150981540489,"varianceIFactor":0.8655060333846272},"holdout":{"testScore":0.8677550844688536,"losses":[{"name":"Mean Square Error","value":3982832.64},{"name":"Mean Absolute Error","value":1457.79},{"name":"Root Mean Square Error","value":1995.7},{"name":"Median Square Error","value":1044.74},{"name":"Mean Square Log Error","value":0.05}],"rSquared":0.8677182768510349,"adjustedRsq":0.8622773833539052,"overallScore":0.5775810169740977,"varianceIFactor":0.8677918920866724},"timeElapsed":0.31528979539871216,"bestParams":{"hpt":[{"name":"positive","data":false}]},"featureCoefficient":[{"colName":"no_of_ptp_made","coefficient":28.6228},{"colName":"no_of_emi_paid","coefficient":9.6541},{"colName":"loan_term","coefficient":7.6883},{"colName":"proposedinstallment","coefficient":1.0336},{"colName":"avg_ptp_amt_dishonoured","coefficient":0.4043},{"colName":"avg_ptp_amt_honoured","coefficient":0.1889},{"colName":"amount_paid","coefficient":-0.0011},{"colName":"outstanding_amount","coefficient":-0.0019},{"colName":"income","coefficient":-0.0025},{"colName":"loan","coefficient":-0.003},{"colName":"last_payment_made","coefficient":-0.0756},{"colName":"loan_id","coefficient":-0.233},{"colName":"monthly_installment","coefficient":-0.6455},{"colName":"no_of_emi_missed","coefficient":-1.9658},{"colName":"no_of_ptp_honoured","coefficient":-19.6797},{"colName":"int_rate","coefficient":-140.6018}]},"trainPipeFilePath":"task_pipeline-1650262232.pkl","hptPreference":null,"reTrainFileId":null,"isDataSplitted":true,"status":"success","idealPersona":null,"transformedDatasetPath":"transformed_data_dict-1650262232.pkl","edaId":null,"createdAt":"2022-04-18T06:10:32.983Z","__v":0},{"_id":"625d00d9c73e7b0023477b3b","createdBy":"6239c25c5c84bb00c656c07c","projectId":"625914a664a5fc001830911b","trainingId":"625d00d8c73e7b0023477b37","modelMetaData":{"modelTuning":null,"algoName":"Decision Tree Regression","modelPath":"decision_tree_regression-1650262232.sav","dev":{"testScore":0.9020324227169825,"losses":[{"name":"Mean Square Error","value":2224924.3},{"name":"Mean Absolute Error","value":653.39},{"name":"Root Mean Square Error","value":1491.62},{"name":"Median Square Error","value":0},{"name":"Mean Square Log Error","value":0.03}],"rSquared":0.9017369149048976,"adjustedRsq":0.897320596473657,"overallScore":0.6693550534550873,"varianceIFactor":0.9023279305290675},"holdout":{"testScore":0.9040304060492497,"losses":[{"name":"Mean Square Error","value":2898646.58},{"name":"Mean Absolute Error","value":717.47},{"name":"Root Mean Square Error","value":1702.54},{"name":"Median Square Error","value":0},{"name":"Mean Square Log Error","value":0.04}],"rSquared":0.9037273219513094,"adjustedRsq":0.8997675202834969,"overallScore":0.6658266893714194,"varianceIFactor":0.90433349014719},"timeElapsed":0.4893959164619446,"bestParams":{"hpt":[{"name":"criterion","data":"squared_error"},{"name":"splitter","data":"best"},{"name":"max_depth","data":null},{"name":"min_samples_split","data":2},{"name":"min_samples_leaf","data":1},{"name":"min_weight_fraction_leaf","data":0},{"name":"max_features","data":null},{"name":"max_leaf_nodes","data":null},{"name":"min_impurity_decrease","data":0}]},"featureImportance":[{"colName":"amount_paid","importance":0.0074},{"colName":"avg_ptp_amt_dishonoured","importance":0.2546},{"colName":"avg_ptp_amt_honoured","importance":0.0534},{"colName":"income","importance":0.0077},{"colName":"int_rate","importance":0.0018},{"colName":"last_payment_made","importance":0.0092},{"colName":"loan","importance":0.0217},{"colName":"loan_id","importance":0.0143},{"colName":"loan_term","importance":0.0038},{"colName":"monthly_installment","importance":0.0278},{"colName":"no_of_emi_missed","importance":0.0082},{"colName":"no_of_emi_paid","importance":0.003},{"colName":"no_of_ptp_honoured","importance":0.0039},{"colName":"no_of_ptp_made","importance":0.0029},{"colName":"outstanding_amount","importance":0.003},{"colName":"proposedinstallment","importance":0.5774}]},"trainPipeFilePath":"task_pipeline-1650262232.pkl","hptPreference":null,"reTrainFileId":null,"isDataSplitted":true,"status":"success","idealPersona":null,"transformedDatasetPath":"transformed_data_dict-1650262232.pkl","edaId":null,"createdAt":"2022-04-18T06:10:33.168Z","__v":0},{"_id":"625d00d9c73e7b0023477b3d","createdBy":"6239c25c5c84bb00c656c07c","projectId":"625914a664a5fc001830911b","trainingId":"625d00d8c73e7b0023477b37","modelMetaData":{"modelTuning":null,"algoName":"XGBoost Regression","modelPath":"xgboost_regression-1650262233.sav","dev":{"testScore":0.9038955353883742,"losses":[{"name":"Mean Square Error","value":2176951.01},{"name":"Mean Absolute Error","value":1113.11},{"name":"Root Mean Square Error","value":1475.45},{"name":"Median Square Error","value":849.95},{"name":"Mean Square Log Error","value":0.03}],"rSquared":0.9038556404010036,"adjustedRsq":0.8995345455875656,"overallScore":0.6340675695273967,"varianceIFactor":0.9039354303757449},"holdout":{"testScore":0.9172437459643371,"losses":[{"name":"Mean Square Error","value":2492094.75},{"name":"Mean Absolute Error","value":1122.77},{"name":"Root Mean Square Error","value":1578.64},{"name":"Median Square Error","value":808.22},{"name":"Mean Square Log Error","value":0.03}],"rSquared":0.9172301179218401,"adjustedRsq":0.9138257011782653,"overallScore":0.6439734916385033,"varianceIFactor":0.9172573740068342},"timeElapsed":0.3634358048439026,"bestParams":{"hpt":[{"name":"max_depth","data":3},{"name":"learning_rate","data":0.1},{"name":"n_estimators","data":100},{"name":"colsample_bytree","data":1},{"name":"gamma","data":0},{"name":"subsample","data":1},{"name":"reg_alpha","data":0},{"name":"scale_pos_weight","data":1}]},"featureImportance":[{"colName":"amount_paid","importance":0.005900000222027302},{"colName":"avg_ptp_amt_dishonoured","importance":0.17990000545978546},{"colName":"avg_ptp_amt_honoured","importance":0.03750000149011612},{"colName":"income","importance":0.004100000020116568},{"colName":"int_rate","importance":0.0038999998942017555},{"colName":"last_payment_made","importance":0.10450000315904617},{"colName":"loan","importance":0.013799999840557575},{"colName":"loan_id","importance":0.006200000178068876},{"colName":"loan_term","importance":0.005100000184029341},{"colName":"monthly_installment","importance":0.10119999945163727},{"colName":"no_of_emi_missed","importance":0.0052999998442828655},{"colName":"no_of_emi_paid","importance":0.008299999870359898},{"colName":"no_of_ptp_honoured","importance":0.002899999963119626},{"colName":"no_of_ptp_made","importance":0.00570000009611249},{"colName":"outstanding_amount","importance":0.004800000227987766},{"colName":"proposedinstallment","importance":0.510699987411499}]},"trainPipeFilePath":"task_pipeline-1650262232.pkl","hptPreference":null,"reTrainFileId":null,"isDataSplitted":true,"status":"success","idealPersona":null,"transformedDatasetPath":"transformed_data_dict-1650262232.pkl","edaId":null,"createdAt":"2022-04-18T06:10:33.587Z","__v":0}]