[{"fileEncoding":"utf_8","isDeleted":false,"_id":"625914e664a5fc001830911f","createdBy":"6239c25c5c84bb00c656c07c","dataGroupId":"625914a664a5fc001830911c","filename":"upload-PTP_right_amt_to_ask_train--1650005222015.xlsx","fileSize":"64238","fileSource":"upload","projectId":"625914a664a5fc001830911b","parsed":true,"message":"Valid data","updatedAt":"2022-04-15T06:47:02.537Z","createdAt":"2022-04-15T06:47:02.537Z","__v":0},{"fileEncoding":"utf_8","isDeleted":false,"_id":"625914ee64a5fc0018309121","createdBy":"6239c25c5c84bb00c656c07c","dataGroupId":"625914a664a5fc001830911c","filename":"upload-PTP_right_amt_to_ask_test-1650005229751.xlsx","fileSize":"68011","fileSource":"upload","projectId":"625914a664a5fc001830911b","parsed":true,"message":"Valid data","updatedAt":"2022-04-15T06:47:10.407Z","createdAt":"2022-04-15T06:47:10.407Z","__v":0}]