[{"sampling":"none","dropOriginal":false,"_id":"625d00d8c73e7b0023477b37","targetType":"Continuous","originalFileId":"625916b664a5fc001830917b","depVariable":"avg_ptp_amt_asked","indepVariable":[{"colName":"loan_id"},{"colName":"loan"},{"colName":"loan_term"},{"colName":"income"},{"colName":"int_rate"},{"colName":"monthly_installment"},{"colName":"proposedinstallment"},{"colName":"no_of_emi_paid"},{"colName":"no_of_emi_missed"},{"colName":"no_of_ptp_made"},{"colName":"no_of_ptp_honoured"},{"colName":"avg_ptp_amt_honoured"},{"colName":"avg_ptp_amt_dishonoured"},{"colName":"amount_paid"},{"colName":"outstanding_amount"},{"colName":"last_payment_made"}],"algorithms":["Linear Regression","Decision Tree Regression","XGBoost Regression"],"algoType":"regression","isMultilabel":false,"edaId":"625916dd64a5fc001830917f","problemType":"predictive_modeling","autoFeatureGenTasks":null,"ordinalEncoderMap":[],"classNames":null,"predictiveModelingInfo":{"featuresToTransform":[],"applyToTarget":false,"decomposition":"none","components":2,"featureSelectionMethod":"none","scoringFunction":"none","featurePercentage":70,"nFeaturesToSelect":70,"step":"none","customFeatures":[],"featureScaling":"none","normalizationMethod":"none","featureSelectionEstimator":"none","featureSelectionStep":"none","featureSelectionCV":"none"},"nlpConfigs":[],"createdBy":"6239c25c5c84bb00c656c07c","projectId":"625914a664a5fc001830911b","fileEncoding":"utf_8","name":"Model : Right Amount To Ask","metaInfo":{"fileName":"merged-PTP_right_amt_to_ask_train-1650005686.pkl"},"noOfFeatures":16,"afterEdaFileId":"625916b664a5fc001830917b","createdAt":"2022-04-18T06:10:32.556Z","__v":1}]