[
  {
    "name": "aiohttp",
    "version": "3.8.3"
  },
  {
    "name": "aiosignal",
    "version": "1.2.0"
  },
  {
    "name": "ansiwrap",
    "version": "0.8.4"
  },
  {
    "name": "appnope",
    "version": "0.1.3"
  },
  {
    "name": "astunparse",
    "version": "1.6.3"
  },
  {
    "name": "async-timeout",
    "version": "4.0.2"
  },
  {
    "name": "asynctest",
    "version": "0.13.0"
  },
  {
    "name": "attrs",
    "version": "22.1.0"
  },
  {
    "name": "backcall",
    "version": "0.2.0"
  },
  {
    "name": "black",
    "version": "21.9b0"
  },
  {
    "name": "blis",
    "version": "0.7.8"
  },
  {
    "name": "cachetools",
    "version": "4.2.4"
  },
  {
    "name": "catalogue",
    "version": "2.0.8"
  },
  {
    "name": "category-encoders",
    "version": "2.2.2"
  },
  {
    "name": "certifi",
    "version": "2022.9.24"
  },
  {
    "name": "cffi",
    "version": "1.15.1"
  },
  {
    "name": "chardet",
    "version": "3.0.4"
  },
  {
    "name": "charset-normalizer",
    "version": "2.1.1"
  },
  {
    "name": "click",
    "version": "7.1.2"
  },
  {
    "name": "cmdstanpy",
    "version": "0.9.68"
  },
  {
    "name": "colorama",
    "version": "0.4.5"
  },
  {
    "name": "colorlover",
    "version": "0.3.0"
  },
  {
    "name": "contractions",
    "version": "0.0.18"
  },
  {
    "name": "convertdate",
    "version": "2.4.0"
  },
  {
    "name": "cufflinks",
    "version": "0.17.3"
  },
  {
    "name": "cycler",
    "version": "0.11.0"
  },
  {
    "name": "cymem",
    "version": "2.0.6"
  },
  {
    "name": "cython",
    "version": "0.29.32"
  },
  {
    "name": "darts",
    "version": "0.18.0"
  },
  {
    "name": "data_management-0.1.0-py3-none-any.whl",
    "version": null
  },
  {
    "name": "debugpy",
    "version": "1.6.3"
  },
  {
    "name": "decorator",
    "version": "5.1.1"
  },
  {
    "name": "emot",
    "version": "2.1"
  },
  {
    "name": "en-core-web-sm @ https://github.com/explosion/spacy-models/releases/download/en_core_web_sm-3.0.0/en_core_web_sm-3.0.0-py3-none-any.whl ",
    "version": null
  },
  {
    "name": "entrypoints",
    "version": "0.4"
  },
  {
    "name": "ephem",
    "version": "4.1.3"
  },
  {
    "name": "et-xmlfile",
    "version": "1.1.0"
  },
  {
    "name": "fastjsonschema",
    "version": "2.16.2"
  },
  {
    "name": "fbprophet",
    "version": "0.5"
  },
  {
    "name": "filelock",
    "version": "3.8.0"
  },
  {
    "name": "flashtext",
    "version": "2.7"
  },
  {
    "name": "flask-cors",
    "version": "3.0.8"
  },
  {
    "name": "flask",
    "version": "1.0.2"
  },
  {
    "name": "frozenlist",
    "version": "1.3.1"
  },
  {
    "name": "fsspec",
    "version": "2022.8.2"
  },
  {
    "name": "gast",
    "version": "0.3.3"
  },
  {
    "name": "gensim",
    "version": "4.0.0"
  },
  {
    "name": "glove-python-binary",
    "version": "0.2.0"
  },
  {
    "name": "google-auth-oauthlib",
    "version": "0.4.6"
  },
  {
    "name": "google-auth",
    "version": "1.35.0"
  },
  {
    "name": "google-pasta",
    "version": "0.2.0"
  },
  {
    "name": "grpcio",
    "version": "1.49.1"
  },
  {
    "name": "h5py",
    "version": "2.10.0"
  },
  {
    "name": "hijri-converter",
    "version": "2.2.4"
  },
  {
    "name": "holidays",
    "version": "0.13"
  },
  {
    "name": "huggingface-hub",
    "version": "0.0.12"
  },
  {
    "name": "idna",
    "version": "2.10"
  },
  {
    "name": "imbalanced-learn",
    "version": "0.6.2"
  },
  {
    "name": "importlib-metadata",
    "version": "5.0.0"
  },
  {
    "name": "importlib-resources",
    "version": "5.10.0"
  },
  {
    "name": "information_extraction-0.1.0-py3-none-any.whl",
    "version": null
  },
  {
    "name": "ipykernel",
    "version": "6.16.0"
  },
  {
    "name": "ipython",
    "version": "7.34.0"
  },
  {
    "name": "ipywidgets",
    "version": "8.0.2"
  },
  {
    "name": "itsdangerous",
    "version": "2.0.1"
  },
  {
    "name": "jdcal",
    "version": "1.4.1"
  },
  {
    "name": "jedi",
    "version": "0.18.1"
  },
  {
    "name": "jinja2",
    "version": "3.0.1"
  },
  {
    "name": "joblib",
    "version": "1.2.0"
  },
  {
    "name": "jsonschema",
    "version": "4.16.0"
  },
  {
    "name": "jupyter-client",
    "version": "7.3.5"
  },
  {
    "name": "jupyter-core",
    "version": "4.11.1"
  },
  {
    "name": "jupyterlab-widgets",
    "version": "3.0.3"
  },
  {
    "name": "keras-applications",
    "version": "1.0.8"
  },
  {
    "name": "keras-preprocessing",
    "version": "1.1.2"
  },
  {
    "name": "keras",
    "version": "2.2.4"
  },
  {
    "name": "kiwisolver",
    "version": "1.4.4"
  },
  {
    "name": "korean-lunar-calendar",
    "version": "0.3.1"
  },
  {
    "name": "lightgbm",
    "version": "3.1.0"
  },
  {
    "name": "logger_utils-0.1.0-py3-none-any.whl",
    "version": null
  },
  {
    "name": "lunarcalendar",
    "version": "0.0.9"
  },
  {
    "name": "lunardate",
    "version": "0.2.0"
  },
  {
    "name": "lxml",
    "version": "4.3.2"
  },
  {
    "name": "markdown",
    "version": "3.4.1"
  },
  {
    "name": "markupsafe",
    "version": "2.1.1"
  },
  {
    "name": "matplotlib-inline",
    "version": "0.1.6"
  },
  {
    "name": "matplotlib",
    "version": "3.3.3"
  },
  {
    "name": "mock",
    "version": "4.0.3"
  },
  {
    "name": "multidict",
    "version": "6.0.2"
  },
  {
    "name": "murmurhash",
    "version": "1.0.8"
  },
  {
    "name": "mypy-extensions",
    "version": "0.4.3"
  },
  {
    "name": "mysql-connector-python-rf",
    "version": "2.2.2"
  },
  {
    "name": "nbclient",
    "version": "0.7.0"
  },
  {
    "name": "nbformat",
    "version": "5.7.0"
  },
  {
    "name": "nest-asyncio",
    "version": "1.5.6"
  },
  {
    "name": "networkx",
    "version": "2.6.3"
  },
  {
    "name": "nfoursid",
    "version": "1.0.1"
  },
  {
    "name": "nltk",
    "version": "3.5"
  },
  {
    "name": "numpy",
    "version": "1.19.1"
  },
  {
    "name": "oauthlib",
    "version": "3.2.1"
  },
  {
    "name": "openpyxl",
    "version": "3.0.4"
  },
  {
    "name": "opt-einsum",
    "version": "3.3.0"
  },
  {
    "name": "packaging",
    "version": "21.3"
  },
  {
    "name": "pandas",
    "version": "1.1.5"
  },
  {
    "name": "papermill",
    "version": "2.2.0"
  },
  {
    "name": "parso",
    "version": "0.8.3"
  },
  {
    "name": "pathspec",
    "version": "0.10.1"
  },
  {
    "name": "pathy",
    "version": "0.6.2"
  },
  {
    "name": "patsy",
    "version": "0.5.3"
  },
  {
    "name": "pexpect",
    "version": "4.8.0"
  },
  {
    "name": "pickleshare",
    "version": "0.7.5"
  },
  {
    "name": "pillow",
    "version": "9.2.0"
  },
  {
    "name": "pipeline_helpers-0.1.0-py3-none-any.whl",
    "version": null
  },
  {
    "name": "pkgutil-resolve-name",
    "version": "1.3.10"
  },
  {
    "name": "platformdirs",
    "version": "2.5.2"
  },
  {
    "name": "plotly",
    "version": "4.11.0"
  },
  {
    "name": "plotting-0.1.0-py3-none-any.whl",
    "version": null
  },
  {
    "name": "pmdarima",
    "version": "1.8.2"
  },
  {
    "name": "preshed",
    "version": "3.0.7"
  },
  {
    "name": "prompt-toolkit",
    "version": "3.0.31"
  },
  {
    "name": "prophet",
    "version": "1.0.1"
  },
  {
    "name": "protobuf",
    "version": "3.20.1"
  },
  {
    "name": "psutil",
    "version": "5.9.2"
  },
  {
    "name": "psycopg2-binary",
    "version": "2.8.4"
  },
  {
    "name": "ptyprocess",
    "version": "0.7.0"
  },
  {
    "name": "py",
    "version": "1.11.0"
  },
  {
    "name": "pyarrow",
    "version": "9.0.0"
  },
  {
    "name": "pyasn1-modules",
    "version": "0.2.8"
  },
  {
    "name": "pyasn1",
    "version": "0.4.8"
  },
  {
    "name": "pycparser",
    "version": "2.21"
  },
  {
    "name": "pycrypto",
    "version": "2.6.1"
  },
  {
    "name": "pydantic",
    "version": "1.7.4"
  },
  {
    "name": "pydeprecate",
    "version": "0.3.2"
  },
  {
    "name": "pygments",
    "version": "2.13.0"
  },
  {
    "name": "pymeeus",
    "version": "0.5.11"
  },
  {
    "name": "pymssql",
    "version": "2.1.4"
  },
  {
    "name": "pyparsing",
    "version": "3.0.9"
  },
  {
    "name": "pyrsistent",
    "version": "0.18.1"
  },
  {
    "name": "pystan",
    "version": "2.19.1.1"
  },
  {
    "name": "python-dateutil",
    "version": "2.8.2"
  },
  {
    "name": "pytorch-lightning",
    "version": "1.6.5"
  },
  {
    "name": "pytz",
    "version": "2022.4"
  },
  {
    "name": "pywin32",
    "version": "304"
  },
  {
    "name": "pyyaml",
    "version": "6.0"
  },
  {
    "name": "pyzmq",
    "version": "24.0.1"
  },
  {
    "name": "regex",
    "version": "2022.9.13"
  },
  {
    "name": "requests-oauthlib",
    "version": "1.3.1"
  },
  {
    "name": "requests",
    "version": "2.25.0"
  },
  {
    "name": "retrying",
    "version": "1.3.3"
  },
  {
    "name": "rsa",
    "version": "4.9"
  },
  {
    "name": "sacremoses",
    "version": "0.0.53"
  },
  {
    "name": "scattertext",
    "version": "0.1.6"
  },
  {
    "name": "scikit-learn",
    "version": "1.0.2"
  },
  {
    "name": "scipy",
    "version": "1.4.1"
  },
  {
    "name": "scrapbook",
    "version": "0.5.0"
  },
  {
    "name": "sentencepiece",
    "version": "0.1.96"
  },
  {
    "name": "setuptools-git",
    "version": "1.2"
  },
  {
    "name": "six",
    "version": "1.16.0"
  },
  {
    "name": "smart-open",
    "version": "5.2.1"
  },
  {
    "name": "spacy-legacy",
    "version": "3.0.10"
  },
  {
    "name": "spacy",
    "version": "3.0.3"
  },
  {
    "name": "srsly",
    "version": "2.4.4"
  },
  {
    "name": "statsmodels",
    "version": "0.13.2"
  },
  {
    "name": "tabular_data-0.1.0-py3-none-any.whl",
    "version": null
  },
  {
    "name": "tbats",
    "version": "1.1.1"
  },
  {
    "name": "tenacity",
    "version": "8.1.0"
  },
  {
    "name": "tensorboard-plugin-wit",
    "version": "1.8.1"
  },
  {
    "name": "tensorboard",
    "version": "2.2.2"
  },
  {
    "name": "tensorflow-estimator",
    "version": "2.2.0"
  },
  {
    "name": "tensorflow",
    "version": "2.2.0"
  },
  {
    "name": "termcolor",
    "version": "2.0.1"
  },
  {
    "name": "textblob",
    "version": "0.15.3"
  },
  {
    "name": "textwrap3",
    "version": "0.9.2"
  },
  {
    "name": "thinc",
    "version": "8.0.17"
  },
  {
    "name": "threadpoolctl",
    "version": "3.1.0"
  },
  {
    "name": "tokenizers",
    "version": "0.10.3"
  },
  {
    "name": "tomli",
    "version": "1.2.3"
  },
  {
    "name": "torch",
    "version": "1.9.0"
  },
  {
    "name": "torchmetrics",
    "version": "0.10.0"
  },
  {
    "name": "tornado",
    "version": "6.2"
  },
  {
    "name": "tqdm",
    "version": "4.64.1"
  },
  {
    "name": "traitlets",
    "version": "5.4.0"
  },
  {
    "name": "transformers",
    "version": "4.9.2"
  },
  {
    "name": "typed-ast",
    "version": "1.5.4"
  },
  {
    "name": "typer",
    "version": "0.3.2"
  },
  {
    "name": "typing-extensions",
    "version": "4.1.1"
  },
  {
    "name": "ujson",
    "version": "5.5.0"
  },
  {
    "name": "urllib3",
    "version": "1.26.12"
  },
  {
    "name": "utilities-0.1.0-py3-none-any.whl",
    "version": null
  },
  {
    "name": "wasabi",
    "version": "0.10.1"
  },
  {
    "name": "wcwidth",
    "version": "0.2.5"
  },
  {
    "name": "werkzeug",
    "version": "2.2.2"
  },
  {
    "name": "widgetsnbextension",
    "version": "4.0.3"
  },
  {
    "name": "wrapt",
    "version": "1.14.1"
  },
  {
    "name": "xarray",
    "version": "0.20.2"
  },
  {
    "name": "xgboost",
    "version": "1.2.1"
  },
  {
    "name": "xlrd",
    "version": "1.2.0"
  },
  {
    "name": "yarl",
    "version": "1.6.3"
  },
  {
    "name": "zipp",
    "version": "3.9.0"
  }
]
