predValue,actualValue,sepal_length,sepal_width,petal_length,petal_width
Irisversicolor,Irisversicolor,5.5,2.5,4.0,1.3
Irisversicolor,Irisversicolor,5.8,2.7,4.1,1.0
Irisvirginica,Irisvirginica,6.7,3.3,5.7,2.5
Irisversicolor,Irisversicolor,5.9,3.0,4.2,1.5
Irisversicolor,Irisversicolor,5.1,2.5,3.0,1.1
Irisvirginica,Irisvirginica,7.7,2.6,6.9,2.3
Irisvirginica,Irisvirginica,6.5,3.0,5.2,2.0
Irisvirginica,Irisvirginica,6.3,3.3,6.0,2.5
Irisversicolor,Irisversicolor,5.7,2.8,4.5,1.3
Irissetosa,Irissetosa,5.4,3.9,1.7,0.4
Irissetosa,Irissetosa,4.8,3.0,1.4,0.1
Irisvirginica,Irisversicolor,6.7,3.0,5.0,1.7
Irisvirginica,Irisvirginica,5.8,2.7,5.1,1.9
Irissetosa,Irissetosa,5.1,3.8,1.6,0.2
Irisvirginica,Irisvirginica,7.4,2.8,6.1,1.9
Irisvirginica,Irisvirginica,6.9,3.1,5.4,2.1
Irissetosa,Irissetosa,5.1,3.5,1.4,0.2
Irisversicolor,Irisversicolor,6.4,3.2,4.5,1.5
Irissetosa,Irissetosa,4.9,3.0,1.4,0.2
Irisversicolor,Irisversicolor,5.5,2.4,3.7,1.0
Irissetosa,Irissetosa,4.9,3.1,1.5,0.1
Irisvirginica,Irisvirginica,7.2,3.0,5.8,1.6
Irisversicolor,Irisversicolor,7.0,3.2,4.7,1.4
Irisversicolor,Irisversicolor,5.5,2.6,4.4,1.2
Irisvirginica,Irisvirginica,6.3,2.7,4.9,1.8
Irissetosa,Irissetosa,5.1,3.3,1.7,0.5
Irissetosa,Irissetosa,4.9,3.1,1.5,0.1
Irissetosa,Irissetosa,5.1,3.7,1.5,0.4
Irisvirginica,Irisvirginica,6.5,3.2,5.1,2.0
Irissetosa,Irissetosa,5.0,3.5,1.3,0.3
