[{"_id":"625cebc1c73e7b0023477ac5","projectId":"625cebc1c73e7b0023477ac3","userId":"6239c25c5c84bb00c656c07c","level":"info","message":"project directory created","createdAt":"2022-04-18T04:40:33.538Z","__v":0},{"_id":"625cec4bc73e7b0023477ac9","projectId":"625cebc1c73e7b0023477ac3","userId":"6239c25c5c84bb00c656c07c","level":"info","message":"generating advanced report for data file","createdAt":"2022-04-18T04:42:51.881Z","__v":0},{"_id":"625ced11c73e7b0023477acb","projectId":"625cebc1c73e7b0023477ac3","userId":"6239c25c5c84bb00c656c07c","level":"error","message":"Initialized eda progress.","createdAt":"2022-04-18T04:46:09.332Z","__v":0},{"_id":"625ced11c73e7b0023477acc","projectId":"625cebc1c73e7b0023477ac3","userId":"6239c25c5c84bb00c656c07c","level":"info","message":"auto Eda started","createdAt":"2022-04-18T04:46:09.332Z","__v":0},{"_id":"625ced12c73e7b0023477ace","projectId":"625cebc1c73e7b0023477ac3","userId":"6239c25c5c84bb00c656c07c","level":"info","message":"eda eda completed and data saved to database","createdAt":"2022-04-18T04:46:10.869Z","__v":0},{"_id":"625ced15c73e7b0023477acf","projectId":"625cebc1c73e7b0023477ac3","userId":"6239c25c5c84bb00c656c07c","level":"info","message":"Listing models","createdAt":"2022-04-18T04:46:13.438Z","__v":0},{"_id":"625ced60c73e7b0023477ad1","projectId":"625cebc1c73e7b0023477ac3","userId":"6239c25c5c84bb00c656c07c","level":"info","message":"Training started","createdAt":"2022-04-18T04:47:28.135Z","__v":0},{"_id":"625ced61c73e7b0023477ad4","projectId":"625cebc1c73e7b0023477ac3","userId":"6239c25c5c84bb00c656c07c","level":"info","message":"Listing trainings","createdAt":"2022-04-18T04:47:29.336Z","__v":0},{"_id":"625ced61c73e7b0023477ad5","projectId":"625cebc1c73e7b0023477ac3","userId":"6239c25c5c84bb00c656c07c","level":"info","message":"Listing trainings","createdAt":"2022-04-18T04:47:29.386Z","__v":0},{"_id":"625ceda0c73e7b0023477ad9","projectId":"625cebc1c73e7b0023477ac3","userId":"6239c25c5c84bb00c656c07c","level":"info","message":"Listing trainings","createdAt":"2022-04-18T04:48:32.433Z","__v":0},{"_id":"625cf35ac73e7b0023477adb","projectId":"625cebc1c73e7b0023477ac3","userId":"6239c25c5c84bb00c656c07c","level":"info","message":"Listing models","createdAt":"2022-04-18T05:12:58.082Z","__v":0},{"_id":"625cf35dc73e7b0023477adc","projectId":"625cebc1c73e7b0023477ac3","userId":"6239c25c5c84bb00c656c07c","level":"info","message":"Listing trainings","createdAt":"2022-04-18T05:13:01.376Z","__v":0},{"_id":"625cf3dfc73e7b0023477add","projectId":"625cebc1c73e7b0023477ac3","userId":"6239c25c5c84bb00c656c07c","level":"info","message":"Listing models","createdAt":"2022-04-18T05:15:11.473Z","__v":0},{"_id":"625cf3e4c73e7b0023477adf","projectId":"625cebc1c73e7b0023477ac3","userId":"6239c25c5c84bb00c656c07c","level":"info","message":"Training started","createdAt":"2022-04-18T05:15:16.045Z","__v":0},{"_id":"625cf3e5c73e7b0023477ae1","projectId":"625cebc1c73e7b0023477ac3","userId":"6239c25c5c84bb00c656c07c","level":"info","message":"Listing trainings","createdAt":"2022-04-18T05:15:17.257Z","__v":0},{"_id":"625cf3e6c73e7b0023477ae7","projectId":"625cebc1c73e7b0023477ac3","userId":"6239c25c5c84bb00c656c07c","level":"info","message":"Listing trainings","createdAt":"2022-04-18T05:15:18.640Z","__v":0},{"_id":"625cf9a2c73e7b0023477aea","projectId":"625cebc1c73e7b0023477ac3","userId":"6239c25c5c84bb00c656c07c","level":"info","message":"Listing models","createdAt":"2022-04-18T05:39:46.951Z","__v":0},{"_id":"625cf9a4c73e7b0023477aeb","projectId":"625cebc1c73e7b0023477ac3","userId":"6239c25c5c84bb00c656c07c","level":"info","message":"Listing trainings","createdAt":"2022-04-18T05:39:48.862Z","__v":0},{"_id":"625d02d7c73e7b0023477b4c","projectId":"625cebc1c73e7b0023477ac3","userId":"6239c25c5c84bb00c656c07c","level":"info","message":"Listing models","createdAt":"2022-04-18T06:19:03.982Z","__v":0},{"_id":"625d3022f60f4d00189096ac","projectId":"625cebc1c73e7b0023477ac3","userId":"6239c25c5c84bb00c656c07c","level":"info","message":"Listing trainings","createdAt":"2022-04-18T09:32:18.021Z","__v":0},{"_id":"625d39e5f60f4d00189096b0","projectId":"625cebc1c73e7b0023477ac3","userId":"6239c25c5c84bb00c656c07c","level":"info","message":"Listing models","createdAt":"2022-04-18T10:13:57.120Z","__v":0},{"_id":"625d39e8f60f4d00189096b1","projectId":"625cebc1c73e7b0023477ac3","userId":"6239c25c5c84bb00c656c07c","level":"info","message":"Listing trainings","createdAt":"2022-04-18T10:14:00.265Z","__v":0},{"_id":"625d39f3f60f4d00189096b2","projectId":"625cebc1c73e7b0023477ac3","userId":"6239c25c5c84bb00c656c07c","level":"info","message":"Model data removed","createdAt":"2022-04-18T10:14:11.070Z","__v":0},{"_id":"625d39fcf60f4d00189096b3","projectId":"625cebc1c73e7b0023477ac3","userId":"6239c25c5c84bb00c656c07c","level":"info","message":"Model data removed","createdAt":"2022-04-18T10:14:20.410Z","__v":0}]