[{"isHighDimensional":false,"usingGPU":false,"tasks":[{"currentPipelineFilename":"eda_pipeline-1650257170.pkl","type":"eda","parentPipelineFilename":null}],"_id":"625ced12c73e7b0023477acd","fileId":"625cec45c73e7b0023477ac8","dataSetInfo":{"trainSize":61,"devSize":19,"holdoutSize":20,"holdoutFilename":"none","splitDateWise":false},"depVariable":"construction_cost","algoType":"regression","isMultilabel":false,"paragraphColNames":[],"datetimeColumnName":[],"blankColumn":[],"correctedData":"imputed_dataset-1650257170.csv","imputedDatasetFilepath":"temp_eda-1650257170.csv","outlierPreviewFilepath":"outlier_imputed_dataset-1650257170.csv","indexPath":"indexes-1650257170.pkl","edaSummary":[{"missing":0,"unique":17,"max":88,"median":82,"min":72,"std":4.18214,"mean":81.48387,"missingProportion":0,"mostlyMissing":false,"colName":"start_year","outlierCorrectionStrategy":"Ignore outlier","outlierDetectionStrategy":"Inter-Quartile Range","imputationStrategy":"Median","isVarTypeChanged":false,"outlierCount":0,"constantFeature":false,"customVarType":"Integer","dataType":"Integer","dateComponent":[]},{"missing":0,"unique":4,"max":4,"median":2,"min":1,"std":1.08338,"mean":2.19086,"missingProportion":0,"mostlyMissing":false,"colName":"start_quarter","outlierCorrectionStrategy":"Ignore outlier","outlierDetectionStrategy":"Inter-Quartile Range","imputationStrategy":"Median","isVarTypeChanged":false,"outlierCount":0,"constantFeature":false,"customVarType":"Integer","dataType":"Integer","dateComponent":[]},{"missing":0,"unique":18,"max":90,"median":84,"min":73,"std":4.2239,"mean":82.95161,"missingProportion":0,"mostlyMissing":false,"colName":"completion_year","outlierCorrectionStrategy":"Ignore outlier","outlierDetectionStrategy":"Inter-Quartile Range","imputationStrategy":"Median","isVarTypeChanged":false,"outlierCount":0,"constantFeature":false,"customVarType":"Integer","dataType":"Integer","dateComponent":[]},{"missing":0,"unique":4,"max":4,"median":3,"min":1,"std":1.12344,"mean":2.58602,"missingProportion":0,"mostlyMissing":false,"colName":"completion_quarter","outlierCorrectionStrategy":"Ignore outlier","outlierDetectionStrategy":"Inter-Quartile Range","imputationStrategy":"Median","isVarTypeChanged":false,"outlierCount":0,"constantFeature":false,"customVarType":"Integer","dataType":"Integer","dateComponent":[]},{"missing":0,"unique":20,"max":20,"median":8,"min":1,"std":6.56331,"mean":9.72849,"missingProportion":0,"mostlyMissing":false,"colName":"zip_code","outlierCorrectionStrategy":"Ignore outlier","outlierDetectionStrategy":"Inter-Quartile Range","imputationStrategy":"Median","isVarTypeChanged":false,"outlierCount":0,"constantFeature":false,"customVarType":"Integer","dataType":"Integer","dateComponent":[]},{"missing":0,"unique":216,"max":15670,"median":1220,"min":200,"std":1802.37146,"mean":1729.04431,"missingProportion":0,"mostlyMissing":false,"colName":"total_floor_area_","outlierCorrectionStrategy":"Ignore outlier","outlierDetectionStrategy":"Inter-Quartile Range","imputationStrategy":"Mean","isVarTypeChanged":false,"outlierCount":17,"constantFeature":false,"customVarType":"Decimal","dataType":"Decimal","dateComponent":[]},{"missing":0,"unique":105,"max":5000,"median":300,"min":60,"std":490.07651,"mean":426.11426,"missingProportion":0,"mostlyMissing":false,"colName":"lot_area","outlierCorrectionStrategy":"Ignore outlier","outlierDetectionStrategy":"Inter-Quartile Range","imputationStrategy":"Mean","isVarTypeChanged":false,"outlierCount":15,"constantFeature":false,"customVarType":"Decimal","dataType":"Decimal","dateComponent":[]},{"missing":0,"unique":337,"max":7208.2002,"median":164.7,"min":3.7,"std":563.54431,"mean":327.90408,"missingProportion":0,"mostlyMissing":false,"colName":"total_preliminary_estimated_construction_cost_at_the_beginning","outlierCorrectionStrategy":"Ignore outlier","outlierDetectionStrategy":"Inter-Quartile Range","imputationStrategy":"Mean","isVarTypeChanged":false,"outlierCount":18,"constantFeature":false,"customVarType":"Decimal","dataType":"Decimal","dateComponent":[]},{"missing":0,"unique":50,"max":640,"median":140,"min":10,"std":112.60434,"mean":163.11828,"missingProportion":0,"mostlyMissing":false,"colName":"preliminary_estimated_construction_cost_at_the_beginning","outlierCorrectionStrategy":"Ignore outlier","outlierDetectionStrategy":"Inter-Quartile Range","imputationStrategy":"Median","isVarTypeChanged":false,"outlierCount":5,"constantFeature":false,"customVarType":"Integer","dataType":"Integer","dateComponent":[]},{"missing":0,"unique":314,"max":3436.92993,"median":522.45499,"min":193.08,"std":275.10596,"mean":554.4198,"missingProportion":0,"mostlyMissing":false,"colName":"equivalent_preliminary_estimated_construction_at_the_beginning_of_theproject_in_a_selected_base_year","outlierCorrectionStrategy":"Ignore outlier","outlierDetectionStrategy":"Inter-Quartile Range","imputationStrategy":"Mean","isVarTypeChanged":false,"outlierCount":4,"constantFeature":false,"customVarType":"Decimal","dataType":"Decimal","dateComponent":[]},{"missing":0,"unique":16,"max":23,"median":6,"min":2,"std":2.0965,"mean":6.26613,"missingProportion":0,"mostlyMissing":false,"colName":"duration","outlierCorrectionStrategy":"Ignore outlier","outlierDetectionStrategy":"Inter-Quartile Range","imputationStrategy":"Median","isVarTypeChanged":false,"outlierCount":9,"constantFeature":false,"customVarType":"Integer","dataType":"Integer","dateComponent":[]},{"missing":0,"unique":121,"max":5700,"median":805,"min":40,"std":995.82617,"mean":1088.11828,"missingProportion":0,"mostlyMissing":false,"colName":"price_of_the_unit_at_the_beginning","outlierCorrectionStrategy":"Ignore outlier","outlierDetectionStrategy":"Inter-Quartile Range","imputationStrategy":"Median","isVarTypeChanged":false,"outlierCount":15,"constantFeature":false,"customVarType":"Integer","dataType":"Integer","dateComponent":[]},{"missing":0,"unique":66,"max":7196,"median":3629,"min":1562,"std":1776.64514,"mean":4210.99805,"missingProportion":0,"mostlyMissing":false,"colName":"number_of_building_permits_issued_in_t-1","outlierCorrectionStrategy":"Ignore outlier","outlierDetectionStrategy":"Inter-Quartile Range","imputationStrategy":"Mean","isVarTypeChanged":false,"outlierCount":0,"constantFeature":false,"customVarType":"Decimal","dataType":"Decimal","dateComponent":[]},{"missing":0,"unique":67,"max":274,"median":74.9,"min":12.1,"std":62.89143,"mean":94.42796,"missingProportion":0,"mostlyMissing":false,"colName":"bsi_in_t-1","outlierCorrectionStrategy":"Ignore outlier","outlierDetectionStrategy":"Inter-Quartile Range","imputationStrategy":"Mean","isVarTypeChanged":false,"outlierCount":0,"constantFeature":false,"customVarType":"Decimal","dataType":"Decimal","dateComponent":[]},{"missing":0,"unique":67,"max":225,"median":79.28,"min":10.03,"std":49.3643,"mean":88.05048,"missingProportion":0,"mostlyMissing":false,"colName":"wpi_of_building_materials_for_the_base_year_in_t-1","outlierCorrectionStrategy":"Ignore outlier","outlierDetectionStrategy":"Inter-Quartile Range","imputationStrategy":"Mean","isVarTypeChanged":false,"outlierCount":0,"constantFeature":false,"customVarType":"Decimal","dataType":"Decimal","dateComponent":[]},{"missing":0,"unique":65,"max":6.88,"median":3.25,"min":0.92,"std":1.61624,"mean":3.60532,"missingProportion":0,"mostlyMissing":false,"colName":"total_floor_area_of_building_permit_issued_iby_gov_in_t-1","outlierCorrectionStrategy":"Ignore outlier","outlierDetectionStrategy":"Inter-Quartile Range","imputationStrategy":"Mean","isVarTypeChanged":false,"outlierCount":0,"constantFeature":false,"customVarType":"Decimal","dataType":"Decimal","dateComponent":[]},{"missing":0,"unique":67,"max":2171922.75,"median":445458.34375,"min":38193.64062,"std":542163.75,"mean":641111.625,"missingProportion":0,"mostlyMissing":false,"colName":"cumulative_liquidity_in_t-1","outlierCorrectionStrategy":"Ignore outlier","outlierDetectionStrategy":"Inter-Quartile Range","imputationStrategy":"Mean","isVarTypeChanged":false,"outlierCount":0,"constantFeature":false,"customVarType":"Decimal","dataType":"Decimal","dateComponent":[]},{"missing":0,"unique":67,"max":18690.90039,"median":3819,"min":287.20001,"std":3947.15576,"mean":4805.55322,"missingProportion":0,"mostlyMissing":false,"colName":"private_sector_investment_in_new_buildings_in_t-1","outlierCorrectionStrategy":"Ignore outlier","outlierDetectionStrategy":"Inter-Quartile Range","imputationStrategy":"Mean","isVarTypeChanged":false,"outlierCount":14,"constantFeature":false,"customVarType":"Decimal","dataType":"Decimal","dateComponent":[]},{"missing":0,"unique":67,"max":319.38,"median":87.05,"min":13.6,"std":73.01541,"mean":98.67782,"missingProportion":0,"mostlyMissing":false,"colName":"land_price_index_in_t-1","outlierCorrectionStrategy":"Ignore outlier","outlierDetectionStrategy":"Inter-Quartile Range","imputationStrategy":"Mean","isVarTypeChanged":false,"outlierCount":14,"constantFeature":false,"customVarType":"Decimal","dataType":"Decimal","dateComponent":[]},{"missing":0,"unique":67,"max":432.39999,"median":162.75,"min":17.03,"std":110.71137,"mean":182.00212,"missingProportion":0,"mostlyMissing":false,"colName":"number_of_loans_extended_by_banks_in_t-1","outlierCorrectionStrategy":"Ignore outlier","outlierDetectionStrategy":"Inter-Quartile Range","imputationStrategy":"Mean","isVarTypeChanged":false,"outlierCount":0,"constantFeature":false,"customVarType":"Decimal","dataType":"Decimal","dateComponent":[]},{"missing":0,"unique":67,"max":73143.5,"median":10445.59961,"min":154.39999,"std":21313.73438,"mean":18861.35156,"missingProportion":0,"mostlyMissing":false,"colName":"amount_of_loans_extended_by_banks_in_t-1","outlierCorrectionStrategy":"Ignore outlier","outlierDetectionStrategy":"Inter-Quartile Range","imputationStrategy":"Mean","isVarTypeChanged":false,"outlierCount":0,"constantFeature":false,"customVarType":"Decimal","dataType":"Decimal","dateComponent":[]},{"missing":0,"unique":4,"max":15,"median":15,"min":11,"std":1.52622,"mean":14.06989,"missingProportion":0,"mostlyMissing":false,"colName":"intrest_rate_in_t-1","outlierCorrectionStrategy":"Ignore outlier","outlierDetectionStrategy":"Inter-Quartile Range","imputationStrategy":"Median","isVarTypeChanged":false,"outlierCount":48,"constantFeature":false,"customVarType":"Integer","dataType":"Integer","dateComponent":[]},{"missing":0,"unique":67,"max":4188.6499,"median":1023.70001,"min":170.3,"std":868.49127,"mean":1327.45837,"missingProportion":0,"mostlyMissing":false,"colName":"average_construction_cost_completion_of_project_in_t-1","outlierCorrectionStrategy":"Ignore outlier","outlierDetectionStrategy":"Inter-Quartile Range","imputationStrategy":"Mean","isVarTypeChanged":false,"outlierCount":0,"constantFeature":false,"customVarType":"Decimal","dataType":"Decimal","dateComponent":[]},{"missing":0,"unique":66,"max":4741.56006,"median":1203.30005,"min":211.10001,"std":957.24463,"mean":1466.26917,"missingProportion":0,"mostlyMissing":false,"colName":"average_of_construction_cost_beginning_of_project_in_t-1","outlierCorrectionStrategy":"Ignore outlier","outlierDetectionStrategy":"Inter-Quartile Range","imputationStrategy":"Mean","isVarTypeChanged":false,"outlierCount":2,"constantFeature":false,"customVarType":"Decimal","dataType":"Decimal","dateComponent":[]},{"missing":0,"unique":37,"max":9967.33008,"median":8209.89502,"min":1591.75,"std":3543.37598,"mean":5934.19482,"missingProportion":0,"mostlyMissing":false,"colName":"exchange_rate_in_t-1","outlierCorrectionStrategy":"Ignore outlier","outlierDetectionStrategy":"Inter-Quartile Range","imputationStrategy":"Mean","isVarTypeChanged":false,"outlierCount":0,"constantFeature":false,"customVarType":"Decimal","dataType":"Decimal","dateComponent":[]},{"missing":0,"unique":67,"max":10099.2998,"median":8393,"min":1601,"std":1987.19641,"mean":7805.0376,"missingProportion":0,"mostlyMissing":false,"colName":"non-official_exchange_rate_in_t-1","outlierCorrectionStrategy":"Ignore outlier","outlierDetectionStrategy":"Inter-Quartile Range","imputationStrategy":"Mean","isVarTypeChanged":false,"outlierCount":45,"constantFeature":false,"customVarType":"Decimal","dataType":"Decimal","dateComponent":[]},{"missing":0,"unique":67,"max":204.7,"median":84.46,"min":11.62,"std":45.77414,"mean":88.38013,"missingProportion":0,"mostlyMissing":false,"colName":"cpi_in_t-1","outlierCorrectionStrategy":"Ignore outlier","outlierDetectionStrategy":"Inter-Quartile Range","imputationStrategy":"Mean","isVarTypeChanged":false,"outlierCount":0,"constantFeature":false,"customVarType":"Decimal","dataType":"Decimal","dateComponent":[]},{"missing":0,"unique":67,"max":222.60001,"median":81.47,"min":10.06,"std":51.7339,"mean":87.07397,"missingProportion":0,"mostlyMissing":false,"colName":"cpi_of_housing,_water,_fuel,_and_power_in_t-1","outlierCorrectionStrategy":"Ignore outlier","outlierDetectionStrategy":"Inter-Quartile Range","imputationStrategy":"Mean","isVarTypeChanged":false,"outlierCount":0,"constantFeature":false,"customVarType":"Decimal","dataType":"Decimal","dateComponent":[]},{"missing":0,"unique":67,"max":13596.37012,"median":7334.78003,"min":354.54999,"std":4244.44629,"mean":6604.94482,"missingProportion":0,"mostlyMissing":false,"colName":"stock_market_index_in_t-1","outlierCorrectionStrategy":"Ignore outlier","outlierDetectionStrategy":"Inter-Quartile Range","imputationStrategy":"Mean","isVarTypeChanged":false,"outlierCount":0,"constantFeature":false,"customVarType":"Decimal","dataType":"Decimal","dateComponent":[]},{"missing":0,"unique":67,"max":50928,"median":26437.875,"min":8435.75,"std":13870.61133,"mean":28296.93555,"missingProportion":0,"mostlyMissing":false,"colName":"population_of_the_city_in_t-1","outlierCorrectionStrategy":"Ignore outlier","outlierDetectionStrategy":"Inter-Quartile Range","imputationStrategy":"Mean","isVarTypeChanged":false,"outlierCount":0,"constantFeature":false,"customVarType":"Decimal","dataType":"Decimal","dateComponent":[]},{"missing":0,"unique":67,"max":2606321,"median":825510.75,"min":141542.59375,"std":633013,"mean":1041556.375,"missingProportion":0,"mostlyMissing":false,"colName":"gold_price_in_t-1","outlierCorrectionStrategy":"Ignore outlier","outlierDetectionStrategy":"Inter-Quartile Range","imputationStrategy":"Mean","isVarTypeChanged":false,"outlierCount":0,"constantFeature":false,"customVarType":"Decimal","dataType":"Decimal","dateComponent":[]},{"missing":0,"unique":66,"max":7196,"median":3561,"min":1562,"std":1623.46826,"mean":3990.0144,"missingProportion":0,"mostlyMissing":false,"colName":"number_of_building_permits_issued_in_t-2","outlierCorrectionStrategy":"Ignore outlier","outlierDetectionStrategy":"Inter-Quartile Range","imputationStrategy":"Mean","isVarTypeChanged":false,"outlierCount":0,"constantFeature":false,"customVarType":"Decimal","dataType":"Decimal","dateComponent":[]},{"missing":0,"unique":67,"max":267.79999,"median":71.15,"min":11.6,"std":58.90027,"mean":89.63441,"missingProportion":0,"mostlyMissing":false,"colName":"bsi_in_t-2","outlierCorrectionStrategy":"Ignore outlier","outlierDetectionStrategy":"Inter-Quartile Range","imputationStrategy":"Mean","isVarTypeChanged":false,"outlierCount":2,"constantFeature":false,"customVarType":"Decimal","dataType":"Decimal","dateComponent":[]},{"missing":0,"unique":67,"max":225,"median":77.46,"min":8.5,"std":46.90707,"mean":84.38363,"missingProportion":0,"mostlyMissing":false,"colName":"wpi_of_building_materials_for_the_base_year_in_t-2","outlierCorrectionStrategy":"Ignore outlier","outlierDetectionStrategy":"Inter-Quartile Range","imputationStrategy":"Mean","isVarTypeChanged":false,"outlierCount":3,"constantFeature":false,"customVarType":"Decimal","dataType":"Decimal","dateComponent":[]},{"missing":0,"unique":65,"max":6.88,"median":3.15,"min":0.92,"std":1.47395,"mean":3.41277,"missingProportion":0,"mostlyMissing":false,"colName":"total_floor_area_of_building_permit_issued_by_gov_in_t-2","outlierCorrectionStrategy":"Ignore outlier","outlierDetectionStrategy":"Inter-Quartile Range","imputationStrategy":"Mean","isVarTypeChanged":false,"outlierCount":0,"constantFeature":false,"customVarType":"Decimal","dataType":"Decimal","dateComponent":[]},{"missing":0,"unique":67,"max":2116613.75,"median":422305.84375,"min":35859.39844,"std":510399.75,"mean":600257.1875,"missingProportion":0,"mostlyMissing":false,"colName":"cumulative_liquidity_in_t-2","outlierCorrectionStrategy":"Ignore outlier","outlierDetectionStrategy":"Inter-Quartile Range","imputationStrategy":"Mean","isVarTypeChanged":false,"outlierCount":0,"constantFeature":false,"customVarType":"Decimal","dataType":"Decimal","dateComponent":[]},{"missing":0,"unique":67,"max":18690.90039,"median":3663.5,"min":287.20001,"std":3843.34717,"mean":4594.8042,"missingProportion":0,"mostlyMissing":false,"colName":"private_sector_investment_in_new_buildings_in_t-2","outlierCorrectionStrategy":"Ignore outlier","outlierDetectionStrategy":"Inter-Quartile Range","imputationStrategy":"Mean","isVarTypeChanged":false,"outlierCount":28,"constantFeature":false,"customVarType":"Decimal","dataType":"Decimal","dateComponent":[]},{"missing":0,"unique":67,"max":306.92999,"median":83.8,"min":12.67,"std":66.32218,"mean":92.1488,"missingProportion":0,"mostlyMissing":false,"colName":"land_price_index_in_t-2","outlierCorrectionStrategy":"Ignore outlier","outlierDetectionStrategy":"Inter-Quartile Range","imputationStrategy":"Mean","isVarTypeChanged":false,"outlierCount":14,"constantFeature":false,"customVarType":"Decimal","dataType":"Decimal","dateComponent":[]},{"missing":0,"unique":67,"max":432.39999,"median":167.05,"min":17.03,"std":105.48873,"mean":186.68788,"missingProportion":0,"mostlyMissing":false,"colName":"number_of_loans_extended_by_banks_in_t-2","outlierCorrectionStrategy":"Ignore outlier","outlierDetectionStrategy":"Inter-Quartile Range","imputationStrategy":"Mean","isVarTypeChanged":false,"outlierCount":0,"constantFeature":false,"customVarType":"Decimal","dataType":"Decimal","dateComponent":[]},{"missing":0,"unique":67,"max":73143.5,"median":10866.4502,"min":154.39999,"std":20369.88477,"mean":18415.29883,"missingProportion":0,"mostlyMissing":false,"colName":"amount_of_loans_extended_by_banks_in_t-2","outlierCorrectionStrategy":"Ignore outlier","outlierDetectionStrategy":"Inter-Quartile Range","imputationStrategy":"Mean","isVarTypeChanged":false,"outlierCount":0,"constantFeature":false,"customVarType":"Decimal","dataType":"Decimal","dateComponent":[]},{"missing":0,"unique":4,"max":15,"median":15,"min":11,"std":1.41701,"mean":14.18011,"missingProportion":0,"mostlyMissing":false,"colName":"intrest_rate_in_t-2","outlierCorrectionStrategy":"Ignore outlier","outlierDetectionStrategy":"Inter-Quartile Range","imputationStrategy":"Median","isVarTypeChanged":false,"outlierCount":42,"constantFeature":false,"customVarType":"Integer","dataType":"Integer","dateComponent":[]},{"missing":0,"unique":67,"max":3962.23999,"median":1009.95001,"min":165.10001,"std":819.11285,"mean":1249.0177,"missingProportion":0,"mostlyMissing":false,"colName":"average_construction_cost_completion_of_project_in_t-2","outlierCorrectionStrategy":"Ignore outlier","outlierDetectionStrategy":"Inter-Quartile Range","imputationStrategy":"Mean","isVarTypeChanged":false,"outlierCount":1,"constantFeature":false,"customVarType":"Decimal","dataType":"Decimal","dateComponent":[]},{"missing":0,"unique":66,"max":4472.2998,"median":1176.5,"min":208.60001,"std":887.12817,"mean":1385.72339,"missingProportion":0,"mostlyMissing":false,"colName":"average_of_construction_cost_beginning_of_project_in_t-2","outlierCorrectionStrategy":"Ignore outlier","outlierDetectionStrategy":"Inter-Quartile Range","imputationStrategy":"Mean","isVarTypeChanged":false,"outlierCount":2,"constantFeature":false,"customVarType":"Decimal","dataType":"Decimal","dateComponent":[]},{"missing":0,"unique":37,"max":9967.33008,"median":8075.27002,"min":1504.35999,"std":3575.05298,"mean":5723.67529,"missingProportion":0,"mostlyMissing":false,"colName":"exchange_rate_in_t-2","outlierCorrectionStrategy":"Ignore outlier","outlierDetectionStrategy":"Inter-Quartile Range","imputationStrategy":"Mean","isVarTypeChanged":false,"outlierCount":0,"constantFeature":false,"customVarType":"Decimal","dataType":"Decimal","dateComponent":[]},{"missing":0,"unique":67,"max":10099.2998,"median":8382,"min":1582,"std":2049.68237,"mean":7713.58887,"missingProportion":0,"mostlyMissing":false,"colName":"non-official_exchange_rate_in_t-2","outlierCorrectionStrategy":"Ignore outlier","outlierDetectionStrategy":"Inter-Quartile Range","imputationStrategy":"Mean","isVarTypeChanged":false,"outlierCount":47,"constantFeature":false,"customVarType":"Decimal","dataType":"Decimal","dateComponent":[]},{"missing":0,"unique":67,"max":201.66,"median":81.6,"min":10.86,"std":43.91428,"mean":84.90611,"missingProportion":0,"mostlyMissing":false,"colName":"cpi_in_t-2","outlierCorrectionStrategy":"Ignore outlier","outlierDetectionStrategy":"Inter-Quartile Range","imputationStrategy":"Mean","isVarTypeChanged":false,"outlierCount":0,"constantFeature":false,"customVarType":"Decimal","dataType":"Decimal","dateComponent":[]},{"missing":0,"unique":67,"max":218.39999,"median":78.485,"min":9.79,"std":49.5329,"mean":83.43401,"missingProportion":0,"mostlyMissing":false,"colName":"cpi_of_housing,_water,_fuel,_and_power_in_t-2","outlierCorrectionStrategy":"Ignore outlier","outlierDetectionStrategy":"Inter-Quartile Range","imputationStrategy":"Mean","isVarTypeChanged":false,"outlierCount":0,"constantFeature":false,"customVarType":"Decimal","dataType":"Decimal","dateComponent":[]},{"missing":0,"unique":67,"max":13596.37012,"median":5900.01514,"min":354.54999,"std":4289.69189,"mean":6462.12354,"missingProportion":0,"mostlyMissing":false,"colName":"stock_market_index_in_t-2","outlierCorrectionStrategy":"Ignore outlier","outlierDetectionStrategy":"Inter-Quartile Range","imputationStrategy":"Mean","isVarTypeChanged":false,"outlierCount":0,"constantFeature":false,"customVarType":"Decimal","dataType":"Decimal","dateComponent":[]},{"missing":0,"unique":67,"max":50928,"median":31940.25,"min":8435.75,"std":12200.63965,"mean":29169.71484,"missingProportion":0,"mostlyMissing":false,"colName":"population_of_the_city_in_t-2","outlierCorrectionStrategy":"Ignore outlier","outlierDetectionStrategy":"Inter-Quartile Range","imputationStrategy":"Mean","isVarTypeChanged":false,"outlierCount":0,"constantFeature":false,"customVarType":"Decimal","dataType":"Decimal","dateComponent":[]},{"missing":0,"unique":67,"max":2435004.25,"median":802772.59375,"min":129102.39844,"std":585244.25,"mean":987881.125,"missingProportion":0,"mostlyMissing":false,"colName":"gold_price_in_t-2","outlierCorrectionStrategy":"Ignore outlier","outlierDetectionStrategy":"Inter-Quartile Range","imputationStrategy":"Mean","isVarTypeChanged":false,"outlierCount":0,"constantFeature":false,"customVarType":"Decimal","dataType":"Decimal","dateComponent":[]},{"missing":0,"unique":66,"max":7196,"median":3561,"min":1562,"std":1576.33948,"mean":3885.66064,"missingProportion":0,"mostlyMissing":false,"colName":"number_of_building_permits_issued_in_t-3","outlierCorrectionStrategy":"Ignore outlier","outlierDetectionStrategy":"Inter-Quartile Range","imputationStrategy":"Mean","isVarTypeChanged":false,"outlierCount":0,"constantFeature":false,"customVarType":"Decimal","dataType":"Decimal","dateComponent":[]},{"missing":0,"unique":67,"max":261.5,"median":67.8,"min":11.4,"std":55.21605,"mean":85.21021,"missingProportion":0,"mostlyMissing":false,"colName":"bsi_in_t-3","outlierCorrectionStrategy":"Ignore outlier","outlierDetectionStrategy":"Inter-Quartile Range","imputationStrategy":"Mean","isVarTypeChanged":false,"outlierCount":2,"constantFeature":false,"customVarType":"Decimal","dataType":"Decimal","dateComponent":[]},{"missing":0,"unique":67,"max":225,"median":74.71,"min":6.97,"std":44.80416,"mean":81.18062,"missingProportion":0,"mostlyMissing":false,"colName":"wpi_of_building_materials_for_the_base_year_in_t-3","outlierCorrectionStrategy":"Ignore outlier","outlierDetectionStrategy":"Inter-Quartile Range","imputationStrategy":"Mean","isVarTypeChanged":false,"outlierCount":4,"constantFeature":false,"customVarType":"Decimal","dataType":"Decimal","dateComponent":[]},{"missing":0,"unique":65,"max":6.88,"median":3.05,"min":0.92,"std":1.50887,"mean":3.35997,"missingProportion":0,"mostlyMissing":false,"colName":"total_floor_area_of_building_permit_issued_iby_gov_in_t-3","outlierCorrectionStrategy":"Ignore outlier","outlierDetectionStrategy":"Inter-Quartile Range","imputationStrategy":"Mean","isVarTypeChanged":false,"outlierCount":17,"constantFeature":false,"customVarType":"Decimal","dataType":"Decimal","dateComponent":[]},{"missing":0,"unique":67,"max":1970485.125,"median":399812.75,"min":32793.69922,"std":480279,"mean":563181.5,"missingProportion":0,"mostlyMissing":false,"colName":"cumulative_liquidity_in_t-3","outlierCorrectionStrategy":"Ignore outlier","outlierDetectionStrategy":"Inter-Quartile Range","imputationStrategy":"Mean","isVarTypeChanged":false,"outlierCount":0,"constantFeature":false,"customVarType":"Decimal","dataType":"Decimal","dateComponent":[]},{"missing":0,"unique":67,"max":18690.90039,"median":3755.80005,"min":287.20001,"std":3354.48022,"mean":4238.75293,"missingProportion":0,"mostlyMissing":false,"colName":"private_sector_investment_in_new_buildings_in_t-3","outlierCorrectionStrategy":"Ignore outlier","outlierDetectionStrategy":"Inter-Quartile Range","imputationStrategy":"Mean","isVarTypeChanged":false,"outlierCount":14,"constantFeature":false,"customVarType":"Decimal","dataType":"Decimal","dateComponent":[]},{"missing":0,"unique":67,"max":306.70001,"median":79.3,"min":11.73,"std":60.88335,"mean":86.4911,"missingProportion":0,"mostlyMissing":false,"colName":"land_price_index_in_t-3","outlierCorrectionStrategy":"Ignore outlier","outlierDetectionStrategy":"Inter-Quartile Range","imputationStrategy":"Mean","isVarTypeChanged":false,"outlierCount":10,"constantFeature":false,"customVarType":"Decimal","dataType":"Decimal","dateComponent":[]},{"missing":0,"unique":67,"max":432.39999,"median":167.05,"min":17.03,"std":95.08323,"mean":174.28578,"missingProportion":0,"mostlyMissing":false,"colName":"number_of_loans_extended_by_banks_in_t-3","outlierCorrectionStrategy":"Ignore outlier","outlierDetectionStrategy":"Inter-Quartile Range","imputationStrategy":"Mean","isVarTypeChanged":false,"outlierCount":8,"constantFeature":false,"customVarType":"Decimal","dataType":"Decimal","dateComponent":[]},{"missing":0,"unique":67,"max":73143.5,"median":9342.4502,"min":154.39999,"std":17955.33789,"mean":16370.39551,"missingProportion":0,"mostlyMissing":false,"colName":"amount_of_loans_extended_by_banks_in_t-3","outlierCorrectionStrategy":"Ignore outlier","outlierDetectionStrategy":"Inter-Quartile Range","imputationStrategy":"Mean","isVarTypeChanged":false,"outlierCount":23,"constantFeature":false,"customVarType":"Decimal","dataType":"Decimal","dateComponent":[]},{"missing":0,"unique":4,"max":15,"median":15,"min":11,"std":1.34604,"mean":14.26344,"missingProportion":0,"mostlyMissing":false,"colName":"intrest_rate_in_t-3","outlierCorrectionStrategy":"Ignore outlier","outlierDetectionStrategy":"Inter-Quartile Range","imputationStrategy":"Median","isVarTypeChanged":false,"outlierCount":38,"constantFeature":false,"customVarType":"Integer","dataType":"Integer","dateComponent":[]},{"missing":0,"unique":67,"max":3746.01001,"median":956.04999,"min":165.10001,"std":757.59778,"mean":1188.9812,"missingProportion":0,"mostlyMissing":false,"colName":"average_construction_cost_completion_of_project_in_t-3","outlierCorrectionStrategy":"Ignore outlier","outlierDetectionStrategy":"Inter-Quartile Range","imputationStrategy":"Mean","isVarTypeChanged":false,"outlierCount":0,"constantFeature":false,"customVarType":"Decimal","dataType":"Decimal","dateComponent":[]},{"missing":0,"unique":66,"max":4215.9502,"median":1054.64996,"min":208.60001,"std":824.26874,"mean":1314.67163,"missingProportion":0,"mostlyMissing":false,"colName":"average_of_construction_cost_beginning_of_project_in_t-3","outlierCorrectionStrategy":"Ignore outlier","outlierDetectionStrategy":"Inter-Quartile Range","imputationStrategy":"Mean","isVarTypeChanged":false,"outlierCount":0,"constantFeature":false,"customVarType":"Decimal","dataType":"Decimal","dateComponent":[]},{"missing":0,"unique":37,"max":9967.33008,"median":7989.54492,"min":1450.46997,"std":3571.2395,"mean":5589.88428,"missingProportion":0,"mostlyMissing":false,"colName":"exchange_rate_in_t-3","outlierCorrectionStrategy":"Ignore outlier","outlierDetectionStrategy":"Inter-Quartile Range","imputationStrategy":"Mean","isVarTypeChanged":false,"outlierCount":0,"constantFeature":false,"customVarType":"Decimal","dataType":"Decimal","dateComponent":[]},{"missing":0,"unique":67,"max":10099.2998,"median":8353.5,"min":1507,"std":2109.05078,"mean":7623.29883,"missingProportion":0,"mostlyMissing":false,"colName":"non-official_exchange_rate_in_t-3","outlierCorrectionStrategy":"Ignore outlier","outlierDetectionStrategy":"Inter-Quartile Range","imputationStrategy":"Mean","isVarTypeChanged":false,"outlierCount":51,"constantFeature":false,"customVarType":"Decimal","dataType":"Decimal","dateComponent":[]},{"missing":0,"unique":67,"max":196.75999,"median":77.535,"min":10.17,"std":42.12536,"mean":81.65503,"missingProportion":0,"mostlyMissing":false,"colName":"cpi_in_t-3","outlierCorrectionStrategy":"Ignore outlier","outlierDetectionStrategy":"Inter-Quartile Range","imputationStrategy":"Mean","isVarTypeChanged":false,"outlierCount":0,"constantFeature":false,"customVarType":"Decimal","dataType":"Decimal","dateComponent":[]},{"missing":0,"unique":67,"max":215,"median":75.29,"min":9.35,"std":47.13822,"mean":79.71245,"missingProportion":0,"mostlyMissing":false,"colName":"cpi_of_housing,_water,_fuel,_and_power_in_t-3","outlierCorrectionStrategy":"Ignore outlier","outlierDetectionStrategy":"Inter-Quartile Range","imputationStrategy":"Mean","isVarTypeChanged":false,"outlierCount":0,"constantFeature":false,"customVarType":"Decimal","dataType":"Decimal","dateComponent":[]},{"missing":0,"unique":67,"max":13596.37012,"median":5096.97021,"min":354.54999,"std":4359.16943,"mean":6349.5166,"missingProportion":0,"mostlyMissing":false,"colName":"stock_market_index_in_t-3","outlierCorrectionStrategy":"Ignore outlier","outlierDetectionStrategy":"Inter-Quartile Range","imputationStrategy":"Mean","isVarTypeChanged":false,"outlierCount":0,"constantFeature":false,"customVarType":"Decimal","dataType":"Decimal","dateComponent":[]},{"missing":0,"unique":67,"max":50928,"median":24786,"min":8435.75,"std":10986.62988,"mean":27456.40234,"missingProportion":0,"mostlyMissing":false,"colName":"population_of_the_city_in_t-3","outlierCorrectionStrategy":"Ignore outlier","outlierDetectionStrategy":"Inter-Quartile Range","imputationStrategy":"Mean","isVarTypeChanged":false,"outlierCount":0,"constantFeature":false,"customVarType":"Decimal","dataType":"Decimal","dateComponent":[]},{"missing":0,"unique":67,"max":2435004.25,"median":740309.15625,"min":123618,"std":545928.5,"mean":939045.1875,"missingProportion":0,"mostlyMissing":false,"colName":"gold_price_in_t-3","outlierCorrectionStrategy":"Ignore outlier","outlierDetectionStrategy":"Inter-Quartile Range","imputationStrategy":"Mean","isVarTypeChanged":false,"outlierCount":0,"constantFeature":false,"customVarType":"Decimal","dataType":"Decimal","dateComponent":[]},{"missing":0,"unique":66,"max":7196,"median":3321,"min":1562,"std":1617.76221,"mean":3865.85156,"missingProportion":0,"mostlyMissing":false,"colName":"number_of_building_permits_issued_in_t-4","outlierCorrectionStrategy":"Ignore outlier","outlierDetectionStrategy":"Inter-Quartile Range","imputationStrategy":"Mean","isVarTypeChanged":false,"outlierCount":0,"constantFeature":false,"customVarType":"Decimal","dataType":"Decimal","dateComponent":[]},{"missing":0,"unique":67,"max":259.5,"median":64.4,"min":10.6,"std":51.32578,"mean":80.76048,"missingProportion":0,"mostlyMissing":false,"colName":"bsi_in_t-4","outlierCorrectionStrategy":"Ignore outlier","outlierDetectionStrategy":"Inter-Quartile Range","imputationStrategy":"Mean","isVarTypeChanged":false,"outlierCount":2,"constantFeature":false,"customVarType":"Decimal","dataType":"Decimal","dateComponent":[]},{"missing":0,"unique":67,"max":225,"median":71.94,"min":5.44,"std":42.53227,"mean":78.06379,"missingProportion":0,"mostlyMissing":false,"colName":"wpi_of_building_materials_for_the_base_year_in_t-4","outlierCorrectionStrategy":"Ignore outlier","outlierDetectionStrategy":"Inter-Quartile Range","imputationStrategy":"Mean","isVarTypeChanged":false,"outlierCount":2,"constantFeature":false,"customVarType":"Decimal","dataType":"Decimal","dateComponent":[]},{"missing":0,"unique":65,"max":6.88,"median":2.945,"min":0.92,"std":1.35013,"mean":3.19312,"missingProportion":0,"mostlyMissing":false,"colName":"total_floor_area_of_building_permit_issued_iby_gov_in_t-4","outlierCorrectionStrategy":"Ignore outlier","outlierDetectionStrategy":"Inter-Quartile Range","imputationStrategy":"Mean","isVarTypeChanged":false,"outlierCount":10,"constantFeature":false,"customVarType":"Decimal","dataType":"Decimal","dateComponent":[]},{"missing":0,"unique":67,"max":1901366,"median":373643.84375,"min":30012.46094,"std":449422.84375,"mean":525387.5625,"missingProportion":0,"mostlyMissing":false,"colName":"cumulative_liquidity_in_t-4","outlierCorrectionStrategy":"Ignore outlier","outlierDetectionStrategy":"Inter-Quartile Range","imputationStrategy":"Mean","isVarTypeChanged":false,"outlierCount":0,"constantFeature":false,"customVarType":"Decimal","dataType":"Decimal","dateComponent":[]},{"missing":0,"unique":67,"max":18690.90039,"median":3755.80005,"min":287.20001,"std":2975.23047,"mean":3944.4231,"missingProportion":0,"mostlyMissing":false,"colName":"private_sector_investment_in_new_buildings_in_t-4","outlierCorrectionStrategy":"Ignore outlier","outlierDetectionStrategy":"Inter-Quartile Range","imputationStrategy":"Mean","isVarTypeChanged":false,"outlierCount":10,"constantFeature":false,"customVarType":"Decimal","dataType":"Decimal","dateComponent":[]},{"missing":0,"unique":67,"max":306.70001,"median":75.6,"min":10.79,"std":55.81291,"mean":81.53591,"missingProportion":0,"mostlyMissing":false,"colName":"land_price_index_in_t-4","outlierCorrectionStrategy":"Ignore outlier","outlierDetectionStrategy":"Inter-Quartile Range","imputationStrategy":"Mean","isVarTypeChanged":false,"outlierCount":7,"constantFeature":false,"customVarType":"Decimal","dataType":"Decimal","dateComponent":[]},{"missing":0,"unique":67,"max":432.39999,"median":119.75,"min":17.03,"std":90.52928,"mean":145.83517,"missingProportion":0,"mostlyMissing":false,"colName":"number_of_loans_extended_by_banks_in_t-4","outlierCorrectionStrategy":"Ignore outlier","outlierDetectionStrategy":"Inter-Quartile Range","imputationStrategy":"Mean","isVarTypeChanged":false,"outlierCount":4,"constantFeature":false,"customVarType":"Decimal","dataType":"Decimal","dateComponent":[]},{"missing":0,"unique":67,"max":73143.5,"median":7834.2002,"min":154.39999,"std":16097.86035,"mean":13350.97461,"missingProportion":0,"mostlyMissing":false,"colName":"amount_of_loans_extended_by_banks_in_t-4","outlierCorrectionStrategy":"Ignore outlier","outlierDetectionStrategy":"Inter-Quartile Range","imputationStrategy":"Mean","isVarTypeChanged":false,"outlierCount":17,"constantFeature":false,"customVarType":"Decimal","dataType":"Decimal","dateComponent":[]},{"missing":0,"unique":4,"max":15,"median":15,"min":11,"std":1.29294,"mean":14.31452,"missingProportion":0,"mostlyMissing":false,"colName":"intrest_rate_in_t-4","outlierCorrectionStrategy":"Ignore outlier","outlierDetectionStrategy":"Inter-Quartile Range","imputationStrategy":"Median","isVarTypeChanged":false,"outlierCount":39,"constantFeature":false,"customVarType":"Integer","dataType":"Integer","dateComponent":[]},{"missing":0,"unique":67,"max":3499.3999,"median":896.75,"min":165.10001,"std":731.43231,"mean":1140.08533,"missingProportion":0,"mostlyMissing":false,"colName":"average_construction_cost_completion_of_project_in_t-4","outlierCorrectionStrategy":"Ignore outlier","outlierDetectionStrategy":"Inter-Quartile Range","imputationStrategy":"Mean","isVarTypeChanged":false,"outlierCount":0,"constantFeature":false,"customVarType":"Decimal","dataType":"Decimal","dateComponent":[]},{"missing":0,"unique":66,"max":3823.6001,"median":971.5,"min":158.45,"std":766.88428,"mean":1245.39807,"missingProportion":0,"mostlyMissing":false,"colName":"average_of_construction_cost_beginning_of_project_in_t-4","outlierCorrectionStrategy":"Ignore outlier","outlierDetectionStrategy":"Inter-Quartile Range","imputationStrategy":"Mean","isVarTypeChanged":false,"outlierCount":4,"constantFeature":false,"customVarType":"Decimal","dataType":"Decimal","dateComponent":[]},{"missing":0,"unique":37,"max":9967.33008,"median":7953.77002,"min":1439,"std":3549.68652,"mean":5522.35107,"missingProportion":0,"mostlyMissing":false,"colName":"exchange_rate_in_t-4","outlierCorrectionStrategy":"Ignore outlier","outlierDetectionStrategy":"Inter-Quartile Range","imputationStrategy":"Mean","isVarTypeChanged":false,"outlierCount":0,"constantFeature":false,"customVarType":"Decimal","dataType":"Decimal","dateComponent":[]},{"missing":0,"unique":67,"max":10099.2998,"median":8325,"min":1450,"std":2152.96973,"mean":7537.0376,"missingProportion":0,"mostlyMissing":false,"colName":"non-official_exchange_rate_in_t-4","outlierCorrectionStrategy":"Ignore outlier","outlierDetectionStrategy":"Inter-Quartile Range","imputationStrategy":"Mean","isVarTypeChanged":false,"outlierCount":54,"constantFeature":false,"customVarType":"Decimal","dataType":"Decimal","dateComponent":[]},{"missing":0,"unique":67,"max":191.63,"median":74.495,"min":9.91,"std":40.62572,"mean":78.92535,"missingProportion":0,"mostlyMissing":false,"colName":"cpi_in_t-4","outlierCorrectionStrategy":"Ignore outlier","outlierDetectionStrategy":"Inter-Quartile Range","imputationStrategy":"Mean","isVarTypeChanged":false,"outlierCount":0,"constantFeature":false,"customVarType":"Decimal","dataType":"Decimal","dateComponent":[]},{"missing":0,"unique":67,"max":212.10001,"median":71.46,"min":8.85,"std":45.0869,"mean":76.31785,"missingProportion":0,"mostlyMissing":false,"colName":"cpi_of_housing,_water,_fuel,_and_power_in_t-4","outlierCorrectionStrategy":"Ignore outlier","outlierDetectionStrategy":"Inter-Quartile Range","imputationStrategy":"Mean","isVarTypeChanged":false,"outlierCount":0,"constantFeature":false,"customVarType":"Decimal","dataType":"Decimal","dateComponent":[]},{"missing":0,"unique":67,"max":13596.37012,"median":4909.71997,"min":354.54999,"std":4302.54199,"mean":6131.09961,"missingProportion":0,"mostlyMissing":false,"colName":"stock_market_index_in_t-4","outlierCorrectionStrategy":"Ignore outlier","outlierDetectionStrategy":"Inter-Quartile Range","imputationStrategy":"Mean","isVarTypeChanged":false,"outlierCount":0,"constantFeature":false,"customVarType":"Decimal","dataType":"Decimal","dateComponent":[]},{"missing":0,"unique":67,"max":50928,"median":21855,"min":8435.75,"std":11736.68262,"mean":23469.62891,"missingProportion":0,"mostlyMissing":false,"colName":"population_of_the_city_in_t-4","outlierCorrectionStrategy":"Ignore outlier","outlierDetectionStrategy":"Inter-Quartile Range","imputationStrategy":"Mean","isVarTypeChanged":false,"outlierCount":0,"constantFeature":false,"customVarType":"Decimal","dataType":"Decimal","dateComponent":[]},{"missing":0,"unique":67,"max":2435004.25,"median":681120.15625,"min":121857.20312,"std":529829.8125,"mean":910297.125,"missingProportion":0,"mostlyMissing":false,"colName":"gold_price_in_t-4","outlierCorrectionStrategy":"Ignore outlier","outlierDetectionStrategy":"Inter-Quartile Range","imputationStrategy":"Mean","isVarTypeChanged":false,"outlierCount":7,"constantFeature":false,"customVarType":"Decimal","dataType":"Decimal","dateComponent":[]},{"missing":0,"unique":66,"max":7196,"median":3255,"min":1381,"std":1572.26599,"mean":3757.43604,"missingProportion":0,"mostlyMissing":false,"colName":"number_of_building_permits_issued_in_t-5","outlierCorrectionStrategy":"Ignore outlier","outlierDetectionStrategy":"Inter-Quartile Range","imputationStrategy":"Mean","isVarTypeChanged":false,"outlierCount":0,"constantFeature":false,"customVarType":"Decimal","dataType":"Decimal","dateComponent":[]},{"missing":0,"unique":67,"max":255.8,"median":60.85,"min":10,"std":48.00007,"mean":76.64732,"missingProportion":0,"mostlyMissing":false,"colName":"bsi_in_t-5","outlierCorrectionStrategy":"Ignore outlier","outlierDetectionStrategy":"Inter-Quartile Range","imputationStrategy":"Mean","isVarTypeChanged":false,"outlierCount":1,"constantFeature":false,"customVarType":"Decimal","dataType":"Decimal","dateComponent":[]},{"missing":0,"unique":67,"max":225,"median":68.18,"min":3.91,"std":40.37558,"mean":74.52433,"missingProportion":0,"mostlyMissing":false,"colName":"wpi_of_building_materials_for_the_base_year_in_t-5","outlierCorrectionStrategy":"Ignore outlier","outlierDetectionStrategy":"Inter-Quartile Range","imputationStrategy":"Mean","isVarTypeChanged":false,"outlierCount":1,"constantFeature":false,"customVarType":"Decimal","dataType":"Decimal","dateComponent":[]},{"missing":0,"unique":66,"max":6.88,"median":2.84,"min":0.92,"std":1.30431,"mean":3.16011,"missingProportion":0,"mostlyMissing":false,"colName":"total_floor_area_of_building_permit_issued_iby_gov_in_t-5","outlierCorrectionStrategy":"Ignore outlier","outlierDetectionStrategy":"Inter-Quartile Range","imputationStrategy":"Mean","isVarTypeChanged":false,"outlierCount":11,"constantFeature":false,"customVarType":"Decimal","dataType":"Decimal","dateComponent":[]},{"missing":0,"unique":67,"max":1704943.75,"median":352256.04688,"min":27231.21094,"std":422494.125,"mean":493873.5,"missingProportion":0,"mostlyMissing":false,"colName":"cumulative_liquidity_in_t-5","outlierCorrectionStrategy":"Ignore outlier","outlierDetectionStrategy":"Inter-Quartile Range","imputationStrategy":"Mean","isVarTypeChanged":false,"outlierCount":0,"constantFeature":false,"customVarType":"Decimal","dataType":"Decimal","dateComponent":[]},{"missing":0,"unique":67,"max":18690.90039,"median":3485.80005,"min":287.20001,"std":2661.58545,"mean":3588.07739,"missingProportion":0,"mostlyMissing":false,"colName":"private_sector_investment_in_new_buildings_in_t-5","outlierCorrectionStrategy":"Ignore outlier","outlierDetectionStrategy":"Inter-Quartile Range","imputationStrategy":"Mean","isVarTypeChanged":false,"outlierCount":7,"constantFeature":false,"customVarType":"Decimal","dataType":"Decimal","dateComponent":[]},{"missing":0,"unique":67,"max":306.70001,"median":72.25,"min":9.85,"std":50.1454,"mean":76.56218,"missingProportion":0,"mostlyMissing":false,"colName":"land_price_index_in_t-5","outlierCorrectionStrategy":"Ignore outlier","outlierDetectionStrategy":"Inter-Quartile Range","imputationStrategy":"Mean","isVarTypeChanged":false,"outlierCount":4,"constantFeature":false,"customVarType":"Decimal","dataType":"Decimal","dateComponent":[]},{"missing":0,"unique":67,"max":432.39999,"median":148.8,"min":14.15,"std":112.80473,"mean":174.58545,"missingProportion":0,"mostlyMissing":false,"colName":"number_of_loans_extended_by_banks_in_t-5","outlierCorrectionStrategy":"Ignore outlier","outlierDetectionStrategy":"Inter-Quartile Range","imputationStrategy":"Mean","isVarTypeChanged":false,"outlierCount":0,"constantFeature":false,"customVarType":"Decimal","dataType":"Decimal","dateComponent":[]},{"missing":0,"unique":67,"max":73143.5,"median":7874.3999,"min":152.60001,"std":19026.49414,"mean":15297.0332,"missingProportion":0,"mostlyMissing":false,"colName":"amount_of_loans_extended_by_banks_in_t-5","outlierCorrectionStrategy":"Ignore outlier","outlierDetectionStrategy":"Inter-Quartile Range","imputationStrategy":"Mean","isVarTypeChanged":false,"outlierCount":28,"constantFeature":false,"customVarType":"Decimal","dataType":"Decimal","dateComponent":[]},{"missing":0,"unique":4,"max":15,"median":15,"min":11,"std":1.0668,"mean":14.4543,"missingProportion":0,"mostlyMissing":false,"colName":"intrest_rate_in_t-5","outlierCorrectionStrategy":"Ignore outlier","outlierDetectionStrategy":"Inter-Quartile Range","imputationStrategy":"Median","isVarTypeChanged":false,"outlierCount":28,"constantFeature":false,"customVarType":"Integer","dataType":"Integer","dateComponent":[]},{"missing":0,"unique":67,"max":3447.80005,"median":859.10001,"min":165.10001,"std":682.52625,"mean":1081.9519,"missingProportion":0,"mostlyMissing":false,"colName":"average_construction_cost_completion_of_project_in_t-5","outlierCorrectionStrategy":"Ignore outlier","outlierDetectionStrategy":"Inter-Quartile Range","imputationStrategy":"Mean","isVarTypeChanged":false,"outlierCount":0,"constantFeature":false,"customVarType":"Decimal","dataType":"Decimal","dateComponent":[]},{"missing":0,"unique":66,"max":3686.30005,"median":938.40002,"min":152.25,"std":708.13977,"mean":1187.48474,"missingProportion":0,"mostlyMissing":false,"colName":"average_of_construction_cost_beginning_of_project_in_t-5","outlierCorrectionStrategy":"Ignore outlier","outlierDetectionStrategy":"Inter-Quartile Range","imputationStrategy":"Mean","isVarTypeChanged":false,"outlierCount":2,"constantFeature":false,"customVarType":"Decimal","dataType":"Decimal","dateComponent":[]},{"missing":0,"unique":37,"max":9967.33008,"median":7927.57007,"min":1439,"std":3534.42871,"mean":5403.21289,"missingProportion":0,"mostlyMissing":false,"colName":"exchange_rate_in_t-5","outlierCorrectionStrategy":"Ignore outlier","outlierDetectionStrategy":"Inter-Quartile Range","imputationStrategy":"Mean","isVarTypeChanged":false,"outlierCount":0,"constantFeature":false,"customVarType":"Decimal","dataType":"Decimal","dateComponent":[]},{"missing":0,"unique":67,"max":10099.2998,"median":8315,"min":1450,"std":2210.89282,"mean":7431.56055,"missingProportion":0,"mostlyMissing":false,"colName":"non-official_exchange_rate_in_t-5","outlierCorrectionStrategy":"Ignore outlier","outlierDetectionStrategy":"Inter-Quartile Range","imputationStrategy":"Mean","isVarTypeChanged":false,"outlierCount":24,"constantFeature":false,"customVarType":"Decimal","dataType":"Decimal","dateComponent":[]},{"missing":0,"unique":67,"max":190.5,"median":72.565,"min":9.73,"std":39.50719,"mean":76.28882,"missingProportion":0,"mostlyMissing":false,"colName":"cpi_in_t-5","outlierCorrectionStrategy":"Ignore outlier","outlierDetectionStrategy":"Inter-Quartile Range","imputationStrategy":"Mean","isVarTypeChanged":false,"outlierCount":0,"constantFeature":false,"customVarType":"Decimal","dataType":"Decimal","dateComponent":[]},{"missing":0,"unique":67,"max":204.8,"median":67.455,"min":8.34,"std":43.72601,"mean":73.4464,"missingProportion":0,"mostlyMissing":false,"colName":"cpi_of_housing,_water,_fuel,_and_power_in_t-5","outlierCorrectionStrategy":"Ignore outlier","outlierDetectionStrategy":"Inter-Quartile Range","imputationStrategy":"Mean","isVarTypeChanged":false,"outlierCount":0,"constantFeature":false,"customVarType":"Decimal","dataType":"Decimal","dateComponent":[]},{"missing":0,"unique":67,"max":13596.37012,"median":4525.37012,"min":354.54999,"std":4282.64111,"mean":5915.57715,"missingProportion":0,"mostlyMissing":false,"colName":"stock_market_index_in_t-5","outlierCorrectionStrategy":"Ignore outlier","outlierDetectionStrategy":"Inter-Quartile Range","imputationStrategy":"Mean","isVarTypeChanged":false,"outlierCount":0,"constantFeature":false,"customVarType":"Decimal","dataType":"Decimal","dateComponent":[]},{"missing":0,"unique":67,"max":49572,"median":25758.75,"min":8194,"std":13516.2832,"mean":27551.88086,"missingProportion":0,"mostlyMissing":false,"colName":"population_of_the_city_in_t-5","outlierCorrectionStrategy":"Ignore outlier","outlierDetectionStrategy":"Inter-Quartile Range","imputationStrategy":"Mean","isVarTypeChanged":false,"outlierCount":0,"constantFeature":false,"customVarType":"Decimal","dataType":"Decimal","dateComponent":[]},{"missing":0,"unique":67,"max":2435004.25,"median":659242.96875,"min":121857.20312,"std":506732.0625,"mean":878971.375,"missingProportion":0,"mostlyMissing":false,"colName":"gold_price_in_t-5","outlierCorrectionStrategy":"Ignore outlier","outlierDetectionStrategy":"Inter-Quartile Range","imputationStrategy":"Mean","isVarTypeChanged":false,"outlierCount":4,"constantFeature":false,"customVarType":"Decimal","dataType":"Decimal","dateComponent":[]},{"missing":0,"unique":117,"max":6800,"median":1000,"min":50,"std":1206.08305,"mean":1387.4328,"missingProportion":0,"mostlyMissing":false,"colName":"actual_sales_price","outlierCorrectionStrategy":"Ignore outlier","outlierDetectionStrategy":"Inter-Quartile Range","imputationStrategy":"Median","isVarTypeChanged":false,"outlierCount":16,"constantFeature":false,"customVarType":"Integer","dataType":"Integer","dateComponent":[]},{"missing":0,"unique":62,"max":1000,"median":190,"min":20,"std":162.62766,"mean":232.64785,"missingProportion":0,"mostlyMissing":false,"colName":"construction_cost","outlierCorrectionStrategy":"Ignore outlier","outlierDetectionStrategy":"Inter-Quartile Range","imputationStrategy":"Median","isVarTypeChanged":false,"outlierCount":3,"constantFeature":false,"customVarType":"Integer","dataType":"Integer","dateComponent":[]}],"edaDuration":"1.4507150000000002","edaMode":"eda","dimReductionFitSize":1,"classNames":null,"createdBy":"6239c25c5c84bb00c656c07c","projectId":"625cebc1c73e7b0023477ac3","createdAt":"2022-04-18T04:46:10.854Z","__v":0}]