[{"fileEncoding":"utf_8","fileSchema":[{"colName":"start_year","dataType":"Integer","originalColName":"START YEAR","isAutoGenerated":false},{"colName":"start_quarter","dataType":"Integer","originalColName":"START QUARTER","isAutoGenerated":false},{"colName":"completion_year","dataType":"Integer","originalColName":"COMPLETION YEAR","isAutoGenerated":false},{"colName":"completion_quarter","dataType":"Integer","originalColName":"COMPLETION QUARTER","isAutoGenerated":false},{"colName":"zip_code","dataType":"Integer","originalColName":"ZIP code","isAutoGenerated":false},{"colName":"total_floor_area_","dataType":"Decimal","originalColName":"Total_Floor_Area ","isAutoGenerated":false},{"colName":"lot_area","dataType":"Decimal","originalColName":"Lot_area","isAutoGenerated":false},{"colName":"total_preliminary_estimated_construction_cost_at_the_beginning","dataType":"Decimal","originalColName":"Total preliminary estimated construction cost at the beginning","isAutoGenerated":false},{"colName":"preliminary_estimated_construction_cost_at_the_beginning","dataType":"Integer","originalColName":"Preliminary estimated construction cost at the beginning","isAutoGenerated":false},{"colName":"equivalent_preliminary_estimated_construction_at_the_beginning_of_theproject_in_a_selected_base_year","dataType":"Decimal","originalColName":"Equivalent preliminary estimated construction at the beginning of theproject in a selected base year","isAutoGenerated":false},{"colName":"duration","dataType":"Integer","originalColName":"Duration","isAutoGenerated":false},{"colName":"price_of_the_unit_at_the_beginning","dataType":"Integer","originalColName":"Price of the unit at the beginning","isAutoGenerated":false},{"colName":"number_of_building_permits_issued_in_t-1","dataType":"Decimal","originalColName":"Number of building permits issued in T-1","isAutoGenerated":false},{"colName":"bsi_in_t-1","dataType":"Decimal","originalColName":"BSI in T-1","isAutoGenerated":false},{"colName":"wpi_of_building_materials_for_the_base_year_in_t-1","dataType":"Decimal","originalColName":"WPI of building materials for the base year in T-1","isAutoGenerated":false},{"colName":"total_floor_area_of_building_permit_issued_iby_gov_in_t-1","dataType":"Decimal","originalColName":"Total Floor area of building permit issued iby gov in T-1","isAutoGenerated":false},{"colName":"cumulative_liquidity_in_t-1","dataType":"Decimal","originalColName":"Cumulative liquidity in T-1","isAutoGenerated":false},{"colName":"private_sector_investment_in_new_buildings_in_t-1","dataType":"Decimal","originalColName":"Private sector investment in new buildings in T-1","isAutoGenerated":false},{"colName":"land_price_index_in_t-1","dataType":"Decimal","originalColName":"Land Price Index in T-1","isAutoGenerated":false},{"colName":"number_of_loans_extended_by_banks_in_t-1","dataType":"Decimal","originalColName":"Number of loans extended by banks in T-1","isAutoGenerated":false},{"colName":"amount_of_loans_extended_by_banks_in_t-1","dataType":"Decimal","originalColName":"Amount of loans extended by banks in T-1","isAutoGenerated":false},{"colName":"intrest_rate_in_t-1","dataType":"Integer","originalColName":"Intrest rate in T-1","isAutoGenerated":false},{"colName":"average_construction_cost_completion_of_project_in_t-1","dataType":"Decimal","originalColName":"Average construction cost completion of project in T-1","isAutoGenerated":false},{"colName":"average_of_construction_cost_beginning_of_project_in_t-1","dataType":"Decimal","originalColName":"Average of construction cost beginning of project in T-1","isAutoGenerated":false},{"colName":"exchange_rate_in_t-1","dataType":"Decimal","originalColName":"Exchange rate in T-1","isAutoGenerated":false},{"colName":"non-official_exchange_rate_in_t-1","dataType":"Decimal","originalColName":"Non-official exchange rate in T-1","isAutoGenerated":false},{"colName":"cpi_in_t-1","dataType":"Decimal","originalColName":"CPI in T-1","isAutoGenerated":false},{"colName":"cpi_of_housing,_water,_fuel,_and_power_in_t-1","dataType":"Decimal","originalColName":"CPI of housing, water, fuel, and power in T-1","isAutoGenerated":false},{"colName":"stock_market_index_in_t-1","dataType":"Decimal","originalColName":"Stock market index in T-1","isAutoGenerated":false},{"colName":"population_of_the_city_in_t-1","dataType":"Decimal","originalColName":"Population of the city In T-1","isAutoGenerated":false},{"colName":"gold_price_in_t-1","dataType":"Decimal","originalColName":"Gold price in T-1","isAutoGenerated":false},{"colName":"number_of_building_permits_issued_in_t-2","dataType":"Decimal","originalColName":"Number of building permits issued in T-2","isAutoGenerated":false},{"colName":"bsi_in_t-2","dataType":"Decimal","originalColName":"BSI in T-2","isAutoGenerated":false},{"colName":"wpi_of_building_materials_for_the_base_year_in_t-2","dataType":"Decimal","originalColName":"WPI of building materials for the base year in T-2","isAutoGenerated":false},{"colName":"total_floor_area_of_building_permit_issued_by_gov_in_t-2","dataType":"Decimal","originalColName":"Total Floor area of building permit issued by gov in T-2","isAutoGenerated":false},{"colName":"cumulative_liquidity_in_t-2","dataType":"Decimal","originalColName":"Cumulative liquidity in T-2","isAutoGenerated":false},{"colName":"private_sector_investment_in_new_buildings_in_t-2","dataType":"Decimal","originalColName":"Private sector investment in new buildings in T-2","isAutoGenerated":false},{"colName":"land_price_index_in_t-2","dataType":"Decimal","originalColName":"Land Price Index in T-2","isAutoGenerated":false},{"colName":"number_of_loans_extended_by_banks_in_t-2","dataType":"Decimal","originalColName":"Number of loans extended by banks in T-2","isAutoGenerated":false},{"colName":"amount_of_loans_extended_by_banks_in_t-2","dataType":"Decimal","originalColName":"Amount of loans extended by banks in T-2","isAutoGenerated":false},{"colName":"intrest_rate_in_t-2","dataType":"Integer","originalColName":"Intrest rate in T-2","isAutoGenerated":false},{"colName":"average_construction_cost_completion_of_project_in_t-2","dataType":"Decimal","originalColName":"Average construction cost completion of project in T-2","isAutoGenerated":false},{"colName":"average_of_construction_cost_beginning_of_project_in_t-2","dataType":"Decimal","originalColName":"Average of construction cost beginning of project in T-2","isAutoGenerated":false},{"colName":"exchange_rate_in_t-2","dataType":"Decimal","originalColName":"Exchange rate in T-2","isAutoGenerated":false},{"colName":"non-official_exchange_rate_in_t-2","dataType":"Decimal","originalColName":"Non-official exchange rate in T-2","isAutoGenerated":false},{"colName":"cpi_in_t-2","dataType":"Decimal","originalColName":"CPI in T-2","isAutoGenerated":false},{"colName":"cpi_of_housing,_water,_fuel,_and_power_in_t-2","dataType":"Decimal","originalColName":"CPI of housing, water, fuel, and power in T-2","isAutoGenerated":false},{"colName":"stock_market_index_in_t-2","dataType":"Decimal","originalColName":"Stock market index in T-2","isAutoGenerated":false},{"colName":"population_of_the_city_in_t-2","dataType":"Decimal","originalColName":"Population of the city In T-2","isAutoGenerated":false},{"colName":"gold_price_in_t-2","dataType":"Decimal","originalColName":"Gold price in T-2","isAutoGenerated":false},{"colName":"number_of_building_permits_issued_in_t-3","dataType":"Decimal","originalColName":"Number of building permits issued in T-3","isAutoGenerated":false},{"colName":"bsi_in_t-3","dataType":"Decimal","originalColName":"BSI in T-3","isAutoGenerated":false},{"colName":"wpi_of_building_materials_for_the_base_year_in_t-3","dataType":"Decimal","originalColName":"WPI of building materials for the base year in T-3","isAutoGenerated":false},{"colName":"total_floor_area_of_building_permit_issued_iby_gov_in_t-3","dataType":"Decimal","originalColName":"Total Floor area of building permit issued iby gov in T-3","isAutoGenerated":false},{"colName":"cumulative_liquidity_in_t-3","dataType":"Decimal","originalColName":"Cumulative liquidity in T-3","isAutoGenerated":false},{"colName":"private_sector_investment_in_new_buildings_in_t-3","dataType":"Decimal","originalColName":"Private sector investment in new buildings in T-3","isAutoGenerated":false},{"colName":"land_price_index_in_t-3","dataType":"Decimal","originalColName":"Land Price Index in T-3","isAutoGenerated":false},{"colName":"number_of_loans_extended_by_banks_in_t-3","dataType":"Decimal","originalColName":"Number of loans extended by banks in T-3","isAutoGenerated":false},{"colName":"amount_of_loans_extended_by_banks_in_t-3","dataType":"Decimal","originalColName":"Amount of loans extended by banks in T-3","isAutoGenerated":false},{"colName":"intrest_rate_in_t-3","dataType":"Integer","originalColName":"Intrest rate in T-3","isAutoGenerated":false},{"colName":"average_construction_cost_completion_of_project_in_t-3","dataType":"Decimal","originalColName":"Average construction cost completion of project in T-3","isAutoGenerated":false},{"colName":"average_of_construction_cost_beginning_of_project_in_t-3","dataType":"Decimal","originalColName":"Average of construction cost beginning of project in T-3","isAutoGenerated":false},{"colName":"exchange_rate_in_t-3","dataType":"Decimal","originalColName":"Exchange rate in T-3","isAutoGenerated":false},{"colName":"non-official_exchange_rate_in_t-3","dataType":"Decimal","originalColName":"Non-official exchange rate in T-3","isAutoGenerated":false},{"colName":"cpi_in_t-3","dataType":"Decimal","originalColName":"CPI in T-3","isAutoGenerated":false},{"colName":"cpi_of_housing,_water,_fuel,_and_power_in_t-3","dataType":"Decimal","originalColName":"CPI of housing, water, fuel, and power in T-3","isAutoGenerated":false},{"colName":"stock_market_index_in_t-3","dataType":"Decimal","originalColName":"Stock market index in T-3","isAutoGenerated":false},{"colName":"population_of_the_city_in_t-3","dataType":"Decimal","originalColName":"Population of the city In T-3","isAutoGenerated":false},{"colName":"gold_price_in_t-3","dataType":"Decimal","originalColName":"Gold price in T-3","isAutoGenerated":false},{"colName":"number_of_building_permits_issued_in_t-4","dataType":"Decimal","originalColName":"Number of building permits issued in T-4","isAutoGenerated":false},{"colName":"bsi_in_t-4","dataType":"Decimal","originalColName":"BSI in T-4","isAutoGenerated":false},{"colName":"wpi_of_building_materials_for_the_base_year_in_t-4","dataType":"Decimal","originalColName":"WPI of building materials for the base year in T-4","isAutoGenerated":false},{"colName":"total_floor_area_of_building_permit_issued_iby_gov_in_t-4","dataType":"Decimal","originalColName":"Total Floor area of building permit issued iby gov in T-4","isAutoGenerated":false},{"colName":"cumulative_liquidity_in_t-4","dataType":"Decimal","originalColName":"Cumulative liquidity in T-4","isAutoGenerated":false},{"colName":"private_sector_investment_in_new_buildings_in_t-4","dataType":"Decimal","originalColName":"Private sector investment in new buildings in T-4","isAutoGenerated":false},{"colName":"land_price_index_in_t-4","dataType":"Decimal","originalColName":"Land Price Index in T-4","isAutoGenerated":false},{"colName":"number_of_loans_extended_by_banks_in_t-4","dataType":"Decimal","originalColName":"Number of loans extended by banks in T-4","isAutoGenerated":false},{"colName":"amount_of_loans_extended_by_banks_in_t-4","dataType":"Decimal","originalColName":"Amount of loans extended by banks in T-4","isAutoGenerated":false},{"colName":"intrest_rate_in_t-4","dataType":"Integer","originalColName":"Intrest rate in T-4","isAutoGenerated":false},{"colName":"average_construction_cost_completion_of_project_in_t-4","dataType":"Decimal","originalColName":"Average construction cost completion of project in T-4","isAutoGenerated":false},{"colName":"average_of_construction_cost_beginning_of_project_in_t-4","dataType":"Decimal","originalColName":"Average of construction cost beginning of project in T-4","isAutoGenerated":false},{"colName":"exchange_rate_in_t-4","dataType":"Decimal","originalColName":"Exchange rate in T-4","isAutoGenerated":false},{"colName":"non-official_exchange_rate_in_t-4","dataType":"Decimal","originalColName":"Non-official exchange rate in T-4","isAutoGenerated":false},{"colName":"cpi_in_t-4","dataType":"Decimal","originalColName":"CPI in T-4","isAutoGenerated":false},{"colName":"cpi_of_housing,_water,_fuel,_and_power_in_t-4","dataType":"Decimal","originalColName":"CPI of housing, water, fuel, and power in T-4","isAutoGenerated":false},{"colName":"stock_market_index_in_t-4","dataType":"Decimal","originalColName":"Stock market index in T-4","isAutoGenerated":false},{"colName":"population_of_the_city_in_t-4","dataType":"Decimal","originalColName":"Population of the city In T-4","isAutoGenerated":false},{"colName":"gold_price_in_t-4","dataType":"Decimal","originalColName":"Gold price in T-4","isAutoGenerated":false},{"colName":"number_of_building_permits_issued_in_t-5","dataType":"Decimal","originalColName":"Number of building permits issued in T-5","isAutoGenerated":false},{"colName":"bsi_in_t-5","dataType":"Decimal","originalColName":"BSI in T-5","isAutoGenerated":false},{"colName":"wpi_of_building_materials_for_the_base_year_in_t-5","dataType":"Decimal","originalColName":"WPI of building materials for the base year in T-5","isAutoGenerated":false},{"colName":"total_floor_area_of_building_permit_issued_iby_gov_in_t-5","dataType":"Decimal","originalColName":"Total Floor area of building permit issued iby gov in T-5","isAutoGenerated":false},{"colName":"cumulative_liquidity_in_t-5","dataType":"Decimal","originalColName":"Cumulative liquidity in T-5","isAutoGenerated":false},{"colName":"private_sector_investment_in_new_buildings_in_t-5","dataType":"Decimal","originalColName":"Private sector investment in new buildings in T-5","isAutoGenerated":false},{"colName":"land_price_index_in_t-5","dataType":"Decimal","originalColName":"Land Price Index in T-5","isAutoGenerated":false},{"colName":"number_of_loans_extended_by_banks_in_t-5","dataType":"Decimal","originalColName":"Number of loans extended by banks in T-5","isAutoGenerated":false},{"colName":"amount_of_loans_extended_by_banks_in_t-5","dataType":"Decimal","originalColName":"Amount of loans extended by banks in T-5","isAutoGenerated":false},{"colName":"intrest_rate_in_t-5","dataType":"Integer","originalColName":"Intrest rate in T-5","isAutoGenerated":false},{"colName":"average_construction_cost_completion_of_project_in_t-5","dataType":"Decimal","originalColName":"Average construction cost completion of project in T-5","isAutoGenerated":false},{"colName":"average_of_construction_cost_beginning_of_project_in_t-5","dataType":"Decimal","originalColName":"Average of construction cost beginning of project in T-5","isAutoGenerated":false},{"colName":"exchange_rate_in_t-5","dataType":"Decimal","originalColName":"Exchange rate in T-5","isAutoGenerated":false},{"colName":"non-official_exchange_rate_in_t-5","dataType":"Decimal","originalColName":"Non-official exchange rate in T-5","isAutoGenerated":false},{"colName":"cpi_in_t-5","dataType":"Decimal","originalColName":"CPI in T-5","isAutoGenerated":false},{"colName":"cpi_of_housing,_water,_fuel,_and_power_in_t-5","dataType":"Decimal","originalColName":"CPI of housing, water, fuel, and power in T-5","isAutoGenerated":false},{"colName":"stock_market_index_in_t-5","dataType":"Decimal","originalColName":"Stock market index in T-5","isAutoGenerated":false},{"colName":"population_of_the_city_in_t-5","dataType":"Decimal","originalColName":"Population of the city In T-5","isAutoGenerated":false},{"colName":"gold_price_in_t-5","dataType":"Decimal","originalColName":"Gold price in T-5","isAutoGenerated":false},{"colName":"actual_sales_price","dataType":"Integer","originalColName":"Actual sales Price","isAutoGenerated":false},{"colName":"construction_cost","dataType":"Integer","originalColName":"Construction_Cost","isAutoGenerated":false}],"descriptiveStatistics":[{"colName":"start_year","missing":0,"mean":81.48387,"std":4.18214,"min":72,"median":82,"max":88,"unique":17},{"colName":"start_quarter","missing":0,"mean":2.19086,"std":1.08338,"min":1,"median":2,"max":4,"unique":4},{"colName":"completion_year","missing":0,"mean":82.95161,"std":4.2239,"min":73,"median":84,"max":90,"unique":18},{"colName":"completion_quarter","missing":0,"mean":2.58602,"std":1.12344,"min":1,"median":3,"max":4,"unique":4},{"colName":"zip_code","missing":0,"mean":9.72849,"std":6.56331,"min":1,"median":8,"max":20,"unique":20},{"colName":"total_floor_area_","missing":0,"mean":1729.04431,"std":1802.37146,"min":200,"median":1220,"max":15670,"unique":216},{"colName":"lot_area","missing":0,"mean":426.11426,"std":490.07651,"min":60,"median":300,"max":5000,"unique":105},{"colName":"total_preliminary_estimated_construction_cost_at_the_beginning","missing":0,"mean":327.90408,"std":563.54431,"min":3.7,"median":164.7,"max":7208.2002,"unique":337},{"colName":"preliminary_estimated_construction_cost_at_the_beginning","missing":0,"mean":163.11828,"std":112.60434,"min":10,"median":140,"max":640,"unique":50},{"colName":"equivalent_preliminary_estimated_construction_at_the_beginning_of_theproject_in_a_selected_base_year","missing":0,"mean":554.4198,"std":275.10596,"min":193.08,"median":522.45499,"max":3436.92993,"unique":314},{"colName":"duration","missing":0,"mean":6.26613,"std":2.0965,"min":2,"median":6,"max":23,"unique":16},{"colName":"price_of_the_unit_at_the_beginning","missing":0,"mean":1088.11828,"std":995.82617,"min":40,"median":805,"max":5700,"unique":121},{"colName":"number_of_building_permits_issued_in_t-1","missing":0,"mean":4210.99805,"std":1776.64514,"min":1562,"median":3629,"max":7196,"unique":66},{"colName":"bsi_in_t-1","missing":0,"mean":94.42796,"std":62.89143,"min":12.1,"median":74.9,"max":274,"unique":67},{"colName":"wpi_of_building_materials_for_the_base_year_in_t-1","missing":0,"mean":88.05048,"std":49.3643,"min":10.03,"median":79.28,"max":225,"unique":67},{"colName":"total_floor_area_of_building_permit_issued_iby_gov_in_t-1","missing":0,"mean":3.60532,"std":1.61624,"min":0.92,"median":3.25,"max":6.88,"unique":65},{"colName":"cumulative_liquidity_in_t-1","missing":0,"mean":641111.625,"std":542163.75,"min":38193.64062,"median":445458.34375,"max":2171922.75,"unique":67},{"colName":"private_sector_investment_in_new_buildings_in_t-1","missing":0,"mean":4805.55322,"std":3947.15576,"min":287.20001,"median":3819,"max":18690.90039,"unique":67},{"colName":"land_price_index_in_t-1","missing":0,"mean":98.67782,"std":73.01541,"min":13.6,"median":87.05,"max":319.38,"unique":67},{"colName":"number_of_loans_extended_by_banks_in_t-1","missing":0,"mean":182.00212,"std":110.71137,"min":17.03,"median":162.75,"max":432.39999,"unique":67},{"colName":"amount_of_loans_extended_by_banks_in_t-1","missing":0,"mean":18861.35156,"std":21313.73438,"min":154.39999,"median":10445.59961,"max":73143.5,"unique":67},{"colName":"intrest_rate_in_t-1","missing":0,"mean":14.06989,"std":1.52622,"min":11,"median":15,"max":15,"unique":4},{"colName":"average_construction_cost_completion_of_project_in_t-1","missing":0,"mean":1327.45837,"std":868.49127,"min":170.3,"median":1023.70001,"max":4188.6499,"unique":67},{"colName":"average_of_construction_cost_beginning_of_project_in_t-1","missing":0,"mean":1466.26917,"std":957.24463,"min":211.10001,"median":1203.30005,"max":4741.56006,"unique":66},{"colName":"exchange_rate_in_t-1","missing":0,"mean":5934.19482,"std":3543.37598,"min":1591.75,"median":8209.89502,"max":9967.33008,"unique":37},{"colName":"non-official_exchange_rate_in_t-1","missing":0,"mean":7805.0376,"std":1987.19641,"min":1601,"median":8393,"max":10099.2998,"unique":67},{"colName":"cpi_in_t-1","missing":0,"mean":88.38013,"std":45.77414,"min":11.62,"median":84.46,"max":204.7,"unique":67},{"colName":"cpi_of_housing,_water,_fuel,_and_power_in_t-1","missing":0,"mean":87.07397,"std":51.7339,"min":10.06,"median":81.47,"max":222.60001,"unique":67},{"colName":"stock_market_index_in_t-1","missing":0,"mean":6604.94482,"std":4244.44629,"min":354.54999,"median":7334.78003,"max":13596.37012,"unique":67},{"colName":"population_of_the_city_in_t-1","missing":0,"mean":28296.93555,"std":13870.61133,"min":8435.75,"median":26437.875,"max":50928,"unique":67},{"colName":"gold_price_in_t-1","missing":0,"mean":1041556.375,"std":633013,"min":141542.59375,"median":825510.75,"max":2606321,"unique":67},{"colName":"number_of_building_permits_issued_in_t-2","missing":0,"mean":3990.0144,"std":1623.46826,"min":1562,"median":3561,"max":7196,"unique":66},{"colName":"bsi_in_t-2","missing":0,"mean":89.63441,"std":58.90027,"min":11.6,"median":71.15,"max":267.79999,"unique":67},{"colName":"wpi_of_building_materials_for_the_base_year_in_t-2","missing":0,"mean":84.38363,"std":46.90707,"min":8.5,"median":77.46,"max":225,"unique":67},{"colName":"total_floor_area_of_building_permit_issued_by_gov_in_t-2","missing":0,"mean":3.41277,"std":1.47395,"min":0.92,"median":3.15,"max":6.88,"unique":65},{"colName":"cumulative_liquidity_in_t-2","missing":0,"mean":600257.1875,"std":510399.75,"min":35859.39844,"median":422305.84375,"max":2116613.75,"unique":67},{"colName":"private_sector_investment_in_new_buildings_in_t-2","missing":0,"mean":4594.8042,"std":3843.34717,"min":287.20001,"median":3663.5,"max":18690.90039,"unique":67},{"colName":"land_price_index_in_t-2","missing":0,"mean":92.1488,"std":66.32218,"min":12.67,"median":83.8,"max":306.92999,"unique":67},{"colName":"number_of_loans_extended_by_banks_in_t-2","missing":0,"mean":186.68788,"std":105.48873,"min":17.03,"median":167.05,"max":432.39999,"unique":67},{"colName":"amount_of_loans_extended_by_banks_in_t-2","missing":0,"mean":18415.29883,"std":20369.88477,"min":154.39999,"median":10866.4502,"max":73143.5,"unique":67},{"colName":"intrest_rate_in_t-2","missing":0,"mean":14.18011,"std":1.41701,"min":11,"median":15,"max":15,"unique":4},{"colName":"average_construction_cost_completion_of_project_in_t-2","missing":0,"mean":1249.0177,"std":819.11285,"min":165.10001,"median":1009.95001,"max":3962.23999,"unique":67},{"colName":"average_of_construction_cost_beginning_of_project_in_t-2","missing":0,"mean":1385.72339,"std":887.12817,"min":208.60001,"median":1176.5,"max":4472.2998,"unique":66},{"colName":"exchange_rate_in_t-2","missing":0,"mean":5723.67529,"std":3575.05298,"min":1504.35999,"median":8075.27002,"max":9967.33008,"unique":37},{"colName":"non-official_exchange_rate_in_t-2","missing":0,"mean":7713.58887,"std":2049.68237,"min":1582,"median":8382,"max":10099.2998,"unique":67},{"colName":"cpi_in_t-2","missing":0,"mean":84.90611,"std":43.91428,"min":10.86,"median":81.6,"max":201.66,"unique":67},{"colName":"cpi_of_housing,_water,_fuel,_and_power_in_t-2","missing":0,"mean":83.43401,"std":49.5329,"min":9.79,"median":78.485,"max":218.39999,"unique":67},{"colName":"stock_market_index_in_t-2","missing":0,"mean":6462.12354,"std":4289.69189,"min":354.54999,"median":5900.01514,"max":13596.37012,"unique":67},{"colName":"population_of_the_city_in_t-2","missing":0,"mean":29169.71484,"std":12200.63965,"min":8435.75,"median":31940.25,"max":50928,"unique":67},{"colName":"gold_price_in_t-2","missing":0,"mean":987881.125,"std":585244.25,"min":129102.39844,"median":802772.59375,"max":2435004.25,"unique":67},{"colName":"number_of_building_permits_issued_in_t-3","missing":0,"mean":3885.66064,"std":1576.33948,"min":1562,"median":3561,"max":7196,"unique":66},{"colName":"bsi_in_t-3","missing":0,"mean":85.21021,"std":55.21605,"min":11.4,"median":67.8,"max":261.5,"unique":67},{"colName":"wpi_of_building_materials_for_the_base_year_in_t-3","missing":0,"mean":81.18062,"std":44.80416,"min":6.97,"median":74.71,"max":225,"unique":67},{"colName":"total_floor_area_of_building_permit_issued_iby_gov_in_t-3","missing":0,"mean":3.35997,"std":1.50887,"min":0.92,"median":3.05,"max":6.88,"unique":65},{"colName":"cumulative_liquidity_in_t-3","missing":0,"mean":563181.5,"std":480279,"min":32793.69922,"median":399812.75,"max":1970485.125,"unique":67},{"colName":"private_sector_investment_in_new_buildings_in_t-3","missing":0,"mean":4238.75293,"std":3354.48022,"min":287.20001,"median":3755.80005,"max":18690.90039,"unique":67},{"colName":"land_price_index_in_t-3","missing":0,"mean":86.4911,"std":60.88335,"min":11.73,"median":79.3,"max":306.70001,"unique":67},{"colName":"number_of_loans_extended_by_banks_in_t-3","missing":0,"mean":174.28578,"std":95.08323,"min":17.03,"median":167.05,"max":432.39999,"unique":67},{"colName":"amount_of_loans_extended_by_banks_in_t-3","missing":0,"mean":16370.39551,"std":17955.33789,"min":154.39999,"median":9342.4502,"max":73143.5,"unique":67},{"colName":"intrest_rate_in_t-3","missing":0,"mean":14.26344,"std":1.34604,"min":11,"median":15,"max":15,"unique":4},{"colName":"average_construction_cost_completion_of_project_in_t-3","missing":0,"mean":1188.9812,"std":757.59778,"min":165.10001,"median":956.04999,"max":3746.01001,"unique":67},{"colName":"average_of_construction_cost_beginning_of_project_in_t-3","missing":0,"mean":1314.67163,"std":824.26874,"min":208.60001,"median":1054.64996,"max":4215.9502,"unique":66},{"colName":"exchange_rate_in_t-3","missing":0,"mean":5589.88428,"std":3571.2395,"min":1450.46997,"median":7989.54492,"max":9967.33008,"unique":37},{"colName":"non-official_exchange_rate_in_t-3","missing":0,"mean":7623.29883,"std":2109.05078,"min":1507,"median":8353.5,"max":10099.2998,"unique":67},{"colName":"cpi_in_t-3","missing":0,"mean":81.65503,"std":42.12536,"min":10.17,"median":77.535,"max":196.75999,"unique":67},{"colName":"cpi_of_housing,_water,_fuel,_and_power_in_t-3","missing":0,"mean":79.71245,"std":47.13822,"min":9.35,"median":75.29,"max":215,"unique":67},{"colName":"stock_market_index_in_t-3","missing":0,"mean":6349.5166,"std":4359.16943,"min":354.54999,"median":5096.97021,"max":13596.37012,"unique":67},{"colName":"population_of_the_city_in_t-3","missing":0,"mean":27456.40234,"std":10986.62988,"min":8435.75,"median":24786,"max":50928,"unique":67},{"colName":"gold_price_in_t-3","missing":0,"mean":939045.1875,"std":545928.5,"min":123618,"median":740309.15625,"max":2435004.25,"unique":67},{"colName":"number_of_building_permits_issued_in_t-4","missing":0,"mean":3865.85156,"std":1617.76221,"min":1562,"median":3321,"max":7196,"unique":66},{"colName":"bsi_in_t-4","missing":0,"mean":80.76048,"std":51.32578,"min":10.6,"median":64.4,"max":259.5,"unique":67},{"colName":"wpi_of_building_materials_for_the_base_year_in_t-4","missing":0,"mean":78.06379,"std":42.53227,"min":5.44,"median":71.94,"max":225,"unique":67},{"colName":"total_floor_area_of_building_permit_issued_iby_gov_in_t-4","missing":0,"mean":3.19312,"std":1.35013,"min":0.92,"median":2.945,"max":6.88,"unique":65},{"colName":"cumulative_liquidity_in_t-4","missing":0,"mean":525387.5625,"std":449422.84375,"min":30012.46094,"median":373643.84375,"max":1901366,"unique":67},{"colName":"private_sector_investment_in_new_buildings_in_t-4","missing":0,"mean":3944.4231,"std":2975.23047,"min":287.20001,"median":3755.80005,"max":18690.90039,"unique":67},{"colName":"land_price_index_in_t-4","missing":0,"mean":81.53591,"std":55.81291,"min":10.79,"median":75.6,"max":306.70001,"unique":67},{"colName":"number_of_loans_extended_by_banks_in_t-4","missing":0,"mean":145.83517,"std":90.52928,"min":17.03,"median":119.75,"max":432.39999,"unique":67},{"colName":"amount_of_loans_extended_by_banks_in_t-4","missing":0,"mean":13350.97461,"std":16097.86035,"min":154.39999,"median":7834.2002,"max":73143.5,"unique":67},{"colName":"intrest_rate_in_t-4","missing":0,"mean":14.31452,"std":1.29294,"min":11,"median":15,"max":15,"unique":4},{"colName":"average_construction_cost_completion_of_project_in_t-4","missing":0,"mean":1140.08533,"std":731.43231,"min":165.10001,"median":896.75,"max":3499.3999,"unique":67},{"colName":"average_of_construction_cost_beginning_of_project_in_t-4","missing":0,"mean":1245.39807,"std":766.88428,"min":158.45,"median":971.5,"max":3823.6001,"unique":66},{"colName":"exchange_rate_in_t-4","missing":0,"mean":5522.35107,"std":3549.68652,"min":1439,"median":7953.77002,"max":9967.33008,"unique":37},{"colName":"non-official_exchange_rate_in_t-4","missing":0,"mean":7537.0376,"std":2152.96973,"min":1450,"median":8325,"max":10099.2998,"unique":67},{"colName":"cpi_in_t-4","missing":0,"mean":78.92535,"std":40.62572,"min":9.91,"median":74.495,"max":191.63,"unique":67},{"colName":"cpi_of_housing,_water,_fuel,_and_power_in_t-4","missing":0,"mean":76.31785,"std":45.0869,"min":8.85,"median":71.46,"max":212.10001,"unique":67},{"colName":"stock_market_index_in_t-4","missing":0,"mean":6131.09961,"std":4302.54199,"min":354.54999,"median":4909.71997,"max":13596.37012,"unique":67},{"colName":"population_of_the_city_in_t-4","missing":0,"mean":23469.62891,"std":11736.68262,"min":8435.75,"median":21855,"max":50928,"unique":67},{"colName":"gold_price_in_t-4","missing":0,"mean":910297.125,"std":529829.8125,"min":121857.20312,"median":681120.15625,"max":2435004.25,"unique":67},{"colName":"number_of_building_permits_issued_in_t-5","missing":0,"mean":3757.43604,"std":1572.26599,"min":1381,"median":3255,"max":7196,"unique":66},{"colName":"bsi_in_t-5","missing":0,"mean":76.64732,"std":48.00007,"min":10,"median":60.85,"max":255.8,"unique":67},{"colName":"wpi_of_building_materials_for_the_base_year_in_t-5","missing":0,"mean":74.52433,"std":40.37558,"min":3.91,"median":68.18,"max":225,"unique":67},{"colName":"total_floor_area_of_building_permit_issued_iby_gov_in_t-5","missing":0,"mean":3.16011,"std":1.30431,"min":0.92,"median":2.84,"max":6.88,"unique":66},{"colName":"cumulative_liquidity_in_t-5","missing":0,"mean":493873.5,"std":422494.125,"min":27231.21094,"median":352256.04688,"max":1704943.75,"unique":67},{"colName":"private_sector_investment_in_new_buildings_in_t-5","missing":0,"mean":3588.07739,"std":2661.58545,"min":287.20001,"median":3485.80005,"max":18690.90039,"unique":67},{"colName":"land_price_index_in_t-5","missing":0,"mean":76.56218,"std":50.1454,"min":9.85,"median":72.25,"max":306.70001,"unique":67},{"colName":"number_of_loans_extended_by_banks_in_t-5","missing":0,"mean":174.58545,"std":112.80473,"min":14.15,"median":148.8,"max":432.39999,"unique":67},{"colName":"amount_of_loans_extended_by_banks_in_t-5","missing":0,"mean":15297.0332,"std":19026.49414,"min":152.60001,"median":7874.3999,"max":73143.5,"unique":67},{"colName":"intrest_rate_in_t-5","missing":0,"mean":14.4543,"std":1.0668,"min":11,"median":15,"max":15,"unique":4},{"colName":"average_construction_cost_completion_of_project_in_t-5","missing":0,"mean":1081.9519,"std":682.52625,"min":165.10001,"median":859.10001,"max":3447.80005,"unique":67},{"colName":"average_of_construction_cost_beginning_of_project_in_t-5","missing":0,"mean":1187.48474,"std":708.13977,"min":152.25,"median":938.40002,"max":3686.30005,"unique":66},{"colName":"exchange_rate_in_t-5","missing":0,"mean":5403.21289,"std":3534.42871,"min":1439,"median":7927.57007,"max":9967.33008,"unique":37},{"colName":"non-official_exchange_rate_in_t-5","missing":0,"mean":7431.56055,"std":2210.89282,"min":1450,"median":8315,"max":10099.2998,"unique":67},{"colName":"cpi_in_t-5","missing":0,"mean":76.28882,"std":39.50719,"min":9.73,"median":72.565,"max":190.5,"unique":67},{"colName":"cpi_of_housing,_water,_fuel,_and_power_in_t-5","missing":0,"mean":73.4464,"std":43.72601,"min":8.34,"median":67.455,"max":204.8,"unique":67},{"colName":"stock_market_index_in_t-5","missing":0,"mean":5915.57715,"std":4282.64111,"min":354.54999,"median":4525.37012,"max":13596.37012,"unique":67},{"colName":"population_of_the_city_in_t-5","missing":0,"mean":27551.88086,"std":13516.2832,"min":8194,"median":25758.75,"max":49572,"unique":67},{"colName":"gold_price_in_t-5","missing":0,"mean":878971.375,"std":506732.0625,"min":121857.20312,"median":659242.96875,"max":2435004.25,"unique":67},{"colName":"actual_sales_price","missing":0,"mean":1387.4328,"std":1206.08305,"min":50,"median":1000,"max":6800,"unique":117},{"colName":"construction_cost","missing":0,"mean":232.64785,"std":162.62766,"min":20,"median":190,"max":1000,"unique":62}],"tasks":[{"type":"upload","parentPipelineFilename":null,"currentPipelineFilename":null}],"isParent":true,"isDeleted":false,"_id":"625cec45c73e7b0023477ac8","fileSource":"upload","dataGroupId":"625cebc1c73e7b0023477ac4","filename":"dataflow-Construction_Cost_pred-1650256965.pkl","fileSize":153626,"noOfRows":"372","noOfCols":"109","projectId":"625cebc1c73e7b0023477ac3","createdBy":"6239c25c5c84bb00c656c07c","rawFileName":"dataflow-Construction_Cost_pred-1650256965.json","createdAt":"2022-04-18T04:42:45.913Z","updatedAt":"2022-04-18T04:42:45.913Z","__v":0,"currentEdaId":"625ced12c73e7b0023477acd"}]