[{"_id":"625ced61c73e7b0023477ad2","createdBy":"6239c25c5c84bb00c656c07c","projectId":"625cebc1c73e7b0023477ac3","trainingId":"625ced60c73e7b0023477ad0","modelMetaData":{"modelTuning":null,"algoName":"Linear Regression","modelPath":"linear_regression-1650257248.sav","dev":{"testScore":0.8427508892387863,"losses":[{"name":"Mean Square Error","value":4621.14990234375},{"name":"Mean Absolute Error","value":29.700000762939453},{"name":"Root Mean Square Error","value":67.9800033569336},{"name":"Median Square Error","value":14.140000343322754},{"name":"Mean Square Log Error","value":1}],"rSquared":0.8393671961061496,"adjustedRsq":0,"overallScore":0.6504375537372203,"varianceIFactor":0.8461345823714228},"holdout":{"testScore":0.9375554966379032,"losses":[{"name":"Mean Square Error","value":1946.8399658203125},{"name":"Mean Absolute Error","value":21.950000762939453},{"name":"Root Mean Square Error","value":44.119998931884766},{"name":"Median Square Error","value":10.479999542236328},{"name":"Mean Square Log Error","value":0.07999999821186066}],"rSquared":0.9368370531395922,"adjustedRsq":0,"overallScore":0.5744793948689163,"varianceIFactor":0.938273940136214},"timeElapsed":0.5069525241851807,"bestParams":{"hpt":[{"name":"positive","data":false}]},"featureCoefficient":[{"colName":"duration","coefficient":4.3322},{"colName":"land_price_index_in_t-1","coefficient":2.8026},{"colName":"preliminary_estimated_construction_cost_at_the_beginning","coefficient":1.5387},{"colName":"wpi_of_building_materials_for_the_base_year_in_t-4","coefficient":0.9535},{"colName":"wpi_of_building_materials_for_the_base_year_in_t-5","coefficient":0.8569},{"colName":"wpi_of_building_materials_for_the_base_year_in_t-3","coefficient":0.7373},{"colName":"number_of_loans_extended_by_banks_in_t-5","coefficient":0.6856},{"colName":"population_of_the_city_in_t-5","coefficient":0.6612},{"colName":"intrest_rate_in_t-3","coefficient":0.4932},{"colName":"bsi_in_t-1","coefficient":0.4411},{"colName":"cpi_in_t-1","coefficient":0.4405},{"colName":"total_floor_area_of_building_permit_issued_by_gov_in_t-2","coefficient":0.3354},{"colName":"number_of_loans_extended_by_banks_in_t-2","coefficient":0.2403},{"colName":"number_of_loans_extended_by_banks_in_t-4","coefficient":0.1595},{"colName":"average_construction_cost_completion_of_project_in_t-1","coefficient":0.1522},{"colName":"average_of_construction_cost_beginning_of_project_in_t-4","coefficient":0.1233},{"colName":"zip_code","coefficient":0.1112},{"colName":"bsi_in_t-4","coefficient":0.1016},{"colName":"intrest_rate_in_t-4","coefficient":0.0821},{"colName":"actual_sales_price","coefficient":0.0732},{"colName":"number_of_loans_extended_by_banks_in_t-3","coefficient":0.0716},{"colName":"private_sector_investment_in_new_buildings_in_t-1","coefficient":0.0655},{"colName":"population_of_the_city_in_t-3","coefficient":0.0639},{"colName":"population_of_the_city_in_t-4","coefficient":0.0623},{"colName":"population_of_the_city_in_t-2","coefficient":0.0611},{"colName":"stock_market_index_in_t-4","coefficient":0.048},{"colName":"private_sector_investment_in_new_buildings_in_t-5","coefficient":0.047},{"colName":"private_sector_investment_in_new_buildings_in_t-2","coefficient":0.0308},{"colName":"lot_area","coefficient":0.0241},{"colName":"private_sector_investment_in_new_buildings_in_t-3","coefficient":0.0191},{"colName":"number_of_building_permits_issued_in_t-2","coefficient":0.0165},{"colName":"stock_market_index_in_t-5","coefficient":0.0156},{"colName":"total_preliminary_estimated_construction_cost_at_the_beginning","coefficient":0.0154},{"colName":"exchange_rate_in_t-4","coefficient":0.0117},{"colName":"amount_of_loans_extended_by_banks_in_t-5","coefficient":0.0113},{"colName":"amount_of_loans_extended_by_banks_in_t-3","coefficient":0.0089},{"colName":"cumulative_liquidity_in_t-2","coefficient":0.0048},{"colName":"non-official_exchange_rate_in_t-4","coefficient":0.0045},{"colName":"cumulative_liquidity_in_t-5","coefficient":0.0033},{"colName":"amount_of_loans_extended_by_banks_in_t-4","coefficient":0.0002},{"colName":"gold_price_in_t-1","coefficient":0.0001},{"colName":"gold_price_in_t-3","coefficient":0},{"colName":"gold_price_in_t-5","coefficient":0},{"colName":"gold_price_in_t-2","coefficient":-0.0002},{"colName":"gold_price_in_t-4","coefficient":-0.0003},{"colName":"amount_of_loans_extended_by_banks_in_t-1","coefficient":-0.0004},{"colName":"amount_of_loans_extended_by_banks_in_t-2","coefficient":-0.0008},{"colName":"cumulative_liquidity_in_t-1","coefficient":-0.002},{"colName":"cumulative_liquidity_in_t-4","coefficient":-0.0027},{"colName":"stock_market_index_in_t-2","coefficient":-0.0031},{"colName":"cumulative_liquidity_in_t-3","coefficient":-0.0036},{"colName":"exchange_rate_in_t-1","coefficient":-0.0046},{"colName":"total_floor_area_","coefficient":-0.0094},{"colName":"non-official_exchange_rate_in_t-3","coefficient":-0.0113},{"colName":"exchange_rate_in_t-3","coefficient":-0.0114},{"colName":"non-official_exchange_rate_in_t-5","coefficient":-0.0142},{"colName":"exchange_rate_in_t-5","coefficient":-0.016},{"colName":"stock_market_index_in_t-3","coefficient":-0.0168},{"colName":"non-official_exchange_rate_in_t-2","coefficient":-0.0188},{"colName":"private_sector_investment_in_new_buildings_in_t-4","coefficient":-0.025},{"colName":"exchange_rate_in_t-2","coefficient":-0.0253},{"colName":"number_of_building_permits_issued_in_t-3","coefficient":-0.0259},{"colName":"average_of_construction_cost_beginning_of_project_in_t-2","coefficient":-0.0313},{"colName":"equivalent_preliminary_estimated_construction_at_the_beginning_of_theproject_in_a_selected_base_year","coefficient":-0.0332},{"colName":"stock_market_index_in_t-1","coefficient":-0.0356},{"colName":"number_of_building_permits_issued_in_t-4","coefficient":-0.0368},{"colName":"number_of_building_permits_issued_in_t-5","coefficient":-0.0372},{"colName":"number_of_building_permits_issued_in_t-1","coefficient":-0.0381},{"colName":"average_of_construction_cost_beginning_of_project_in_t-3","coefficient":-0.0446},{"colName":"average_construction_cost_completion_of_project_in_t-5","coefficient":-0.0546},{"colName":"total_floor_area_of_building_permit_issued_iby_gov_in_t-1","coefficient":-0.0576},{"colName":"non-official_exchange_rate_in_t-1","coefficient":-0.0624},{"colName":"total_floor_area_of_building_permit_issued_iby_gov_in_t-3","coefficient":-0.0635},{"colName":"average_of_construction_cost_beginning_of_project_in_t-5","coefficient":-0.0754},{"colName":"price_of_the_unit_at_the_beginning","coefficient":-0.0964},{"colName":"average_construction_cost_completion_of_project_in_t-2","coefficient":-0.1139},{"colName":"cpi_in_t-2","coefficient":-0.1325},{"colName":"intrest_rate_in_t-2","coefficient":-0.1414},{"colName":"average_construction_cost_completion_of_project_in_t-4","coefficient":-0.1493},{"colName":"cpi_in_t-3","coefficient":-0.1556},{"colName":"cpi_of_housing,_water,_fuel,_and_power_in_t-1","coefficient":-0.1601},{"colName":"total_floor_area_of_building_permit_issued_iby_gov_in_t-5","coefficient":-0.1842},{"colName":"average_construction_cost_completion_of_project_in_t-3","coefficient":-0.2016},{"colName":"cpi_of_housing,_water,_fuel,_and_power_in_t-3","coefficient":-0.2049},{"colName":"cpi_of_housing,_water,_fuel,_and_power_in_t-4","coefficient":-0.265},{"colName":"intrest_rate_in_t-5","coefficient":-0.2942},{"colName":"average_of_construction_cost_beginning_of_project_in_t-1","coefficient":-0.3293},{"colName":"cpi_in_t-4","coefficient":-0.354},{"colName":"total_floor_area_of_building_permit_issued_iby_gov_in_t-4","coefficient":-0.3611},{"colName":"bsi_in_t-2","coefficient":-0.462},{"colName":"bsi_in_t-3","coefficient":-0.5484},{"colName":"wpi_of_building_materials_for_the_base_year_in_t-1","coefficient":-0.5703},{"colName":"intrest_rate_in_t-1","coefficient":-0.5711},{"colName":"population_of_the_city_in_t-1","coefficient":-0.5779},{"colName":"wpi_of_building_materials_for_the_base_year_in_t-2","coefficient":-0.6069},{"colName":"bsi_in_t-5","coefficient":-0.6743},{"colName":"land_price_index_in_t-2","coefficient":-0.7925},{"colName":"land_price_index_in_t-4","coefficient":-0.8395},{"colName":"cpi_of_housing,_water,_fuel,_and_power_in_t-2","coefficient":-0.8399},{"colName":"land_price_index_in_t-3","coefficient":-0.8878},{"colName":"number_of_loans_extended_by_banks_in_t-1","coefficient":-0.9364},{"colName":"cpi_in_t-5","coefficient":-0.9514},{"colName":"cpi_of_housing,_water,_fuel,_and_power_in_t-5","coefficient":-1.0117},{"colName":"land_price_index_in_t-5","coefficient":-1.4173}],"cvData":{"cvScore":-194.1113037109375,"status":"done"}},"trainPipeFilePath":"task_pipeline-1650257248.pkl","hptPreference":null,"reTrainFileId":null,"isDataSplitted":true,"status":"success","idealPersona":null,"transformedDatasetPath":"transformed_data_dict-1650257248.pkl","edaId":null,"createdAt":"2022-04-18T04:47:29.156Z","__v":0,"validationStrategy":{"metric":"neg_mean_absolute_error","technique":"kFold","nSplit":5}},{"_id":"625ced61c73e7b0023477ad3","createdBy":"6239c25c5c84bb00c656c07c","projectId":"625cebc1c73e7b0023477ac3","trainingId":"625ced60c73e7b0023477ad0","modelMetaData":{"modelTuning":null,"algoName":"Polynomial Regression","modelPath":"polynomial_regression-1650257248.sav","dev":{"testScore":0,"losses":[{"name":"Mean Square Error","value":113572.7578125},{"name":"Mean Absolute Error","value":72.20999908447266},{"name":"Root Mean Square Error","value":337.010009765625},{"name":"Median Square Error","value":14.8100004196167},{"name":"Mean Square Log Error","value":0.11999999731779099}],"rSquared":0,"adjustedRsq":0,"overallScore":0,"varianceIFactor":-1},"holdout":{"testScore":0.9010051197531304,"losses":[{"name":"Mean Square Error","value":3071.169921875},{"name":"Mean Absolute Error","value":28.899999618530273},{"name":"Root Mean Square Error","value":55.41999816894531},{"name":"Median Square Error","value":13.5600004196167},{"name":"Mean Square Log Error","value":0.05000000074505806}],"rSquared":0.9003590848680494,"adjustedRsq":0,"overallScore":0.6976834430315083,"varianceIFactor":0.9016511546382112},"timeElapsed":0.7983613014221191,"bestParams":{"hpt":[{"name":"degree","data":2},{"name":"interaction_only","data":false},{"name":"include_bias","data":true}]},"cvData":{"cvScore":-170.44908294677734,"status":"done"}},"trainPipeFilePath":"task_pipeline-1650257248.pkl","hptPreference":null,"reTrainFileId":null,"isDataSplitted":true,"status":"success","idealPersona":null,"transformedDatasetPath":"transformed_data_dict-1650257248.pkl","edaId":null,"createdAt":"2022-04-18T04:47:29.306Z","__v":0,"validationStrategy":{"metric":"neg_mean_absolute_error","technique":"kFold","nSplit":5}},{"_id":"625ced61c73e7b0023477ad6","createdBy":"6239c25c5c84bb00c656c07c","projectId":"625cebc1c73e7b0023477ac3","trainingId":"625ced60c73e7b0023477ad0","modelMetaData":{"modelTuning":null,"algoName":"Random Forest Regression","modelPath":"random_forest_regression-1650257249.sav","dev":{"testScore":0.9436412499285849,"losses":[{"name":"Mean Square Error","value":1621.35},{"name":"Mean Absolute Error","value":25.56},{"name":"Root Mean Square Error","value":40.27},{"name":"Median Square Error","value":18},{"name":"Mean Square Log Error","value":0.04}],"rSquared":0.9436412348938397,"adjustedRsq":0,"overallScore":0.7344659411193385,"varianceIFactor":0.9436412649633302},"holdout":{"testScore":0.8949832981022122,"losses":[{"name":"Mean Square Error","value":3307.95},{"name":"Mean Absolute Error","value":27.13},{"name":"Root Mean Square Error","value":57.51},{"name":"Median Square Error","value":14},{"name":"Mean Square Log Error","value":0.03}],"rSquared":0.8926771883645579,"adjustedRsq":0,"overallScore":0.6942840743792057,"varianceIFactor":0.8972894078398665},"timeElapsed":0.45714521408081055,"bestParams":{"hpt":[{"name":"n_estimators","data":10},{"name":"criterion","data":"squared_error"},{"name":"max_depth","data":null},{"name":"min_samples_split","data":2},{"name":"min_samples_leaf","data":1},{"name":"min_weight_fraction_leaf","data":0},{"name":"max_features","data":"auto"},{"name":"max_leaf_nodes","data":null},{"name":"min_impurity_decrease","data":0}]},"featureImportance":[{"colName":"actual_sales_price","importance":0.0114},{"colName":"amount_of_loans_extended_by_banks_in_t-1","importance":0.0001},{"colName":"amount_of_loans_extended_by_banks_in_t-2","importance":0.0027},{"colName":"amount_of_loans_extended_by_banks_in_t-3","importance":0.0006},{"colName":"amount_of_loans_extended_by_banks_in_t-4","importance":0.0012},{"colName":"amount_of_loans_extended_by_banks_in_t-5","importance":0.0006},{"colName":"average_construction_cost_completion_of_project_in_t-1","importance":0.0006},{"colName":"average_construction_cost_completion_of_project_in_t-2","importance":0},{"colName":"average_construction_cost_completion_of_project_in_t-3","importance":0.0001},{"colName":"average_construction_cost_completion_of_project_in_t-4","importance":0.0001},{"colName":"average_construction_cost_completion_of_project_in_t-5","importance":0.0007},{"colName":"average_of_construction_cost_beginning_of_project_in_t-1","importance":0.0015},{"colName":"average_of_construction_cost_beginning_of_project_in_t-2","importance":0.0009},{"colName":"average_of_construction_cost_beginning_of_project_in_t-3","importance":0.0001},{"colName":"average_of_construction_cost_beginning_of_project_in_t-4","importance":0.0001},{"colName":"average_of_construction_cost_beginning_of_project_in_t-5","importance":0.0014},{"colName":"bsi_in_t-1","importance":0},{"colName":"bsi_in_t-2","importance":0},{"colName":"bsi_in_t-3","importance":0.0023},{"colName":"bsi_in_t-4","importance":0},{"colName":"bsi_in_t-5","importance":0.0012},{"colName":"cpi_in_t-1","importance":0.0007},{"colName":"cpi_in_t-2","importance":0.0001},{"colName":"cpi_in_t-3","importance":0.0001},{"colName":"cpi_in_t-4","importance":0},{"colName":"cpi_in_t-5","importance":0.0001},{"colName":"cpi_of_housing,_water,_fuel,_and_power_in_t-1","importance":0},{"colName":"cpi_of_housing,_water,_fuel,_and_power_in_t-2","importance":0.0011},{"colName":"cpi_of_housing,_water,_fuel,_and_power_in_t-3","importance":0},{"colName":"cpi_of_housing,_water,_fuel,_and_power_in_t-4","importance":0},{"colName":"cpi_of_housing,_water,_fuel,_and_power_in_t-5","importance":0},{"colName":"cumulative_liquidity_in_t-1","importance":0},{"colName":"cumulative_liquidity_in_t-2","importance":0},{"colName":"cumulative_liquidity_in_t-3","importance":0},{"colName":"cumulative_liquidity_in_t-4","importance":0},{"colName":"cumulative_liquidity_in_t-5","importance":0.0004},{"colName":"duration","importance":0.0062},{"colName":"equivalent_preliminary_estimated_construction_at_the_beginning_of_theproject_in_a_selected_base_year","importance":0.0022},{"colName":"exchange_rate_in_t-1","importance":0},{"colName":"exchange_rate_in_t-2","importance":0},{"colName":"exchange_rate_in_t-3","importance":0},{"colName":"exchange_rate_in_t-4","importance":0},{"colName":"exchange_rate_in_t-5","importance":0},{"colName":"gold_price_in_t-1","importance":0},{"colName":"gold_price_in_t-2","importance":0.0001},{"colName":"gold_price_in_t-3","importance":0.0022},{"colName":"gold_price_in_t-4","importance":0},{"colName":"gold_price_in_t-5","importance":0},{"colName":"intrest_rate_in_t-1","importance":0},{"colName":"intrest_rate_in_t-2","importance":0},{"colName":"intrest_rate_in_t-3","importance":0},{"colName":"intrest_rate_in_t-4","importance":0},{"colName":"intrest_rate_in_t-5","importance":0.0001},{"colName":"land_price_index_in_t-1","importance":0},{"colName":"land_price_index_in_t-2","importance":0},{"colName":"land_price_index_in_t-3","importance":0.0013},{"colName":"land_price_index_in_t-4","importance":0.0013},{"colName":"land_price_index_in_t-5","importance":0},{"colName":"lot_area","importance":0.0006},{"colName":"non-official_exchange_rate_in_t-1","importance":0.0011},{"colName":"non-official_exchange_rate_in_t-2","importance":0.0002},{"colName":"non-official_exchange_rate_in_t-3","importance":0},{"colName":"non-official_exchange_rate_in_t-4","importance":0.0004},{"colName":"non-official_exchange_rate_in_t-5","importance":0.0004},{"colName":"number_of_building_permits_issued_in_t-1","importance":0.0007},{"colName":"number_of_building_permits_issued_in_t-2","importance":0.0008},{"colName":"number_of_building_permits_issued_in_t-3","importance":0.0006},{"colName":"number_of_building_permits_issued_in_t-4","importance":0.0003},{"colName":"number_of_building_permits_issued_in_t-5","importance":0},{"colName":"number_of_loans_extended_by_banks_in_t-1","importance":0.0017},{"colName":"number_of_loans_extended_by_banks_in_t-2","importance":0.0007},{"colName":"number_of_loans_extended_by_banks_in_t-3","importance":0.0005},{"colName":"number_of_loans_extended_by_banks_in_t-4","importance":0.0003},{"colName":"number_of_loans_extended_by_banks_in_t-5","importance":0.0003},{"colName":"population_of_the_city_in_t-1","importance":0.0001},{"colName":"population_of_the_city_in_t-2","importance":0.0001},{"colName":"population_of_the_city_in_t-3","importance":0.0002},{"colName":"population_of_the_city_in_t-4","importance":0.0002},{"colName":"population_of_the_city_in_t-5","importance":0},{"colName":"preliminary_estimated_construction_cost_at_the_beginning","importance":0.9391},{"colName":"price_of_the_unit_at_the_beginning","importance":0.0007},{"colName":"private_sector_investment_in_new_buildings_in_t-1","importance":0.0001},{"colName":"private_sector_investment_in_new_buildings_in_t-2","importance":0.0001},{"colName":"private_sector_investment_in_new_buildings_in_t-3","importance":0},{"colName":"private_sector_investment_in_new_buildings_in_t-4","importance":0},{"colName":"private_sector_investment_in_new_buildings_in_t-5","importance":0.0008},{"colName":"stock_market_index_in_t-1","importance":0.001},{"colName":"stock_market_index_in_t-2","importance":0.0004},{"colName":"stock_market_index_in_t-3","importance":0.0002},{"colName":"stock_market_index_in_t-4","importance":0.0004},{"colName":"stock_market_index_in_t-5","importance":0},{"colName":"total_floor_area_","importance":0.0012},{"colName":"total_floor_area_of_building_permit_issued_by_gov_in_t-2","importance":0.0004},{"colName":"total_floor_area_of_building_permit_issued_iby_gov_in_t-1","importance":0.0001},{"colName":"total_floor_area_of_building_permit_issued_iby_gov_in_t-3","importance":0.0001},{"colName":"total_floor_area_of_building_permit_issued_iby_gov_in_t-4","importance":0},{"colName":"total_floor_area_of_building_permit_issued_iby_gov_in_t-5","importance":0},{"colName":"total_preliminary_estimated_construction_cost_at_the_beginning","importance":0.0006},{"colName":"wpi_of_building_materials_for_the_base_year_in_t-1","importance":0},{"colName":"wpi_of_building_materials_for_the_base_year_in_t-2","importance":0.0015},{"colName":"wpi_of_building_materials_for_the_base_year_in_t-3","importance":0.0001},{"colName":"wpi_of_building_materials_for_the_base_year_in_t-4","importance":0.0003},{"colName":"wpi_of_building_materials_for_the_base_year_in_t-5","importance":0.0003},{"colName":"zip_code","importance":0.0012}]},"trainPipeFilePath":"task_pipeline-1650257248.pkl","hptPreference":null,"reTrainFileId":null,"isDataSplitted":true,"status":"success","idealPersona":null,"transformedDatasetPath":"transformed_data_dict-1650257248.pkl","edaId":null,"createdAt":"2022-04-18T04:47:29.789Z","__v":0},{"_id":"625ced62c73e7b0023477ad7","createdBy":"6239c25c5c84bb00c656c07c","projectId":"625cebc1c73e7b0023477ac3","trainingId":"625ced60c73e7b0023477ad0","modelMetaData":{"modelTuning":null,"algoName":"XGBoost Regression","modelPath":"xgboost_regression-1650257249.sav","dev":{"testScore":0.963995607483116,"losses":[{"name":"Mean Square Error","value":1036.0999755859375},{"name":"Mean Absolute Error","value":19.809999465942383},{"name":"Root Mean Square Error","value":32.189998626708984},{"name":"Median Square Error","value":12.369999885559082},{"name":"Mean Square Log Error","value":0.019999999552965164}],"rSquared":0.9639848165016458,"adjustedRsq":0,"overallScore":0.6127166123292662,"varianceIFactor":0.964006398464586},"holdout":{"testScore":0.9037383143771235,"losses":[{"name":"Mean Square Error","value":2988.389892578125},{"name":"Mean Absolute Error","value":24.75},{"name":"Root Mean Square Error","value":54.66999816894531},{"name":"Median Square Error","value":12.199999809265137},{"name":"Mean Square Log Error","value":0.029999999329447746}],"rSquared":0.9030449211730912,"adjustedRsq":0,"overallScore":0.5249920858278706,"varianceIFactor":0.9044317075811558},"timeElapsed":0.673952579498291,"bestParams":{"hpt":[{"name":"max_depth","data":3},{"name":"learning_rate","data":0.1},{"name":"n_estimators","data":100},{"name":"colsample_bytree","data":1},{"name":"gamma","data":0},{"name":"subsample","data":1},{"name":"reg_alpha","data":0},{"name":"scale_pos_weight","data":1}]},"featureImportance":[{"colName":"actual_sales_price","importance":0.009999999776482582},{"colName":"amount_of_loans_extended_by_banks_in_t-1","importance":0.010300000198185444},{"colName":"amount_of_loans_extended_by_banks_in_t-2","importance":0.012199999764561653},{"colName":"amount_of_loans_extended_by_banks_in_t-3","importance":0.01360000018030405},{"colName":"amount_of_loans_extended_by_banks_in_t-4","importance":0.005900000222027302},{"colName":"amount_of_loans_extended_by_banks_in_t-5","importance":0.0003000000142492354},{"colName":"average_construction_cost_completion_of_project_in_t-1","importance":0.02630000002682209},{"colName":"average_construction_cost_completion_of_project_in_t-2","importance":0},{"colName":"average_construction_cost_completion_of_project_in_t-3","importance":0.006200000178068876},{"colName":"average_construction_cost_completion_of_project_in_t-4","importance":0},{"colName":"average_construction_cost_completion_of_project_in_t-5","importance":0},{"colName":"average_of_construction_cost_beginning_of_project_in_t-1","importance":0},{"colName":"average_of_construction_cost_beginning_of_project_in_t-2","importance":0.11180000007152557},{"colName":"average_of_construction_cost_beginning_of_project_in_t-3","importance":0.005100000184029341},{"colName":"average_of_construction_cost_beginning_of_project_in_t-4","importance":0.0007999999797903001},{"colName":"average_of_construction_cost_beginning_of_project_in_t-5","importance":0},{"colName":"bsi_in_t-1","importance":0},{"colName":"bsi_in_t-2","importance":0},{"colName":"bsi_in_t-3","importance":0},{"colName":"bsi_in_t-4","importance":0},{"colName":"bsi_in_t-5","importance":0},{"colName":"cpi_in_t-1","importance":0},{"colName":"cpi_in_t-2","importance":0},{"colName":"cpi_in_t-3","importance":0},{"colName":"cpi_in_t-4","importance":0},{"colName":"cpi_in_t-5","importance":0},{"colName":"cpi_of_housing,_water,_fuel,_and_power_in_t-1","importance":0},{"colName":"cpi_of_housing,_water,_fuel,_and_power_in_t-2","importance":0},{"colName":"cpi_of_housing,_water,_fuel,_and_power_in_t-3","importance":0},{"colName":"cpi_of_housing,_water,_fuel,_and_power_in_t-4","importance":0},{"colName":"cpi_of_housing,_water,_fuel,_and_power_in_t-5","importance":0},{"colName":"cumulative_liquidity_in_t-1","importance":0},{"colName":"cumulative_liquidity_in_t-2","importance":0},{"colName":"cumulative_liquidity_in_t-3","importance":0},{"colName":"cumulative_liquidity_in_t-4","importance":0},{"colName":"cumulative_liquidity_in_t-5","importance":0},{"colName":"duration","importance":0.009700000286102295},{"colName":"equivalent_preliminary_estimated_construction_at_the_beginning_of_theproject_in_a_selected_base_year","importance":0.008700000122189522},{"colName":"exchange_rate_in_t-1","importance":0.0034000000450760126},{"colName":"exchange_rate_in_t-2","importance":0.000699999975040555},{"colName":"exchange_rate_in_t-3","importance":0},{"colName":"exchange_rate_in_t-4","importance":0},{"colName":"exchange_rate_in_t-5","importance":0},{"colName":"gold_price_in_t-1","importance":0.0015999999595806003},{"colName":"gold_price_in_t-2","importance":0.019700000062584877},{"colName":"gold_price_in_t-3","importance":0},{"colName":"gold_price_in_t-4","importance":0},{"colName":"gold_price_in_t-5","importance":0},{"colName":"intrest_rate_in_t-1","importance":0},{"colName":"intrest_rate_in_t-2","importance":0.0003000000142492354},{"colName":"intrest_rate_in_t-3","importance":0},{"colName":"intrest_rate_in_t-4","importance":0.0020000000949949026},{"colName":"intrest_rate_in_t-5","importance":0.008200000040233135},{"colName":"land_price_index_in_t-1","importance":0},{"colName":"land_price_index_in_t-2","importance":0},{"colName":"land_price_index_in_t-3","importance":0},{"colName":"land_price_index_in_t-4","importance":0},{"colName":"land_price_index_in_t-5","importance":0},{"colName":"lot_area","importance":0.0012000000569969416},{"colName":"non-official_exchange_rate_in_t-1","importance":0},{"colName":"non-official_exchange_rate_in_t-2","importance":0.0007999999797903001},{"colName":"non-official_exchange_rate_in_t-3","importance":0},{"colName":"non-official_exchange_rate_in_t-4","importance":0},{"colName":"non-official_exchange_rate_in_t-5","importance":0.007300000172108412},{"colName":"number_of_building_permits_issued_in_t-1","importance":0.004000000189989805},{"colName":"number_of_building_permits_issued_in_t-2","importance":0.0010000000474974513},{"colName":"number_of_building_permits_issued_in_t-3","importance":0},{"colName":"number_of_building_permits_issued_in_t-4","importance":0.000699999975040555},{"colName":"number_of_building_permits_issued_in_t-5","importance":0.0019000000320374966},{"colName":"number_of_loans_extended_by_banks_in_t-1","importance":0.0003000000142492354},{"colName":"number_of_loans_extended_by_banks_in_t-2","importance":0.008999999612569809},{"colName":"number_of_loans_extended_by_banks_in_t-3","importance":0},{"colName":"number_of_loans_extended_by_banks_in_t-4","importance":0.00860000029206276},{"colName":"number_of_loans_extended_by_banks_in_t-5","importance":0.0005000000237487257},{"colName":"population_of_the_city_in_t-1","importance":0.0026000000070780516},{"colName":"population_of_the_city_in_t-2","importance":0.0026000000070780516},{"colName":"population_of_the_city_in_t-3","importance":0},{"colName":"population_of_the_city_in_t-4","importance":0.005799999926239252},{"colName":"population_of_the_city_in_t-5","importance":0},{"colName":"preliminary_estimated_construction_cost_at_the_beginning","importance":0.53329998254776},{"colName":"price_of_the_unit_at_the_beginning","importance":0.004800000227987766},{"colName":"private_sector_investment_in_new_buildings_in_t-1","importance":0.04910000041127205},{"colName":"private_sector_investment_in_new_buildings_in_t-2","importance":0.0013000000035390258},{"colName":"private_sector_investment_in_new_buildings_in_t-3","importance":0.05040000006556511},{"colName":"private_sector_investment_in_new_buildings_in_t-4","importance":0.0020000000949949026},{"colName":"private_sector_investment_in_new_buildings_in_t-5","importance":0.027899999171495438},{"colName":"stock_market_index_in_t-1","importance":0.009399999864399433},{"colName":"stock_market_index_in_t-2","importance":0.0031999999191612005},{"colName":"stock_market_index_in_t-3","importance":0.0005000000237487257},{"colName":"stock_market_index_in_t-4","importance":0.0012000000569969416},{"colName":"stock_market_index_in_t-5","importance":0.00139999995008111},{"colName":"total_floor_area_","importance":0.0012000000569969416},{"colName":"total_floor_area_of_building_permit_issued_by_gov_in_t-2","importance":0.002099999925121665},{"colName":"total_floor_area_of_building_permit_issued_iby_gov_in_t-1","importance":0.00559999980032444},{"colName":"total_floor_area_of_building_permit_issued_iby_gov_in_t-3","importance":0},{"colName":"total_floor_area_of_building_permit_issued_iby_gov_in_t-4","importance":0},{"colName":"total_floor_area_of_building_permit_issued_iby_gov_in_t-5","importance":0},{"colName":"total_preliminary_estimated_construction_cost_at_the_beginning","importance":0.0017000000225380063},{"colName":"wpi_of_building_materials_for_the_base_year_in_t-1","importance":0},{"colName":"wpi_of_building_materials_for_the_base_year_in_t-2","importance":0},{"colName":"wpi_of_building_materials_for_the_base_year_in_t-3","importance":0},{"colName":"wpi_of_building_materials_for_the_base_year_in_t-4","importance":0},{"colName":"wpi_of_building_materials_for_the_base_year_in_t-5","importance":0},{"colName":"zip_code","importance":0.0015999999595806003}]},"trainPipeFilePath":"task_pipeline-1650257248.pkl","hptPreference":null,"reTrainFileId":null,"isDataSplitted":true,"status":"success","idealPersona":null,"transformedDatasetPath":"transformed_data_dict-1650257248.pkl","edaId":null,"createdAt":"2022-04-18T04:47:30.054Z","__v":0},{"_id":"625ced62c73e7b0023477ad8","createdBy":"6239c25c5c84bb00c656c07c","projectId":"625cebc1c73e7b0023477ac3","trainingId":"625ced60c73e7b0023477ad0","modelMetaData":{"modelTuning":null,"algoName":"LightGBM Regression","modelPath":"lightgbm_regression-1650257249.sav","dev":{"testScore":0.9502847315590537,"losses":[{"name":"Mean Square Error","value":1450.26},{"name":"Mean Absolute Error","value":25.65},{"name":"Root Mean Square Error","value":38.08},{"name":"Median Square Error","value":12.75},{"name":"Mean Square Log Error","value":0.05}],"rSquared":0.9495884607508105,"adjustedRsq":0,"overallScore":0.7397100440707723,"varianceIFactor":0.950981002367297},"holdout":{"testScore":0.8957373602434371,"losses":[{"name":"Mean Square Error","value":3240.06},{"name":"Mean Absolute Error","value":28.38},{"name":"Root Mean Square Error","value":56.92},{"name":"Median Square Error","value":17.76},{"name":"Mean Square Log Error","value":0.04}],"rSquared":0.8948799116450413,"adjustedRsq":0,"overallScore":0.6938847240921856,"varianceIFactor":0.8965948088418327},"timeElapsed":0.48027873039245605,"bestParams":{"hpt":[{"name":"learning_rate","data":0.1},{"name":"boosting_type","data":"gbdt"},{"name":"num_leaves","data":31},{"name":"max_depth","data":1},{"name":"n_estimators","data":100}]},"featureImportance":[{"colName":"actual_sales_price","importance":5},{"colName":"amount_of_loans_extended_by_banks_in_t-1","importance":1},{"colName":"amount_of_loans_extended_by_banks_in_t-2","importance":0},{"colName":"amount_of_loans_extended_by_banks_in_t-3","importance":0},{"colName":"amount_of_loans_extended_by_banks_in_t-4","importance":0},{"colName":"amount_of_loans_extended_by_banks_in_t-5","importance":0},{"colName":"average_construction_cost_completion_of_project_in_t-1","importance":0},{"colName":"average_construction_cost_completion_of_project_in_t-2","importance":0},{"colName":"average_construction_cost_completion_of_project_in_t-3","importance":0},{"colName":"average_construction_cost_completion_of_project_in_t-4","importance":0},{"colName":"average_construction_cost_completion_of_project_in_t-5","importance":0},{"colName":"average_of_construction_cost_beginning_of_project_in_t-1","importance":0},{"colName":"average_of_construction_cost_beginning_of_project_in_t-2","importance":1},{"colName":"average_of_construction_cost_beginning_of_project_in_t-3","importance":0},{"colName":"average_of_construction_cost_beginning_of_project_in_t-4","importance":0},{"colName":"average_of_construction_cost_beginning_of_project_in_t-5","importance":0},{"colName":"bsi_in_t-1","importance":0},{"colName":"bsi_in_t-2","importance":0},{"colName":"bsi_in_t-3","importance":0},{"colName":"bsi_in_t-4","importance":0},{"colName":"bsi_in_t-5","importance":0},{"colName":"cpi_in_t-1","importance":0},{"colName":"cpi_in_t-2","importance":0},{"colName":"cpi_in_t-3","importance":0},{"colName":"cpi_in_t-4","importance":0},{"colName":"cpi_in_t-5","importance":0},{"colName":"cpi_of_housing,_water,_fuel,_and_power_in_t-1","importance":0},{"colName":"cpi_of_housing,_water,_fuel,_and_power_in_t-2","importance":0},{"colName":"cpi_of_housing,_water,_fuel,_and_power_in_t-3","importance":0},{"colName":"cpi_of_housing,_water,_fuel,_and_power_in_t-4","importance":0},{"colName":"cpi_of_housing,_water,_fuel,_and_power_in_t-5","importance":0},{"colName":"cumulative_liquidity_in_t-1","importance":0},{"colName":"cumulative_liquidity_in_t-2","importance":0},{"colName":"cumulative_liquidity_in_t-3","importance":0},{"colName":"cumulative_liquidity_in_t-4","importance":0},{"colName":"cumulative_liquidity_in_t-5","importance":0},{"colName":"duration","importance":15},{"colName":"equivalent_preliminary_estimated_construction_at_the_beginning_of_theproject_in_a_selected_base_year","importance":5},{"colName":"exchange_rate_in_t-1","importance":0},{"colName":"exchange_rate_in_t-2","importance":0},{"colName":"exchange_rate_in_t-3","importance":0},{"colName":"exchange_rate_in_t-4","importance":0},{"colName":"exchange_rate_in_t-5","importance":0},{"colName":"gold_price_in_t-1","importance":0},{"colName":"gold_price_in_t-2","importance":0},{"colName":"gold_price_in_t-3","importance":0},{"colName":"gold_price_in_t-4","importance":0},{"colName":"gold_price_in_t-5","importance":0},{"colName":"intrest_rate_in_t-1","importance":0},{"colName":"intrest_rate_in_t-2","importance":0},{"colName":"intrest_rate_in_t-3","importance":0},{"colName":"intrest_rate_in_t-4","importance":0},{"colName":"intrest_rate_in_t-5","importance":0},{"colName":"land_price_index_in_t-1","importance":0},{"colName":"land_price_index_in_t-2","importance":0},{"colName":"land_price_index_in_t-3","importance":0},{"colName":"land_price_index_in_t-4","importance":0},{"colName":"land_price_index_in_t-5","importance":0},{"colName":"lot_area","importance":0},{"colName":"non-official_exchange_rate_in_t-1","importance":0},{"colName":"non-official_exchange_rate_in_t-2","importance":0},{"colName":"non-official_exchange_rate_in_t-3","importance":0},{"colName":"non-official_exchange_rate_in_t-4","importance":0},{"colName":"non-official_exchange_rate_in_t-5","importance":0},{"colName":"number_of_building_permits_issued_in_t-1","importance":5},{"colName":"number_of_building_permits_issued_in_t-2","importance":3},{"colName":"number_of_building_permits_issued_in_t-3","importance":2},{"colName":"number_of_building_permits_issued_in_t-4","importance":0},{"colName":"number_of_building_permits_issued_in_t-5","importance":0},{"colName":"number_of_loans_extended_by_banks_in_t-1","importance":0},{"colName":"number_of_loans_extended_by_banks_in_t-2","importance":1},{"colName":"number_of_loans_extended_by_banks_in_t-3","importance":5},{"colName":"number_of_loans_extended_by_banks_in_t-4","importance":0},{"colName":"number_of_loans_extended_by_banks_in_t-5","importance":0},{"colName":"population_of_the_city_in_t-1","importance":0},{"colName":"population_of_the_city_in_t-2","importance":0},{"colName":"population_of_the_city_in_t-3","importance":0},{"colName":"population_of_the_city_in_t-4","importance":2},{"colName":"population_of_the_city_in_t-5","importance":0},{"colName":"preliminary_estimated_construction_cost_at_the_beginning","importance":37},{"colName":"price_of_the_unit_at_the_beginning","importance":1},{"colName":"private_sector_investment_in_new_buildings_in_t-1","importance":0},{"colName":"private_sector_investment_in_new_buildings_in_t-2","importance":1},{"colName":"private_sector_investment_in_new_buildings_in_t-3","importance":0},{"colName":"private_sector_investment_in_new_buildings_in_t-4","importance":0},{"colName":"private_sector_investment_in_new_buildings_in_t-5","importance":0},{"colName":"stock_market_index_in_t-1","importance":0},{"colName":"stock_market_index_in_t-2","importance":2},{"colName":"stock_market_index_in_t-3","importance":0},{"colName":"stock_market_index_in_t-4","importance":0},{"colName":"stock_market_index_in_t-5","importance":0},{"colName":"total_floor_area_","importance":0},{"colName":"total_floor_area_of_building_permit_issued_by_gov_in_t-2","importance":7},{"colName":"total_floor_area_of_building_permit_issued_iby_gov_in_t-1","importance":0},{"colName":"total_floor_area_of_building_permit_issued_iby_gov_in_t-3","importance":0},{"colName":"total_floor_area_of_building_permit_issued_iby_gov_in_t-4","importance":0},{"colName":"total_floor_area_of_building_permit_issued_iby_gov_in_t-5","importance":0},{"colName":"total_preliminary_estimated_construction_cost_at_the_beginning","importance":7},{"colName":"wpi_of_building_materials_for_the_base_year_in_t-1","importance":0},{"colName":"wpi_of_building_materials_for_the_base_year_in_t-2","importance":0},{"colName":"wpi_of_building_materials_for_the_base_year_in_t-3","importance":0},{"colName":"wpi_of_building_materials_for_the_base_year_in_t-4","importance":0},{"colName":"wpi_of_building_materials_for_the_base_year_in_t-5","importance":0},{"colName":"zip_code","importance":0}]},"trainPipeFilePath":"task_pipeline-1650257248.pkl","hptPreference":null,"reTrainFileId":null,"isDataSplitted":true,"status":"success","idealPersona":null,"transformedDatasetPath":"transformed_data_dict-1650257248.pkl","edaId":null,"createdAt":"2022-04-18T04:47:30.286Z","__v":0},{"_id":"625cf3e5c73e7b0023477ae0","createdBy":"6239c25c5c84bb00c656c07c","projectId":"625cebc1c73e7b0023477ac3","trainingId":"625cf3e4c73e7b0023477ade","modelMetaData":{"modelTuning":null,"algoName":"Linear Regression","modelPath":"linear_regression-1650258916.sav","dev":{"testScore":0.8427508892387863,"losses":[{"name":"Mean Square Error","value":4621.14990234375},{"name":"Mean Absolute Error","value":29.700000762939453},{"name":"Root Mean Square Error","value":67.9800033569336},{"name":"Median Square Error","value":14.140000343322754},{"name":"Mean Square Log Error","value":1}],"rSquared":0.8393671961061496,"adjustedRsq":0,"overallScore":0.6504375537372203,"varianceIFactor":0.8461345823714228},"holdout":{"testScore":0.9375554966379032,"losses":[{"name":"Mean Square Error","value":1946.8399658203125},{"name":"Mean Absolute Error","value":21.950000762939453},{"name":"Root Mean Square Error","value":44.119998931884766},{"name":"Median Square Error","value":10.479999542236328},{"name":"Mean Square Log Error","value":0.07999999821186066}],"rSquared":0.9368370531395922,"adjustedRsq":0,"overallScore":0.5744793948689163,"varianceIFactor":0.938273940136214},"timeElapsed":0.46649964650472003,"bestParams":{"hpt":[{"name":"positive","data":false}]},"featureCoefficient":[{"colName":"duration","coefficient":4.3322},{"colName":"land_price_index_in_t-1","coefficient":2.8026},{"colName":"preliminary_estimated_construction_cost_at_the_beginning","coefficient":1.5387},{"colName":"wpi_of_building_materials_for_the_base_year_in_t-4","coefficient":0.9535},{"colName":"wpi_of_building_materials_for_the_base_year_in_t-5","coefficient":0.8569},{"colName":"wpi_of_building_materials_for_the_base_year_in_t-3","coefficient":0.7373},{"colName":"number_of_loans_extended_by_banks_in_t-5","coefficient":0.6856},{"colName":"population_of_the_city_in_t-5","coefficient":0.6612},{"colName":"intrest_rate_in_t-3","coefficient":0.4932},{"colName":"bsi_in_t-1","coefficient":0.4411},{"colName":"cpi_in_t-1","coefficient":0.4405},{"colName":"total_floor_area_of_building_permit_issued_by_gov_in_t-2","coefficient":0.3354},{"colName":"number_of_loans_extended_by_banks_in_t-2","coefficient":0.2403},{"colName":"number_of_loans_extended_by_banks_in_t-4","coefficient":0.1595},{"colName":"average_construction_cost_completion_of_project_in_t-1","coefficient":0.1522},{"colName":"average_of_construction_cost_beginning_of_project_in_t-4","coefficient":0.1233},{"colName":"zip_code","coefficient":0.1112},{"colName":"bsi_in_t-4","coefficient":0.1016},{"colName":"intrest_rate_in_t-4","coefficient":0.0821},{"colName":"actual_sales_price","coefficient":0.0732},{"colName":"number_of_loans_extended_by_banks_in_t-3","coefficient":0.0716},{"colName":"private_sector_investment_in_new_buildings_in_t-1","coefficient":0.0655},{"colName":"population_of_the_city_in_t-3","coefficient":0.0639},{"colName":"population_of_the_city_in_t-4","coefficient":0.0623},{"colName":"population_of_the_city_in_t-2","coefficient":0.0611},{"colName":"stock_market_index_in_t-4","coefficient":0.048},{"colName":"private_sector_investment_in_new_buildings_in_t-5","coefficient":0.047},{"colName":"private_sector_investment_in_new_buildings_in_t-2","coefficient":0.0308},{"colName":"lot_area","coefficient":0.0241},{"colName":"private_sector_investment_in_new_buildings_in_t-3","coefficient":0.0191},{"colName":"number_of_building_permits_issued_in_t-2","coefficient":0.0165},{"colName":"stock_market_index_in_t-5","coefficient":0.0156},{"colName":"total_preliminary_estimated_construction_cost_at_the_beginning","coefficient":0.0154},{"colName":"exchange_rate_in_t-4","coefficient":0.0117},{"colName":"amount_of_loans_extended_by_banks_in_t-5","coefficient":0.0113},{"colName":"amount_of_loans_extended_by_banks_in_t-3","coefficient":0.0089},{"colName":"cumulative_liquidity_in_t-2","coefficient":0.0048},{"colName":"non-official_exchange_rate_in_t-4","coefficient":0.0045},{"colName":"cumulative_liquidity_in_t-5","coefficient":0.0033},{"colName":"amount_of_loans_extended_by_banks_in_t-4","coefficient":0.0002},{"colName":"gold_price_in_t-1","coefficient":0.0001},{"colName":"gold_price_in_t-3","coefficient":0},{"colName":"gold_price_in_t-5","coefficient":0},{"colName":"gold_price_in_t-2","coefficient":-0.0002},{"colName":"gold_price_in_t-4","coefficient":-0.0003},{"colName":"amount_of_loans_extended_by_banks_in_t-1","coefficient":-0.0004},{"colName":"amount_of_loans_extended_by_banks_in_t-2","coefficient":-0.0008},{"colName":"cumulative_liquidity_in_t-1","coefficient":-0.002},{"colName":"cumulative_liquidity_in_t-4","coefficient":-0.0027},{"colName":"stock_market_index_in_t-2","coefficient":-0.0031},{"colName":"cumulative_liquidity_in_t-3","coefficient":-0.0036},{"colName":"exchange_rate_in_t-1","coefficient":-0.0046},{"colName":"total_floor_area_","coefficient":-0.0094},{"colName":"non-official_exchange_rate_in_t-3","coefficient":-0.0113},{"colName":"exchange_rate_in_t-3","coefficient":-0.0114},{"colName":"non-official_exchange_rate_in_t-5","coefficient":-0.0142},{"colName":"exchange_rate_in_t-5","coefficient":-0.016},{"colName":"stock_market_index_in_t-3","coefficient":-0.0168},{"colName":"non-official_exchange_rate_in_t-2","coefficient":-0.0188},{"colName":"private_sector_investment_in_new_buildings_in_t-4","coefficient":-0.025},{"colName":"exchange_rate_in_t-2","coefficient":-0.0253},{"colName":"number_of_building_permits_issued_in_t-3","coefficient":-0.0259},{"colName":"average_of_construction_cost_beginning_of_project_in_t-2","coefficient":-0.0313},{"colName":"equivalent_preliminary_estimated_construction_at_the_beginning_of_theproject_in_a_selected_base_year","coefficient":-0.0332},{"colName":"stock_market_index_in_t-1","coefficient":-0.0356},{"colName":"number_of_building_permits_issued_in_t-4","coefficient":-0.0368},{"colName":"number_of_building_permits_issued_in_t-5","coefficient":-0.0372},{"colName":"number_of_building_permits_issued_in_t-1","coefficient":-0.0381},{"colName":"average_of_construction_cost_beginning_of_project_in_t-3","coefficient":-0.0446},{"colName":"average_construction_cost_completion_of_project_in_t-5","coefficient":-0.0546},{"colName":"total_floor_area_of_building_permit_issued_iby_gov_in_t-1","coefficient":-0.0576},{"colName":"non-official_exchange_rate_in_t-1","coefficient":-0.0624},{"colName":"total_floor_area_of_building_permit_issued_iby_gov_in_t-3","coefficient":-0.0635},{"colName":"average_of_construction_cost_beginning_of_project_in_t-5","coefficient":-0.0754},{"colName":"price_of_the_unit_at_the_beginning","coefficient":-0.0964},{"colName":"average_construction_cost_completion_of_project_in_t-2","coefficient":-0.1139},{"colName":"cpi_in_t-2","coefficient":-0.1325},{"colName":"intrest_rate_in_t-2","coefficient":-0.1414},{"colName":"average_construction_cost_completion_of_project_in_t-4","coefficient":-0.1493},{"colName":"cpi_in_t-3","coefficient":-0.1556},{"colName":"cpi_of_housing,_water,_fuel,_and_power_in_t-1","coefficient":-0.1601},{"colName":"total_floor_area_of_building_permit_issued_iby_gov_in_t-5","coefficient":-0.1842},{"colName":"average_construction_cost_completion_of_project_in_t-3","coefficient":-0.2016},{"colName":"cpi_of_housing,_water,_fuel,_and_power_in_t-3","coefficient":-0.2049},{"colName":"cpi_of_housing,_water,_fuel,_and_power_in_t-4","coefficient":-0.265},{"colName":"intrest_rate_in_t-5","coefficient":-0.2942},{"colName":"average_of_construction_cost_beginning_of_project_in_t-1","coefficient":-0.3293},{"colName":"cpi_in_t-4","coefficient":-0.354},{"colName":"total_floor_area_of_building_permit_issued_iby_gov_in_t-4","coefficient":-0.3611},{"colName":"bsi_in_t-2","coefficient":-0.462},{"colName":"bsi_in_t-3","coefficient":-0.5484},{"colName":"wpi_of_building_materials_for_the_base_year_in_t-1","coefficient":-0.5703},{"colName":"intrest_rate_in_t-1","coefficient":-0.5711},{"colName":"population_of_the_city_in_t-1","coefficient":-0.5779},{"colName":"wpi_of_building_materials_for_the_base_year_in_t-2","coefficient":-0.6069},{"colName":"bsi_in_t-5","coefficient":-0.6743},{"colName":"land_price_index_in_t-2","coefficient":-0.7925},{"colName":"land_price_index_in_t-4","coefficient":-0.8395},{"colName":"cpi_of_housing,_water,_fuel,_and_power_in_t-2","coefficient":-0.8399},{"colName":"land_price_index_in_t-3","coefficient":-0.8878},{"colName":"number_of_loans_extended_by_banks_in_t-1","coefficient":-0.9364},{"colName":"cpi_in_t-5","coefficient":-0.9514},{"colName":"cpi_of_housing,_water,_fuel,_and_power_in_t-5","coefficient":-1.0117},{"colName":"land_price_index_in_t-5","coefficient":-1.4173}]},"trainPipeFilePath":"task_pipeline-1650258916.pkl","hptPreference":null,"reTrainFileId":null,"isDataSplitted":true,"status":"success","idealPersona":null,"transformedDatasetPath":"transformed_data_dict-1650258916.pkl","edaId":null,"createdAt":"2022-04-18T05:15:17.123Z","__v":0},{"_id":"625cf3e5c73e7b0023477ae2","createdBy":"6239c25c5c84bb00c656c07c","projectId":"625cebc1c73e7b0023477ac3","trainingId":"625cf3e4c73e7b0023477ade","modelMetaData":{"modelTuning":null,"algoName":"Polynomial Regression","modelPath":"polynomial_regression-1650258916.sav","dev":{"testScore":0,"losses":[{"name":"Mean Square Error","value":113572.7578125},{"name":"Mean Absolute Error","value":72.20999908447266},{"name":"Root Mean Square Error","value":337.010009765625},{"name":"Median Square Error","value":14.8100004196167},{"name":"Mean Square Log Error","value":0.11999999731779099}],"rSquared":0,"adjustedRsq":0,"overallScore":0,"varianceIFactor":-1},"holdout":{"testScore":0.9010051197531304,"losses":[{"name":"Mean Square Error","value":3071.169921875},{"name":"Mean Absolute Error","value":28.899999618530273},{"name":"Root Mean Square Error","value":55.41999816894531},{"name":"Median Square Error","value":13.5600004196167},{"name":"Mean Square Log Error","value":0.05000000074505806}],"rSquared":0.9003590848680494,"adjustedRsq":0,"overallScore":0.6976834430315083,"varianceIFactor":0.9016511546382112},"timeElapsed":0.9317098458607992,"bestParams":{"hpt":[{"name":"degree","data":2},{"name":"interaction_only","data":false},{"name":"include_bias","data":true}]}},"trainPipeFilePath":"task_pipeline-1650258916.pkl","hptPreference":null,"reTrainFileId":null,"isDataSplitted":true,"status":"success","idealPersona":null,"transformedDatasetPath":"transformed_data_dict-1650258916.pkl","edaId":null,"createdAt":"2022-04-18T05:15:17.524Z","__v":0},{"_id":"625cf3e5c73e7b0023477ae3","createdBy":"6239c25c5c84bb00c656c07c","projectId":"625cebc1c73e7b0023477ac3","trainingId":"625cf3e4c73e7b0023477ade","modelMetaData":{"modelTuning":null,"algoName":"Random Forest Regression","modelPath":"random_forest_regression-1650258917.sav","dev":{"testScore":0.9436412499285849,"losses":[{"name":"Mean Square Error","value":1621.35},{"name":"Mean Absolute Error","value":25.56},{"name":"Root Mean Square Error","value":40.27},{"name":"Median Square Error","value":18},{"name":"Mean Square Log Error","value":0.04}],"rSquared":0.9436412348938397,"adjustedRsq":0,"overallScore":0.7344659411193385,"varianceIFactor":0.9436412649633302},"holdout":{"testScore":0.8949832981022122,"losses":[{"name":"Mean Square Error","value":3307.95},{"name":"Mean Absolute Error","value":27.13},{"name":"Root Mean Square Error","value":57.51},{"name":"Median Square Error","value":14},{"name":"Mean Square Log Error","value":0.03}],"rSquared":0.8926771883645579,"adjustedRsq":0,"overallScore":0.6942840743792057,"varianceIFactor":0.8972894078398665},"timeElapsed":0.5747443040211996,"bestParams":{"hpt":[{"name":"n_estimators","data":10},{"name":"criterion","data":"squared_error"},{"name":"max_depth","data":null},{"name":"min_samples_split","data":2},{"name":"min_samples_leaf","data":1},{"name":"min_weight_fraction_leaf","data":0},{"name":"max_features","data":"auto"},{"name":"max_leaf_nodes","data":null},{"name":"min_impurity_decrease","data":0}]},"featureImportance":[{"colName":"actual_sales_price","importance":0.0114},{"colName":"amount_of_loans_extended_by_banks_in_t-1","importance":0.0001},{"colName":"amount_of_loans_extended_by_banks_in_t-2","importance":0.0027},{"colName":"amount_of_loans_extended_by_banks_in_t-3","importance":0.0006},{"colName":"amount_of_loans_extended_by_banks_in_t-4","importance":0.0012},{"colName":"amount_of_loans_extended_by_banks_in_t-5","importance":0.0006},{"colName":"average_construction_cost_completion_of_project_in_t-1","importance":0.0006},{"colName":"average_construction_cost_completion_of_project_in_t-2","importance":0},{"colName":"average_construction_cost_completion_of_project_in_t-3","importance":0.0001},{"colName":"average_construction_cost_completion_of_project_in_t-4","importance":0.0001},{"colName":"average_construction_cost_completion_of_project_in_t-5","importance":0.0007},{"colName":"average_of_construction_cost_beginning_of_project_in_t-1","importance":0.0015},{"colName":"average_of_construction_cost_beginning_of_project_in_t-2","importance":0.0009},{"colName":"average_of_construction_cost_beginning_of_project_in_t-3","importance":0.0001},{"colName":"average_of_construction_cost_beginning_of_project_in_t-4","importance":0.0001},{"colName":"average_of_construction_cost_beginning_of_project_in_t-5","importance":0.0014},{"colName":"bsi_in_t-1","importance":0},{"colName":"bsi_in_t-2","importance":0},{"colName":"bsi_in_t-3","importance":0.0023},{"colName":"bsi_in_t-4","importance":0},{"colName":"bsi_in_t-5","importance":0.0012},{"colName":"cpi_in_t-1","importance":0.0007},{"colName":"cpi_in_t-2","importance":0.0001},{"colName":"cpi_in_t-3","importance":0.0001},{"colName":"cpi_in_t-4","importance":0},{"colName":"cpi_in_t-5","importance":0.0001},{"colName":"cpi_of_housing,_water,_fuel,_and_power_in_t-1","importance":0},{"colName":"cpi_of_housing,_water,_fuel,_and_power_in_t-2","importance":0.0011},{"colName":"cpi_of_housing,_water,_fuel,_and_power_in_t-3","importance":0},{"colName":"cpi_of_housing,_water,_fuel,_and_power_in_t-4","importance":0},{"colName":"cpi_of_housing,_water,_fuel,_and_power_in_t-5","importance":0},{"colName":"cumulative_liquidity_in_t-1","importance":0},{"colName":"cumulative_liquidity_in_t-2","importance":0},{"colName":"cumulative_liquidity_in_t-3","importance":0},{"colName":"cumulative_liquidity_in_t-4","importance":0},{"colName":"cumulative_liquidity_in_t-5","importance":0.0004},{"colName":"duration","importance":0.0062},{"colName":"equivalent_preliminary_estimated_construction_at_the_beginning_of_theproject_in_a_selected_base_year","importance":0.0022},{"colName":"exchange_rate_in_t-1","importance":0},{"colName":"exchange_rate_in_t-2","importance":0},{"colName":"exchange_rate_in_t-3","importance":0},{"colName":"exchange_rate_in_t-4","importance":0},{"colName":"exchange_rate_in_t-5","importance":0},{"colName":"gold_price_in_t-1","importance":0},{"colName":"gold_price_in_t-2","importance":0.0001},{"colName":"gold_price_in_t-3","importance":0.0022},{"colName":"gold_price_in_t-4","importance":0},{"colName":"gold_price_in_t-5","importance":0},{"colName":"intrest_rate_in_t-1","importance":0},{"colName":"intrest_rate_in_t-2","importance":0},{"colName":"intrest_rate_in_t-3","importance":0},{"colName":"intrest_rate_in_t-4","importance":0},{"colName":"intrest_rate_in_t-5","importance":0.0001},{"colName":"land_price_index_in_t-1","importance":0},{"colName":"land_price_index_in_t-2","importance":0},{"colName":"land_price_index_in_t-3","importance":0.0013},{"colName":"land_price_index_in_t-4","importance":0.0013},{"colName":"land_price_index_in_t-5","importance":0},{"colName":"lot_area","importance":0.0006},{"colName":"non-official_exchange_rate_in_t-1","importance":0.0011},{"colName":"non-official_exchange_rate_in_t-2","importance":0.0002},{"colName":"non-official_exchange_rate_in_t-3","importance":0},{"colName":"non-official_exchange_rate_in_t-4","importance":0.0004},{"colName":"non-official_exchange_rate_in_t-5","importance":0.0004},{"colName":"number_of_building_permits_issued_in_t-1","importance":0.0007},{"colName":"number_of_building_permits_issued_in_t-2","importance":0.0008},{"colName":"number_of_building_permits_issued_in_t-3","importance":0.0006},{"colName":"number_of_building_permits_issued_in_t-4","importance":0.0003},{"colName":"number_of_building_permits_issued_in_t-5","importance":0},{"colName":"number_of_loans_extended_by_banks_in_t-1","importance":0.0017},{"colName":"number_of_loans_extended_by_banks_in_t-2","importance":0.0007},{"colName":"number_of_loans_extended_by_banks_in_t-3","importance":0.0005},{"colName":"number_of_loans_extended_by_banks_in_t-4","importance":0.0003},{"colName":"number_of_loans_extended_by_banks_in_t-5","importance":0.0003},{"colName":"population_of_the_city_in_t-1","importance":0.0001},{"colName":"population_of_the_city_in_t-2","importance":0.0001},{"colName":"population_of_the_city_in_t-3","importance":0.0002},{"colName":"population_of_the_city_in_t-4","importance":0.0002},{"colName":"population_of_the_city_in_t-5","importance":0},{"colName":"preliminary_estimated_construction_cost_at_the_beginning","importance":0.9391},{"colName":"price_of_the_unit_at_the_beginning","importance":0.0007},{"colName":"private_sector_investment_in_new_buildings_in_t-1","importance":0.0001},{"colName":"private_sector_investment_in_new_buildings_in_t-2","importance":0.0001},{"colName":"private_sector_investment_in_new_buildings_in_t-3","importance":0},{"colName":"private_sector_investment_in_new_buildings_in_t-4","importance":0},{"colName":"private_sector_investment_in_new_buildings_in_t-5","importance":0.0008},{"colName":"stock_market_index_in_t-1","importance":0.001},{"colName":"stock_market_index_in_t-2","importance":0.0004},{"colName":"stock_market_index_in_t-3","importance":0.0002},{"colName":"stock_market_index_in_t-4","importance":0.0004},{"colName":"stock_market_index_in_t-5","importance":0},{"colName":"total_floor_area_","importance":0.0012},{"colName":"total_floor_area_of_building_permit_issued_by_gov_in_t-2","importance":0.0004},{"colName":"total_floor_area_of_building_permit_issued_iby_gov_in_t-1","importance":0.0001},{"colName":"total_floor_area_of_building_permit_issued_iby_gov_in_t-3","importance":0.0001},{"colName":"total_floor_area_of_building_permit_issued_iby_gov_in_t-4","importance":0},{"colName":"total_floor_area_of_building_permit_issued_iby_gov_in_t-5","importance":0},{"colName":"total_preliminary_estimated_construction_cost_at_the_beginning","importance":0.0006},{"colName":"wpi_of_building_materials_for_the_base_year_in_t-1","importance":0},{"colName":"wpi_of_building_materials_for_the_base_year_in_t-2","importance":0.0015},{"colName":"wpi_of_building_materials_for_the_base_year_in_t-3","importance":0.0001},{"colName":"wpi_of_building_materials_for_the_base_year_in_t-4","importance":0.0003},{"colName":"wpi_of_building_materials_for_the_base_year_in_t-5","importance":0.0003},{"colName":"zip_code","importance":0.0012}]},"trainPipeFilePath":"task_pipeline-1650258916.pkl","hptPreference":null,"reTrainFileId":null,"isDataSplitted":true,"status":"success","idealPersona":null,"transformedDatasetPath":"transformed_data_dict-1650258916.pkl","edaId":null,"createdAt":"2022-04-18T05:15:17.783Z","__v":0},{"_id":"625cf3e6c73e7b0023477ae4","createdBy":"6239c25c5c84bb00c656c07c","projectId":"625cebc1c73e7b0023477ac3","trainingId":"625cf3e4c73e7b0023477ade","modelMetaData":{"modelTuning":null,"algoName":"Ridge Regression","modelPath":"ridge_regression-1650258917.sav","dev":{"testScore":0.7341214949462556,"losses":[{"name":"Mean Square Error","value":7757.31005859375},{"name":"Mean Absolute Error","value":30.649999618530273},{"name":"Root Mean Square Error","value":88.08000183105469},{"name":"Median Square Error","value":13.489999771118164},{"name":"Mean Square Log Error","value":1}],"rSquared":0.7303532158238574,"adjustedRsq":0,"overallScore":0.5627733647802466,"varianceIFactor":0.7378897740686539},"holdout":{"testScore":0.9462546392449434,"losses":[{"name":"Mean Square Error","value":1662.3599853515625},{"name":"Mean Absolute Error","value":20.700000762939453},{"name":"Root Mean Square Error","value":40.77000045776367},{"name":"Median Square Error","value":11.399999618530273},{"name":"Mean Square Log Error","value":1}],"rSquared":0.9460663744679896,"adjustedRsq":0,"overallScore":0.5914040562445874,"varianceIFactor":0.9464429040218971},"timeElapsed":0.4439407189687093,"bestParams":{"hpt":[{"name":"alpha","data":1},{"name":"max_iter","data":null},{"name":"tol","data":0.001},{"name":"solver","data":"auto"}]},"featureCoefficient":[{"colName":"cpi_of_housing,_water,_fuel,_and_power_in_t-1","coefficient":17.6662},{"colName":"duration","coefficient":11.3754},{"colName":"cpi_in_t-3","coefficient":11.1187},{"colName":"cpi_in_t-1","coefficient":10.2637},{"colName":"cpi_in_t-2","coefficient":8.3174},{"colName":"total_floor_area_of_building_permit_issued_iby_gov_in_t-1","coefficient":8.2331},{"colName":"cpi_in_t-4","coefficient":5.2147},{"colName":"total_floor_area_of_building_permit_issued_iby_gov_in_t-5","coefficient":5.0382},{"colName":"intrest_rate_in_t-2","coefficient":3.3116},{"colName":"land_price_index_in_t-3","coefficient":2.5543},{"colName":"land_price_index_in_t-1","coefficient":1.8126},{"colName":"preliminary_estimated_construction_cost_at_the_beginning","coefficient":1.4481},{"colName":"population_of_the_city_in_t-1","coefficient":1.1359},{"colName":"wpi_of_building_materials_for_the_base_year_in_t-2","coefficient":0.9403},{"colName":"average_of_construction_cost_beginning_of_project_in_t-2","coefficient":0.8384},{"colName":"number_of_loans_extended_by_banks_in_t-5","coefficient":0.5503},{"colName":"average_of_construction_cost_beginning_of_project_in_t-5","coefficient":0.4522},{"colName":"zip_code","coefficient":0.2999},{"colName":"average_of_construction_cost_beginning_of_project_in_t-3","coefficient":0.2314},{"colName":"population_of_the_city_in_t-3","coefficient":0.2007},{"colName":"population_of_the_city_in_t-4","coefficient":0.1995},{"colName":"population_of_the_city_in_t-2","coefficient":0.1963},{"colName":"average_construction_cost_completion_of_project_in_t-4","coefficient":0.1461},{"colName":"private_sector_investment_in_new_buildings_in_t-1","coefficient":0.1427},{"colName":"cpi_in_t-5","coefficient":0.1279},{"colName":"stock_market_index_in_t-4","coefficient":0.1099},{"colName":"non-official_exchange_rate_in_t-5","coefficient":0.0902},{"colName":"private_sector_investment_in_new_buildings_in_t-2","coefficient":0.0862},{"colName":"private_sector_investment_in_new_buildings_in_t-4","coefficient":0.0544},{"colName":"exchange_rate_in_t-4","coefficient":0.0451},{"colName":"private_sector_investment_in_new_buildings_in_t-3","coefficient":0.0417},{"colName":"amount_of_loans_extended_by_banks_in_t-5","coefficient":0.0287},{"colName":"stock_market_index_in_t-1","coefficient":0.0277},{"colName":"actual_sales_price","coefficient":0.0219},{"colName":"exchange_rate_in_t-2","coefficient":0.0162},{"colName":"amount_of_loans_extended_by_banks_in_t-2","coefficient":0.0152},{"colName":"lot_area","coefficient":0.0128},{"colName":"cumulative_liquidity_in_t-2","coefficient":0.0121},{"colName":"amount_of_loans_extended_by_banks_in_t-4","coefficient":0.0109},{"colName":"amount_of_loans_extended_by_banks_in_t-3","coefficient":0.0075},{"colName":"total_preliminary_estimated_construction_cost_at_the_beginning","coefficient":0.0074},{"colName":"cumulative_liquidity_in_t-5","coefficient":0.0049},{"colName":"cumulative_liquidity_in_t-3","coefficient":0.0022},{"colName":"gold_price_in_t-4","coefficient":0.0013},{"colName":"gold_price_in_t-2","coefficient":0},{"colName":"gold_price_in_t-1","coefficient":-0.0007},{"colName":"gold_price_in_t-3","coefficient":-0.0009},{"colName":"gold_price_in_t-5","coefficient":-0.0019},{"colName":"non-official_exchange_rate_in_t-2","coefficient":-0.0046},{"colName":"amount_of_loans_extended_by_banks_in_t-1","coefficient":-0.0054},{"colName":"total_floor_area_","coefficient":-0.0058},{"colName":"cumulative_liquidity_in_t-1","coefficient":-0.0069},{"colName":"cumulative_liquidity_in_t-4","coefficient":-0.0116},{"colName":"exchange_rate_in_t-1","coefficient":-0.0131},{"colName":"equivalent_preliminary_estimated_construction_at_the_beginning_of_theproject_in_a_selected_base_year","coefficient":-0.0159},{"colName":"stock_market_index_in_t-2","coefficient":-0.0166},{"colName":"private_sector_investment_in_new_buildings_in_t-5","coefficient":-0.0245},{"colName":"price_of_the_unit_at_the_beginning","coefficient":-0.0275},{"colName":"exchange_rate_in_t-3","coefficient":-0.0517},{"colName":"average_construction_cost_completion_of_project_in_t-5","coefficient":-0.0532},{"colName":"number_of_building_permits_issued_in_t-4","coefficient":-0.0579},{"colName":"number_of_building_permits_issued_in_t-2","coefficient":-0.0724},{"colName":"non-official_exchange_rate_in_t-3","coefficient":-0.075},{"colName":"stock_market_index_in_t-3","coefficient":-0.0834},{"colName":"non-official_exchange_rate_in_t-1","coefficient":-0.0946},{"colName":"number_of_building_permits_issued_in_t-3","coefficient":-0.0985},{"colName":"stock_market_index_in_t-5","coefficient":-0.1013},{"colName":"number_of_building_permits_issued_in_t-1","coefficient":-0.1095},{"colName":"non-official_exchange_rate_in_t-4","coefficient":-0.1295},{"colName":"average_construction_cost_completion_of_project_in_t-3","coefficient":-0.1299},{"colName":"average_of_construction_cost_beginning_of_project_in_t-1","coefficient":-0.1483},{"colName":"number_of_building_permits_issued_in_t-5","coefficient":-0.157},{"colName":"average_of_construction_cost_beginning_of_project_in_t-4","coefficient":-0.1588},{"colName":"exchange_rate_in_t-5","coefficient":-0.1824},{"colName":"average_construction_cost_completion_of_project_in_t-1","coefficient":-0.3785},{"colName":"total_floor_area_of_building_permit_issued_iby_gov_in_t-3","coefficient":-0.5022},{"colName":"average_construction_cost_completion_of_project_in_t-2","coefficient":-0.6388},{"colName":"wpi_of_building_materials_for_the_base_year_in_t-4","coefficient":-0.7582},{"colName":"population_of_the_city_in_t-5","coefficient":-0.9577},{"colName":"land_price_index_in_t-4","coefficient":-1.1183},{"colName":"number_of_loans_extended_by_banks_in_t-3","coefficient":-1.3827},{"colName":"cpi_of_housing,_water,_fuel,_and_power_in_t-3","coefficient":-1.6489},{"colName":"cpi_of_housing,_water,_fuel,_and_power_in_t-5","coefficient":-1.6693},{"colName":"wpi_of_building_materials_for_the_base_year_in_t-3","coefficient":-1.8947},{"colName":"number_of_loans_extended_by_banks_in_t-4","coefficient":-2.0195},{"colName":"number_of_loans_extended_by_banks_in_t-2","coefficient":-2.2908},{"colName":"cpi_of_housing,_water,_fuel,_and_power_in_t-4","coefficient":-2.303},{"colName":"bsi_in_t-3","coefficient":-2.6912},{"colName":"intrest_rate_in_t-1","coefficient":-2.9},{"colName":"number_of_loans_extended_by_banks_in_t-1","coefficient":-4.1793},{"colName":"total_floor_area_of_building_permit_issued_iby_gov_in_t-4","coefficient":-4.2569},{"colName":"intrest_rate_in_t-5","coefficient":-4.4187},{"colName":"bsi_in_t-2","coefficient":-4.4575},{"colName":"intrest_rate_in_t-4","coefficient":-4.7363},{"colName":"cpi_of_housing,_water,_fuel,_and_power_in_t-2","coefficient":-4.7514},{"colName":"bsi_in_t-1","coefficient":-5.3091},{"colName":"total_floor_area_of_building_permit_issued_by_gov_in_t-2","coefficient":-5.4829},{"colName":"land_price_index_in_t-5","coefficient":-6.0496},{"colName":"bsi_in_t-5","coefficient":-7.6644},{"colName":"intrest_rate_in_t-3","coefficient":-8.0016},{"colName":"wpi_of_building_materials_for_the_base_year_in_t-5","coefficient":-9.8453},{"colName":"wpi_of_building_materials_for_the_base_year_in_t-1","coefficient":-9.9075},{"colName":"land_price_index_in_t-2","coefficient":-10.5238},{"colName":"bsi_in_t-4","coefficient":-12.0154}],"cvData":{"cvScore":-118.9435028076172,"status":"done"}},"trainPipeFilePath":"task_pipeline-1650258916.pkl","hptPreference":null,"reTrainFileId":null,"isDataSplitted":true,"status":"success","idealPersona":null,"transformedDatasetPath":"transformed_data_dict-1650258916.pkl","edaId":null,"createdAt":"2022-04-18T05:15:18.102Z","__v":0,"validationStrategy":{"metric":"neg_mean_absolute_error","technique":"kFold","nSplit":5}}]