[{"sampling":"none","dropOriginal":false,"_id":"625ced60c73e7b0023477ad0","targetType":"Continuous","originalFileId":"625cec45c73e7b0023477ac8","depVariable":"construction_cost","indepVariable":[{"colName":"total_floor_area_"},{"colName":"lot_area"},{"colName":"total_preliminary_estimated_construction_cost_at_the_beginning"},{"colName":"preliminary_estimated_construction_cost_at_the_beginning"},{"colName":"equivalent_preliminary_estimated_construction_at_the_beginning_of_theproject_in_a_selected_base_year"},{"colName":"duration"},{"colName":"price_of_the_unit_at_the_beginning"},{"colName":"number_of_building_permits_issued_in_t-1"},{"colName":"bsi_in_t-1"},{"colName":"wpi_of_building_materials_for_the_base_year_in_t-1"},{"colName":"total_floor_area_of_building_permit_issued_iby_gov_in_t-1"},{"colName":"cumulative_liquidity_in_t-1"},{"colName":"private_sector_investment_in_new_buildings_in_t-1"},{"colName":"land_price_index_in_t-1"},{"colName":"number_of_loans_extended_by_banks_in_t-1"},{"colName":"amount_of_loans_extended_by_banks_in_t-1"},{"colName":"intrest_rate_in_t-1"},{"colName":"average_construction_cost_completion_of_project_in_t-1"},{"colName":"average_of_construction_cost_beginning_of_project_in_t-1"},{"colName":"exchange_rate_in_t-1"},{"colName":"non-official_exchange_rate_in_t-1"},{"colName":"cpi_in_t-1"},{"colName":"cpi_of_housing,_water,_fuel,_and_power_in_t-1"},{"colName":"stock_market_index_in_t-1"},{"colName":"population_of_the_city_in_t-1"},{"colName":"gold_price_in_t-1"},{"colName":"number_of_building_permits_issued_in_t-2"},{"colName":"bsi_in_t-2"},{"colName":"wpi_of_building_materials_for_the_base_year_in_t-2"},{"colName":"total_floor_area_of_building_permit_issued_by_gov_in_t-2"},{"colName":"cumulative_liquidity_in_t-2"},{"colName":"private_sector_investment_in_new_buildings_in_t-2"},{"colName":"land_price_index_in_t-2"},{"colName":"number_of_loans_extended_by_banks_in_t-2"},{"colName":"amount_of_loans_extended_by_banks_in_t-2"},{"colName":"intrest_rate_in_t-2"},{"colName":"average_construction_cost_completion_of_project_in_t-2"},{"colName":"average_of_construction_cost_beginning_of_project_in_t-2"},{"colName":"exchange_rate_in_t-2"},{"colName":"non-official_exchange_rate_in_t-2"},{"colName":"cpi_in_t-2"},{"colName":"cpi_of_housing,_water,_fuel,_and_power_in_t-2"},{"colName":"stock_market_index_in_t-2"},{"colName":"population_of_the_city_in_t-2"},{"colName":"gold_price_in_t-2"},{"colName":"number_of_building_permits_issued_in_t-3"},{"colName":"bsi_in_t-3"},{"colName":"wpi_of_building_materials_for_the_base_year_in_t-3"},{"colName":"total_floor_area_of_building_permit_issued_iby_gov_in_t-3"},{"colName":"cumulative_liquidity_in_t-3"},{"colName":"private_sector_investment_in_new_buildings_in_t-3"},{"colName":"land_price_index_in_t-3"},{"colName":"number_of_loans_extended_by_banks_in_t-3"},{"colName":"amount_of_loans_extended_by_banks_in_t-3"},{"colName":"intrest_rate_in_t-3"},{"colName":"average_construction_cost_completion_of_project_in_t-3"},{"colName":"average_of_construction_cost_beginning_of_project_in_t-3"},{"colName":"exchange_rate_in_t-3"},{"colName":"non-official_exchange_rate_in_t-3"},{"colName":"cpi_in_t-3"},{"colName":"cpi_of_housing,_water,_fuel,_and_power_in_t-3"},{"colName":"stock_market_index_in_t-3"},{"colName":"population_of_the_city_in_t-3"},{"colName":"gold_price_in_t-3"},{"colName":"number_of_building_permits_issued_in_t-4"},{"colName":"bsi_in_t-4"},{"colName":"wpi_of_building_materials_for_the_base_year_in_t-4"},{"colName":"total_floor_area_of_building_permit_issued_iby_gov_in_t-4"},{"colName":"cumulative_liquidity_in_t-4"},{"colName":"private_sector_investment_in_new_buildings_in_t-4"},{"colName":"land_price_index_in_t-4"},{"colName":"number_of_loans_extended_by_banks_in_t-4"},{"colName":"amount_of_loans_extended_by_banks_in_t-4"},{"colName":"intrest_rate_in_t-4"},{"colName":"average_construction_cost_completion_of_project_in_t-4"},{"colName":"average_of_construction_cost_beginning_of_project_in_t-4"},{"colName":"exchange_rate_in_t-4"},{"colName":"non-official_exchange_rate_in_t-4"},{"colName":"cpi_in_t-4"},{"colName":"cpi_of_housing,_water,_fuel,_and_power_in_t-4"},{"colName":"stock_market_index_in_t-4"},{"colName":"population_of_the_city_in_t-4"},{"colName":"gold_price_in_t-4"},{"colName":"number_of_building_permits_issued_in_t-5"},{"colName":"bsi_in_t-5"},{"colName":"wpi_of_building_materials_for_the_base_year_in_t-5"},{"colName":"total_floor_area_of_building_permit_issued_iby_gov_in_t-5"},{"colName":"cumulative_liquidity_in_t-5"},{"colName":"private_sector_investment_in_new_buildings_in_t-5"},{"colName":"land_price_index_in_t-5"},{"colName":"number_of_loans_extended_by_banks_in_t-5"},{"colName":"amount_of_loans_extended_by_banks_in_t-5"},{"colName":"intrest_rate_in_t-5"},{"colName":"average_construction_cost_completion_of_project_in_t-5"},{"colName":"average_of_construction_cost_beginning_of_project_in_t-5"},{"colName":"exchange_rate_in_t-5"},{"colName":"non-official_exchange_rate_in_t-5"},{"colName":"cpi_in_t-5"},{"colName":"cpi_of_housing,_water,_fuel,_and_power_in_t-5"},{"colName":"stock_market_index_in_t-5"},{"colName":"population_of_the_city_in_t-5"},{"colName":"gold_price_in_t-5"},{"colName":"actual_sales_price"},{"colName":"zip_code"}],"algorithms":["Linear Regression","Polynomial Regression","Random Forest Regression","XGBoost Regression","LightGBM Regression"],"algoType":"regression","isMultilabel":false,"edaId":"625ced12c73e7b0023477acd","problemType":"predictive_modeling","autoFeatureGenTasks":null,"ordinalEncoderMap":[],"classNames":null,"predictiveModelingInfo":{"featuresToTransform":[],"applyToTarget":false,"decomposition":"none","components":2,"featureSelectionMethod":"none","scoringFunction":"none","featurePercentage":70,"nFeaturesToSelect":70,"step":10,"featureScaling":"none","normalizationMethod":"none","featureSelectionEstimator":"none","featureSelectionStep":"none","featureSelectionCV":"none"},"nlpConfigs":[],"createdBy":"6239c25c5c84bb00c656c07c","projectId":"625cebc1c73e7b0023477ac3","fileEncoding":"utf_8","name":"Model : Construction Cost Prediction","metaInfo":{"fileName":"dataflow-Construction_Cost_pred-1650256965.pkl"},"noOfFeatures":104,"afterEdaFileId":"625cec45c73e7b0023477ac8","createdAt":"2022-04-18T04:47:28.132Z","__v":0},{"sampling":"none","dropOriginal":false,"_id":"625cf3e4c73e7b0023477ade","targetType":"Continuous","originalFileId":"625cec45c73e7b0023477ac8","depVariable":"construction_cost","indepVariable":[{"colName":"zip_code"},{"colName":"total_floor_area_"},{"colName":"lot_area"},{"colName":"total_preliminary_estimated_construction_cost_at_the_beginning"},{"colName":"preliminary_estimated_construction_cost_at_the_beginning"},{"colName":"equivalent_preliminary_estimated_construction_at_the_beginning_of_theproject_in_a_selected_base_year"},{"colName":"duration"},{"colName":"price_of_the_unit_at_the_beginning"},{"colName":"number_of_building_permits_issued_in_t-1"},{"colName":"bsi_in_t-1"},{"colName":"wpi_of_building_materials_for_the_base_year_in_t-1"},{"colName":"total_floor_area_of_building_permit_issued_iby_gov_in_t-1"},{"colName":"cumulative_liquidity_in_t-1"},{"colName":"private_sector_investment_in_new_buildings_in_t-1"},{"colName":"land_price_index_in_t-1"},{"colName":"number_of_loans_extended_by_banks_in_t-1"},{"colName":"amount_of_loans_extended_by_banks_in_t-1"},{"colName":"intrest_rate_in_t-1"},{"colName":"average_construction_cost_completion_of_project_in_t-1"},{"colName":"average_of_construction_cost_beginning_of_project_in_t-1"},{"colName":"exchange_rate_in_t-1"},{"colName":"non-official_exchange_rate_in_t-1"},{"colName":"cpi_in_t-1"},{"colName":"cpi_of_housing,_water,_fuel,_and_power_in_t-1"},{"colName":"stock_market_index_in_t-1"},{"colName":"population_of_the_city_in_t-1"},{"colName":"gold_price_in_t-1"},{"colName":"number_of_building_permits_issued_in_t-2"},{"colName":"bsi_in_t-2"},{"colName":"wpi_of_building_materials_for_the_base_year_in_t-2"},{"colName":"total_floor_area_of_building_permit_issued_by_gov_in_t-2"},{"colName":"cumulative_liquidity_in_t-2"},{"colName":"private_sector_investment_in_new_buildings_in_t-2"},{"colName":"land_price_index_in_t-2"},{"colName":"number_of_loans_extended_by_banks_in_t-2"},{"colName":"amount_of_loans_extended_by_banks_in_t-2"},{"colName":"intrest_rate_in_t-2"},{"colName":"average_construction_cost_completion_of_project_in_t-2"},{"colName":"average_of_construction_cost_beginning_of_project_in_t-2"},{"colName":"exchange_rate_in_t-2"},{"colName":"non-official_exchange_rate_in_t-2"},{"colName":"cpi_in_t-2"},{"colName":"cpi_of_housing,_water,_fuel,_and_power_in_t-2"},{"colName":"stock_market_index_in_t-2"},{"colName":"population_of_the_city_in_t-2"},{"colName":"gold_price_in_t-2"},{"colName":"number_of_building_permits_issued_in_t-3"},{"colName":"bsi_in_t-3"},{"colName":"wpi_of_building_materials_for_the_base_year_in_t-3"},{"colName":"total_floor_area_of_building_permit_issued_iby_gov_in_t-3"},{"colName":"cumulative_liquidity_in_t-3"},{"colName":"private_sector_investment_in_new_buildings_in_t-3"},{"colName":"land_price_index_in_t-3"},{"colName":"number_of_loans_extended_by_banks_in_t-3"},{"colName":"amount_of_loans_extended_by_banks_in_t-3"},{"colName":"intrest_rate_in_t-3"},{"colName":"average_construction_cost_completion_of_project_in_t-3"},{"colName":"average_of_construction_cost_beginning_of_project_in_t-3"},{"colName":"exchange_rate_in_t-3"},{"colName":"non-official_exchange_rate_in_t-3"},{"colName":"cpi_in_t-3"},{"colName":"cpi_of_housing,_water,_fuel,_and_power_in_t-3"},{"colName":"stock_market_index_in_t-3"},{"colName":"population_of_the_city_in_t-3"},{"colName":"gold_price_in_t-3"},{"colName":"number_of_building_permits_issued_in_t-4"},{"colName":"bsi_in_t-4"},{"colName":"wpi_of_building_materials_for_the_base_year_in_t-4"},{"colName":"total_floor_area_of_building_permit_issued_iby_gov_in_t-4"},{"colName":"cumulative_liquidity_in_t-4"},{"colName":"private_sector_investment_in_new_buildings_in_t-4"},{"colName":"land_price_index_in_t-4"},{"colName":"number_of_loans_extended_by_banks_in_t-4"},{"colName":"amount_of_loans_extended_by_banks_in_t-4"},{"colName":"intrest_rate_in_t-4"},{"colName":"average_construction_cost_completion_of_project_in_t-4"},{"colName":"average_of_construction_cost_beginning_of_project_in_t-4"},{"colName":"exchange_rate_in_t-4"},{"colName":"non-official_exchange_rate_in_t-4"},{"colName":"cpi_in_t-4"},{"colName":"cpi_of_housing,_water,_fuel,_and_power_in_t-4"},{"colName":"stock_market_index_in_t-4"},{"colName":"population_of_the_city_in_t-4"},{"colName":"gold_price_in_t-4"},{"colName":"number_of_building_permits_issued_in_t-5"},{"colName":"bsi_in_t-5"},{"colName":"wpi_of_building_materials_for_the_base_year_in_t-5"},{"colName":"total_floor_area_of_building_permit_issued_iby_gov_in_t-5"},{"colName":"cumulative_liquidity_in_t-5"},{"colName":"private_sector_investment_in_new_buildings_in_t-5"},{"colName":"land_price_index_in_t-5"},{"colName":"number_of_loans_extended_by_banks_in_t-5"},{"colName":"amount_of_loans_extended_by_banks_in_t-5"},{"colName":"intrest_rate_in_t-5"},{"colName":"average_construction_cost_completion_of_project_in_t-5"},{"colName":"average_of_construction_cost_beginning_of_project_in_t-5"},{"colName":"exchange_rate_in_t-5"},{"colName":"non-official_exchange_rate_in_t-5"},{"colName":"cpi_in_t-5"},{"colName":"cpi_of_housing,_water,_fuel,_and_power_in_t-5"},{"colName":"stock_market_index_in_t-5"},{"colName":"population_of_the_city_in_t-5"},{"colName":"gold_price_in_t-5"},{"colName":"actual_sales_price"}],"algorithms":["Linear Regression","Polynomial Regression","Random Forest Regression","Ridge Regression"],"algoType":"regression","isMultilabel":false,"edaId":"625ced12c73e7b0023477acd","problemType":"predictive_modeling","autoFeatureGenTasks":null,"ordinalEncoderMap":[],"classNames":null,"predictiveModelingInfo":{"featuresToTransform":[],"applyToTarget":false,"decomposition":"none","components":2,"featureSelectionMethod":"none","scoringFunction":"none","featurePercentage":70,"nFeaturesToSelect":70,"step":"none","customFeatures":[],"featureScaling":"none","normalizationMethod":"none","featureSelectionEstimator":"none","featureSelectionStep":"none","featureSelectionCV":"none"},"nlpConfigs":[],"createdBy":"6239c25c5c84bb00c656c07c","projectId":"625cebc1c73e7b0023477ac3","fileEncoding":"utf_8","name":"Model : Construction Cost Prediction","metaInfo":{"fileName":"dataflow-Construction_Cost_pred-1650256965.pkl"},"noOfFeatures":104,"afterEdaFileId":"625cec45c73e7b0023477ac8","createdAt":"2022-04-18T05:15:16.043Z","__v":2}]