[{"id":"8caf27.fed620d8","type":"tab","label":"Flow 1","disabled":false,"info":""},{"id":"2e79cd73.fc0db2","type":"python3-function","z":"8caf27.fed620d8","name":"","func":"\nimport json\nimport os\nimport pandas as pd\ndf = pd.read_excel(os.path.join(msg['basedir'], \"upload-Residential-Building-Data-Set-1650256859289.xlsx\"),sheet_name='Data',engine='openpyxl')\n\n\ndf.columns=['START YEAR','START QUARTER','COMPLETION YEAR','COMPLETION QUARTER',\n            'ZIP code','Total_Floor_Area ','Lot_area',\n            'Total preliminary estimated construction cost at the beginning',\n            'Preliminary estimated construction cost at the beginning',\n            'Equivalent preliminary estimated construction at the beginning of theproject in a selected base year',\n            'Duration','Price of the unit at the beginning',\n            'Number of building permits issued in T-1', \n            'BSI in T-1', 'WPI of building materials for the base year in T-1',\n            'Total Floor area of building permit issued iby gov in T-1',\n            'Cumulative liquidity in T-1','Private sector investment in new buildings in T-1', \n            'Land Price Index in T-1','Number of loans extended by banks in T-1',\n            'Amount of loans extended by banks in T-1',\n            'Intrest rate in T-1','Average construction cost completion of project in T-1', \n            'Average of construction cost beginning of project in T-1','Exchange rate in T-1',\n            'Non-official exchange rate in T-1','CPI in T-1','CPI of housing, water, fuel, and power in T-1',\n            'Stock market index in T-1','Population of the city In T-1','Gold price in T-1',\n            'Number of building permits issued in T-2','BSI in T-2','WPI of building materials for the base year in T-2',\n            'Total Floor area of building permit issued by gov in T-2','Cumulative liquidity in T-2',\n            'Private sector investment in new buildings in T-2','Land Price Index in T-2',\n            'Number of loans extended by banks in T-2','Amount of loans extended by banks in T-2',\n            'Intrest rate in T-2','Average construction cost completion of project in T-2', \n            'Average of construction cost beginning of project in T-2','Exchange rate in T-2',\n            'Non-official exchange rate in T-2','CPI in T-2','CPI of housing, water, fuel, and power in T-2',\n            'Stock market index in T-2','Population of the city In T-2','Gold price in T-2',\n            'Number of building permits issued in T-3','BSI in T-3', 'WPI of building materials for the base year in T-3',\n            'Total Floor area of building permit issued iby gov in T-3','Cumulative liquidity in T-3',\n            'Private sector investment in new buildings in T-3','Land Price Index in T-3',\n            'Number of loans extended by banks in T-3','Amount of loans extended by banks in T-3',\n            'Intrest rate in T-3','Average construction cost completion of project in T-3', \n            'Average of construction cost beginning of project in T-3','Exchange rate in T-3',\n            'Non-official exchange rate in T-3','CPI in T-3','CPI of housing, water, fuel, and power in T-3','Stock market index in T-3',\n            'Population of the city In T-3','Gold price in T-3','Number of building permits issued in T-4',\n            'BSI in T-4', 'WPI of building materials for the base year in T-4',\n            'Total Floor area of building permit issued iby gov in T-4','Cumulative liquidity in T-4',\n            'Private sector investment in new buildings in T-4','Land Price Index in T-4',\n            'Number of loans extended by banks in T-4','Amount of loans extended by banks in T-4',\n            'Intrest rate in T-4','Average construction cost completion of project in T-4', \n            'Average of construction cost beginning of project in T-4','Exchange rate in T-4',\n            'Non-official exchange rate in T-4','CPI in T-4','CPI of housing, water, fuel, and power in T-4','Stock market index in T-4',\n            'Population of the city In T-4','Gold price in T-4','Number of building permits issued in T-5',\n            'BSI in T-5', 'WPI of building materials for the base year in T-5',\n            'Total Floor area of building permit issued iby gov in T-5','Cumulative liquidity in T-5',\n            'Private sector investment in new buildings in T-5', 'Land Price Index in T-5',\n            'Number of loans extended by banks in T-5','Amount of loans extended by banks in T-5',\n            'Intrest rate in T-5','Average construction cost completion of project in T-5',\n            'Average of construction cost beginning of project in T-5','Exchange rate in T-5',\n            'Non-official exchange rate in T-5','CPI in T-5','CPI of housing, water, fuel, and power in T-5','Stock market index in T-5',\n            'Population of the city In T-5','Gold price in T-5','Actual sales Price','Construction_Cost']\ndf.drop(0, inplace=True)\n\ndf = df.apply(lambda x: x.astype(\"str\"))\nmsg['filePath']=\"Construction_Cost_pred.csv\"\nmsg['payload'] = json.dumps(df.to_dict(orient='records'))\nreturn msg","outputs":1,"x":400,"y":300,"wires":[["f7d066f5.79e398"]]},{"id":"a311371c.257338","type":"ps_inject_node","z":"8caf27.fed620d8","replace":"","x":230,"y":380,"wires":[["2e79cd73.fc0db2"]]},{"id":"f7d066f5.79e398","type":"ps_savedata","z":"8caf27.fed620d8","name":"","x":600,"y":420,"wires":[[]]}]