[{"_id":"62b96fc9676a8d0037861aae","projectId":"62b96fc9676a8d0037861aac","userId":"629dc13a3dad830031114488","level":"info","message":"project directory created","createdAt":"2022-06-27T08:52:25.140Z","__v":0},{"_id":"62b96fee676a8d0037861ab2","projectId":"62b96fc9676a8d0037861aac","userId":"629dc13a3dad830031114488","level":"error","message":"Initialized eda progress.","createdAt":"2022-06-27T08:53:02.939Z","__v":0},{"_id":"62b96fee676a8d0037861ab3","projectId":"62b96fc9676a8d0037861aac","userId":"629dc13a3dad830031114488","level":"info","message":"auto Eda started","createdAt":"2022-06-27T08:53:02.940Z","__v":0},{"_id":"62b96fef676a8d0037861ab5","projectId":"62b96fc9676a8d0037861aac","userId":"629dc13a3dad830031114488","level":"info","message":"eda eda completed and data saved to database","createdAt":"2022-06-27T08:53:03.755Z","__v":0},{"_id":"62b96ff4676a8d0037861ab6","projectId":"62b96fc9676a8d0037861aac","userId":"629dc13a3dad830031114488","level":"info","message":"Listing models","createdAt":"2022-06-27T08:53:08.010Z","__v":0},{"_id":"62b96ffc676a8d0037861ab8","projectId":"62b96fc9676a8d0037861aac","userId":"629dc13a3dad830031114488","level":"info","message":"Training started","createdAt":"2022-06-27T08:53:16.915Z","__v":0},{"_id":"62b96fff676a8d0037861aba","projectId":"62b96fc9676a8d0037861aac","userId":"629dc13a3dad830031114488","level":"info","message":"Listing trainings","createdAt":"2022-06-27T08:53:19.237Z","__v":0},{"_id":"62b9700b676a8d0037861abc","projectId":"62b96fc9676a8d0037861aac","userId":"629dc13a3dad830031114488","level":"info","message":"Listing trainings","createdAt":"2022-06-27T08:53:31.485Z","__v":0}]