[{"isHighDimensional":false,"usingGPU":false,"tasks":[{"currentPipelineFilename":"eda_pipeline-1656319983.pkl","type":"eda","parentPipelineFilename":null}],"_id":"62b96fef676a8d0037861ab4","fileId":"62b96fda676a8d0037861aaf","dataSetInfo":{"trainSize":80,"devSize":null,"holdoutSize":20,"holdoutFilename":"none","splitDateWise":false},"isMultipleTimeseries":false,"timeseriesIds":null,"timeseriesInfo":{"datetimeIndex":"date"},"depVariable":"high","paragraphColNames":[],"datetimeColumnName":[],"blankColumn":[],"correctedData":"imputed_dataset-1656319983.csv","imputedDatasetFilepath":"temp_eda-1656319983.csv","outlierPreviewFilepath":"outlier_imputed_dataset-1656319983.csv","indexPath":"indexes-1656319983.pkl","edaSummary":[{"missing":0,"unique":1252,"max":3645.98999,"median":2696.25,"min":1847,"std":409.68085,"mean":2660.71899,"frequency":"NA","missingProportion":0,"mostlyMissing":false,"colName":"high","outlierCorrectionStrategy":"Ignore outlier","outlierDetectionStrategy":"Inter-Quartile Range","imputationStrategy":"Linear","isVarTypeChanged":false,"outlierCount":0,"constantFeature":false,"customVarType":"Decimal","dataType":"Decimal","dateComponent":[]},{"missing":0,"unique":1251,"max":3600.15991,"median":2667.84009,"min":1810.09998,"std":404.31006,"mean":2632.81763,"frequency":"NA","missingProportion":0,"mostlyMissing":false,"colName":"low","outlierCorrectionStrategy":"Ignore outlier","outlierDetectionStrategy":"Inter-Quartile Range","imputationStrategy":"Linear","isVarTypeChanged":false,"outlierCount":0,"constantFeature":false,"customVarType":"Decimal","dataType":"Decimal","dateComponent":[]},{"missing":0,"unique":1247,"max":3612.09009,"median":2685.48999,"min":1833.40002,"std":407.16998,"mean":2647.70459,"frequency":"NA","missingProportion":0,"mostlyMissing":false,"colName":"open","outlierCorrectionStrategy":"Ignore outlier","outlierDetectionStrategy":"Inter-Quartile Range","imputationStrategy":"Linear","isVarTypeChanged":false,"outlierCount":0,"constantFeature":false,"customVarType":"Decimal","dataType":"Decimal","dateComponent":[]},{"missing":0,"unique":1252,"max":3626.90991,"median":2683.34009,"min":1829.07996,"std":407.30118,"mean":2647.8562,"frequency":"NA","missingProportion":0,"mostlyMissing":false,"colName":"close","outlierCorrectionStrategy":"Ignore outlier","outlierDetectionStrategy":"Inter-Quartile Range","imputationStrategy":"Linear","isVarTypeChanged":false,"outlierCount":0,"constantFeature":false,"customVarType":"Decimal","dataType":"Decimal","dateComponent":[]},{"missing":0,"unique":1258,"max":9044690000,"median":3609740000,"min":1296540000,"std":1087592837.88967,"mean":3869626822.97534,"frequency":"NA","missingProportion":0,"mostlyMissing":false,"colName":"volume","outlierCorrectionStrategy":"Ignore outlier","outlierDetectionStrategy":"Inter-Quartile Range","imputationStrategy":"Linear","isVarTypeChanged":false,"outlierCount":135,"constantFeature":false,"customVarType":"Integer","dataType":"Integer","dateComponent":[]},{"missing":0,"unique":1252,"max":3626.90991,"median":2683.34009,"min":1829.07996,"std":407.30118,"mean":2647.8562,"frequency":"NA","missingProportion":0,"mostlyMissing":false,"colName":"adj_close","outlierCorrectionStrategy":"Ignore outlier","outlierDetectionStrategy":"Inter-Quartile Range","imputationStrategy":"Linear","isVarTypeChanged":false,"outlierCount":0,"constantFeature":false,"customVarType":"Decimal","dataType":"Decimal","dateComponent":[]}],"edaDuration":"0.6722870000000007","edaMode":"eda","createdBy":"629dc13a3dad830031114488","projectId":"62b96fc9676a8d0037861aac","createdAt":"2022-06-27T08:53:03.747Z","__v":0}]