[{"fileEncoding":"utf_8","fileSchema":[{"colName":"date","dataType":"Datetime","originalColName":"Date","isAutoGenerated":false},{"colName":"high","dataType":"Decimal","originalColName":"High","isAutoGenerated":false},{"colName":"low","dataType":"Decimal","originalColName":"Low","isAutoGenerated":false},{"colName":"open","dataType":"Decimal","originalColName":"Open","isAutoGenerated":false},{"colName":"close","dataType":"Decimal","originalColName":"Close","isAutoGenerated":false},{"colName":"volume","dataType":"Integer","originalColName":"Volume","isAutoGenerated":false},{"colName":"adj_close","dataType":"Decimal","originalColName":"Adj Close","isAutoGenerated":false}],"descriptiveStatistics":[{"colName":"adj_close","missing":0,"median":2683.34009,"frequency":"","max":3626.90991,"mean":2647.8562,"min":1829.07996,"std":407.30118,"unidistant_date":"","unique":1252},{"colName":"close","missing":0,"median":2683.34009,"frequency":"","max":3626.90991,"mean":2647.8562,"min":1829.07996,"std":407.30118,"unidistant_date":"","unique":1252},{"colName":"date","missing":0,"median":"2018-05-23T00:00:00","frequency":"D (Calendar day)","max":"2020-11-20T00:00:00","mean":"","min":"2015-11-23T00:00:00","std":"","unidistant_date":true,"unique":1825},{"colName":"high","missing":0,"median":2696.25,"frequency":"","max":3645.98999,"mean":2660.71899,"min":1847,"std":409.68085,"unidistant_date":"","unique":1252},{"colName":"low","missing":0,"median":2667.84009,"frequency":"","max":3600.15991,"mean":2632.81763,"min":1810.09998,"std":404.31006,"unidistant_date":"","unique":1251},{"colName":"open","missing":0,"median":2685.48999,"frequency":"","max":3612.09009,"mean":2647.70459,"min":1833.40002,"std":407.16998,"unidistant_date":"","unique":1247},{"colName":"volume","missing":0,"median":3609740000,"frequency":"","max":9044690000,"mean":3869626822.97534,"min":1296540000,"std":1087592837.88967,"unidistant_date":"","unique":1258}],"tasks":[{"type":"upload","parentPipelineFilename":null,"currentPipelineFilename":null}],"isParent":true,"isDeleted":false,"_id":"62b96fda676a8d0037861aaf","fileSource":"upload","dataGroupId":"62b96fc9676a8d0037861aad","filename":"upload-stock_prices-1656319961985.pkl","fileSize":67057,"noOfRows":"1.82K","noOfCols":"7","projectId":"62b96fc9676a8d0037861aac","createdBy":"629dc13a3dad830031114488","rawFileName":"upload-stock_prices-1656319961985.csv","createdAt":"2022-06-27T08:52:42.457Z","updatedAt":"2022-06-27T08:52:42.457Z","__v":0,"currentEdaId":"62b96fef676a8d0037861ab4"}]