[{"_id":"62b96ffe676a8d0037861ab9","createdBy":"629dc13a3dad830031114488","projectId":"62b96fc9676a8d0037861aac","trainingId":"62b96ffc676a8d0037861ab7","hptPreference":null,"modelMetaData":{"algoName":"Sarimax","timeElapsed":1.8175917863845825,"modelPath":"sarimax--1656319997.sav","losses":[{"name":"rmse","value":14.38},{"name":"mse","value":206.8378},{"name":"mape","value":0.0032},{"name":"me","value":-3.3348},{"name":"mae","value":9.7958},{"name":"mpe","value":-0.0012},{"name":"minmax","value":0.0032}],"modelTuning":"hpt","bestParams":{"hpt":[{"name":"order","data":[1,0,0]},{"name":"seasonal_order","data":[0,0,0,0]},{"name":"enforce_stationarity","data":true},{"name":"enforce_invertibility","data":false}]}},"trainPipeFilePath":"task_pipeline--1656319997.pkl","status":"success","createdAt":"2022-06-27T08:53:18.940Z","__v":0},{"_id":"62b9700b676a8d0037861abb","createdBy":"629dc13a3dad830031114488","projectId":"62b96fc9676a8d0037861aac","trainingId":"62b96ffc676a8d0037861ab7","hptPreference":null,"modelMetaData":{"algoName":"Prophet","timeElapsed":14.278988718986511,"modelPath":"prophet--1656319997.sav","losses":[{"name":"rmse","value":361.24},{"name":"mse","value":130492.8562},{"name":"mape","value":0.0916},{"name":"me","value":235.8813},{"name":"mae","value":269.5378},{"name":"mpe","value":0.0814},{"name":"minmax","value":0.0781}],"modelTuning":"hpt","bestParams":{"hpt":[{"name":"seasonality_mode","data":"additive"},{"name":"seasonality_prior_scale","data":10},{"name":"holidays_prior_scale","data":10},{"name":"changepoint_prior_scale","data":0.05}]}},"trainPipeFilePath":"task_pipeline--1656319997.pkl","status":"success","createdAt":"2022-06-27T08:53:31.421Z","__v":0}]