[{"sampling":null,"dropOriginal":false,"_id":"62b96ffc676a8d0037861ab7","originalFileId":"62b96fda676a8d0037861aaf","depVariable":"high","algorithms":["Sarimax","Prophet"],"hptPreference":[],"edaId":"62b96fef676a8d0037861ab4","problemType":"timeseries","ordinalEncoderMap":[],"nSteps":null,"timeseriesInfo":{"exogVariables":[{"colName":"low"},{"colName":"open"},{"colName":"close"},{"colName":"volume"},{"colName":"adj_close"}],"timesteps":60,"stationaryColumns":[],"stationaryMethod":"none","featureScaling":"none","normalizationMethod":"none","featuresToTransform":[],"applyToTarget":false,"period":1,"scalar":1},"nlpConfigs":[],"preprocessedFilepath":null,"createdBy":"629dc13a3dad830031114488","projectId":"62b96fc9676a8d0037861aac","fileEncoding":"utf_8","name":"Model : StockPrice","metaInfo":{"fileName":"upload-stock_prices-1656319961985.pkl"},"afterEdaFileId":"62b96fda676a8d0037861aaf","createdAt":"2022-06-27T08:53:16.909Z","__v":0}]