clusters,age,annual_income_(k$),customerid,gender,spending_score_(1-100)
Low_income,19,15,1,Male,39
Low_income,21,15,2,Male,81
Low_income,20,16,3,Female,6
Low_income,23,16,4,Female,77
Low_income,31,17,5,Female,40
Low_income,22,17,6,Female,76
Low_income,35,18,7,Female,6
Low_income,23,18,8,Female,94
Low_income,64,19,9,Male,3
Low_income,30,19,10,Female,72
Low_income,67,19,11,Male,14
Low_income,35,19,12,Female,99
Low_income,58,20,13,Female,15
Low_income,24,20,14,Female,77
Low_income,37,20,15,Male,13
Low_income,22,20,16,Male,79
Low_income,35,21,17,Female,35
Low_income,20,21,18,Male,66
Low_income,52,23,19,Male,29
Low_income,35,23,20,Female,98
Low_income,35,24,21,Male,35
Low_income,25,24,22,Male,73
Low_income,46,25,23,Female,5
Low_income,31,25,24,Male,73
Low_income,54,28,25,Female,14
Low_income,29,28,26,Male,82
Low_income,45,28,27,Female,32
Low_income,35,28,28,Male,61
Low_income,40,29,29,Female,31
Low_income,23,29,30,Female,87
Low_income,60,30,31,Male,4
Low_income,21,30,32,Female,73
Low_income,53,33,33,Male,4
Low_income,18,33,34,Male,92
Low_income,49,33,35,Female,14
Low_income,21,33,36,Female,81
Low_income,42,34,37,Female,17
Low_income,30,34,38,Female,73
Low_income,36,37,39,Female,26
Low_income,20,37,40,Female,75
Low_income,65,38,41,Female,35
Low_income,24,38,42,Male,92
Low_income,48,39,43,Male,36
Low_income,31,39,44,Female,61
Low_income,49,39,45,Female,28
Low_income,24,39,46,Female,65
Low_income,50,40,47,Female,55
Low_income,27,40,48,Female,47
Low_income,29,40,49,Female,42
Low_income,31,40,50,Female,42
Low_income,49,42,51,Female,52
Low_income,33,42,52,Male,60
Low_income,31,43,53,Female,54
Low_income,59,43,54,Male,60
Low_income,50,43,55,Female,45
Low_income,47,43,56,Male,41
Low_income,51,44,57,Female,50
Low_income,69,44,58,Male,46
Low_income,27,46,59,Female,51
Low_income,53,46,60,Male,46
Low_income,70,46,61,Male,56
Low_income,19,46,62,Male,55
Low_income,67,47,63,Female,52
Low_income,54,47,64,Female,59
Low_income,63,48,65,Male,51
Low_income,18,48,66,Male,59
Low_income,43,48,67,Female,50
Low_income,68,48,68,Female,48
Low_income,19,48,69,Male,59
Low_income,32,48,70,Female,47
Low_income,70,49,71,Male,55
Low_income,47,49,72,Female,42
Low_income,60,50,73,Female,49
Low_income,60,50,74,Female,56
Low_income,59,54,75,Male,47
Low_income,26,54,76,Male,54
Low_income,45,54,77,Female,53
Low_income,40,54,78,Male,48
Low_income,23,54,79,Female,52
Low_income,49,54,80,Female,42
Low_income,57,54,81,Male,51
Low_income,38,54,82,Male,55
Low_income,67,54,83,Male,41
Low_income,46,54,84,Female,44
Low_income,21,54,85,Female,57
Low_income,48,54,86,Male,46
Low_income,55,57,87,Female,58
Low_income,22,57,88,Female,55
Low_income,34,58,89,Female,60
Low_income,50,58,90,Female,46
Low_income,68,59,91,Female,55
Low_income,18,59,92,Male,41
Low_income,48,60,93,Male,49
Low_income,40,60,94,Female,40
Low_income,32,60,95,Female,42
Low_income,24,60,96,Male,52
Low_income,47,60,97,Female,47
Low_income,27,60,98,Female,50
Low_income,48,61,99,Male,42
Low_income,20,61,100,Male,49
Low_income,23,62,101,Female,41
Low_income,49,62,102,Female,48
Low_income,67,62,103,Male,59
Low_income,26,62,104,Male,55
Low_income,49,62,105,Male,56
Low_income,21,62,106,Female,42
Low_income,66,63,107,Female,50
Low_income,54,63,108,Male,46
Low_income,68,63,109,Male,43
Low_income,66,63,110,Male,48
Low_income,65,63,111,Male,52
Low_income,19,63,112,Female,54
Low_income,38,64,113,Female,42
Low_income,19,64,114,Male,46
Low_income,18,65,115,Female,48
Low_income,19,65,116,Female,50
Low_income,63,65,117,Female,43
Low_income,49,65,118,Female,59
Low_income,51,67,119,Female,43
Low_income,50,67,120,Female,57
Low_income,27,67,121,Male,56
Low_income,38,67,122,Female,40
Low_income,40,69,123,Female,58
Big_spend_big_income,39,69,124,Male,91
Low_income,23,70,125,Female,29
Big_spend_big_income,31,70,126,Female,77
Low_spend_big_income,43,71,127,Male,35
Big_spend_big_income,40,71,128,Male,95
Low_spend_big_income,59,71,129,Male,11
Big_spend_big_income,38,71,130,Male,75
Low_spend_big_income,47,71,131,Male,9
Big_spend_big_income,39,71,132,Male,75
Low_income,25,72,133,Female,34
Big_spend_big_income,31,72,134,Female,71
Low_spend_big_income,20,73,135,Male,5
Big_spend_big_income,29,73,136,Female,88
Low_spend_big_income,44,73,137,Female,7
Big_spend_big_income,32,73,138,Male,73
Low_spend_big_income,19,74,139,Male,10
Big_spend_big_income,35,74,140,Female,72
Low_spend_big_income,57,75,141,Female,5
Big_spend_big_income,32,75,142,Male,93
Low_income,28,76,143,Female,40
Big_spend_big_income,32,76,144,Female,87
Low_spend_big_income,25,77,145,Male,12
Big_spend_big_income,28,77,146,Male,97
Low_spend_big_income,48,77,147,Male,36
Big_spend_big_income,32,77,148,Female,74
Low_spend_big_income,34,78,149,Female,22
Big_spend_big_income,34,78,150,Male,90
Low_spend_big_income,43,78,151,Male,17
Big_spend_big_income,39,78,152,Male,88
Low_spend_big_income,44,78,153,Female,20
Big_spend_big_income,38,78,154,Female,76
Low_spend_big_income,47,78,155,Female,16
Big_spend_big_income,27,78,156,Female,89
Low_spend_big_income,37,78,157,Male,1
Big_spend_big_income,30,78,158,Female,78
Low_spend_big_income,34,78,159,Male,1
Big_spend_big_income,30,78,160,Female,73
Low_spend_big_income,56,79,161,Female,35
Big_spend_big_income,29,79,162,Female,83
Low_spend_big_income,19,81,163,Male,5
Big_spend_big_income,31,81,164,Female,93
Low_spend_big_income,50,85,165,Male,26
Big_spend_big_income,36,85,166,Female,75
Low_spend_big_income,42,86,167,Male,20
Big_spend_big_income,33,86,168,Female,95
Low_spend_big_income,36,87,169,Female,27
Big_spend_big_income,32,87,170,Male,63
Low_spend_big_income,40,87,171,Male,13
Big_spend_big_income,28,87,172,Male,75
Low_spend_big_income,36,87,173,Male,10
Big_spend_big_income,36,87,174,Male,92
Low_spend_big_income,52,88,175,Female,13
Big_spend_big_income,30,88,176,Female,86
Low_spend_big_income,58,88,177,Male,15
Big_spend_big_income,27,88,178,Male,69
Low_spend_big_income,59,93,179,Male,14
Big_spend_big_income,35,93,180,Male,90
Low_spend_big_income,37,97,181,Female,32
Big_spend_big_income,32,97,182,Female,86
Low_spend_big_income,46,98,183,Male,15
Big_spend_big_income,29,98,184,Female,88
Low_spend_big_income,41,99,185,Female,39
Big_spend_big_income,30,99,186,Male,97
Low_spend_big_income,54,101,187,Female,24
Big_spend_big_income,28,101,188,Male,68
Low_spend_big_income,41,103,189,Female,17
Big_spend_big_income,36,103,190,Female,85
Low_spend_big_income,34,103,191,Female,23
Big_spend_big_income,32,103,192,Female,69
Low_spend_big_income,33,113,193,Male,8
Big_spend_big_income,38,113,194,Female,91
Low_spend_big_income,47,120,195,Female,16
Big_spend_big_income,35,120,196,Female,79
Low_spend_big_income,45,126,197,Female,28
Big_spend_big_income,32,126,198,Male,74
Low_spend_big_income,32,137,199,Male,18
Big_spend_big_income,30,137,200,Male,83
