[{"_id":"625d48c8b7cee0af8c3ee4d7","projectId":"625d48c8b7cee0af8c3ee4d5","userId":"6200b98e095f6011bdade607","level":"info","message":"project directory created","createdAt":"2022-04-18T11:17:28.597Z","__v":0},{"_id":"625d48d1b7cee0af8c3ee4db","projectId":"625d48c8b7cee0af8c3ee4d5","userId":"6200b98e095f6011bdade607","level":"error","message":"Initialized eda progress.","createdAt":"2022-04-18T11:17:37.359Z","__v":0},{"_id":"625d48d1b7cee0af8c3ee4dc","projectId":"625d48c8b7cee0af8c3ee4d5","userId":"6200b98e095f6011bdade607","level":"info","message":"auto Eda started","createdAt":"2022-04-18T11:17:37.360Z","__v":0},{"_id":"625d48d1b7cee0af8c3ee4de","projectId":"625d48c8b7cee0af8c3ee4d5","userId":"6200b98e095f6011bdade607","level":"info","message":"eda eda completed and data saved to database","createdAt":"2022-04-18T11:17:37.652Z","__v":0},{"_id":"625d48d3b7cee0af8c3ee4df","projectId":"625d48c8b7cee0af8c3ee4d5","userId":"6200b98e095f6011bdade607","level":"info","message":"Listing models","createdAt":"2022-04-18T11:17:39.950Z","__v":0},{"_id":"625d48ecb7cee0af8c3ee4e1","projectId":"625d48c8b7cee0af8c3ee4d5","userId":"6200b98e095f6011bdade607","level":"info","message":"Training started","createdAt":"2022-04-18T11:18:04.069Z","__v":0},{"_id":"625d48edb7cee0af8c3ee4e3","projectId":"625d48c8b7cee0af8c3ee4d5","userId":"6200b98e095f6011bdade607","level":"info","message":"Listing trainings","createdAt":"2022-04-18T11:18:05.013Z","__v":0},{"_id":"625d48f3b7cee0af8c3ee4e6","projectId":"625d48c8b7cee0af8c3ee4d5","userId":"6200b98e095f6011bdade607","level":"info","message":"Listing models","createdAt":"2022-04-18T11:18:11.079Z","__v":0},{"_id":"625d48f3b7cee0af8c3ee4e8","projectId":"625d48c8b7cee0af8c3ee4d5","userId":"6200b98e095f6011bdade607","level":"info","message":"Training started","createdAt":"2022-04-18T11:18:11.885Z","__v":0},{"_id":"625d48f4b7cee0af8c3ee4ea","projectId":"625d48c8b7cee0af8c3ee4d5","userId":"6200b98e095f6011bdade607","level":"info","message":"Listing trainings","createdAt":"2022-04-18T11:18:12.834Z","__v":0},{"_id":"625d49d0b7cee0af8c3ee510","projectId":"625d48c8b7cee0af8c3ee4d5","userId":"6200b98e095f6011bdade607","level":"info","message":"Listing trainings","createdAt":"2022-04-18T11:21:52.060Z","__v":0},{"_id":"625d4a94b7cee0af8c3ee511","projectId":"625d48c8b7cee0af8c3ee4d5","userId":"6200b98e095f6011bdade607","level":"info","message":"Listing trainings","createdAt":"2022-04-18T11:25:08.357Z","__v":0}]