[{"isHighDimensional":false,"usingGPU":false,"tasks":[{"currentPipelineFilename":"eda_pipeline-1650280657.pkl","type":"eda","parentPipelineFilename":null}],"_id":"625d48d1b7cee0af8c3ee4dd","fileId":"625d48ccb7cee0af8c3ee4d8","dataSetInfo":{"trainSize":0,"devSize":null,"holdoutSize":0,"holdoutFilename":"none","splitDateWise":false},"paragraphColNames":[],"datetimeColumnName":[],"blankColumn":[],"correctedData":"imputed_dataset-1650280657.csv","imputedDatasetFilepath":"temp_eda-1650280657.csv","outlierPreviewFilepath":"outlier_imputed_dataset-1650280657.csv","edaSummary":[{"missing":0,"unique":103,"max":46.6,"median":22,"min":10,"std":7.82357,"mean":23.14483,"missingProportion":0,"mostlyMissing":false,"colName":"miles_per_gallon_","outlierCorrectionStrategy":"Ignore outlier","outlierDetectionStrategy":"Inter-Quartile Range","imputationStrategy":"Mean","isVarTypeChanged":false,"outlierCount":0,"constantFeature":false,"customVarType":"Decimal","dataType":"Decimal","dateComponent":[]},{"missing":0,"unique":5,"max":8,"median":6,"min":3,"std":1.73331,"mean":5.59004,"missingProportion":0,"mostlyMissing":false,"colName":"cylinders","outlierCorrectionStrategy":"Ignore outlier","outlierDetectionStrategy":"Inter-Quartile Range","imputationStrategy":"Median","isVarTypeChanged":false,"outlierCount":0,"constantFeature":false,"customVarType":"Integer","dataType":"Integer","dateComponent":[]},{"missing":2,"unique":75,"max":455,"median":156,"min":68,"std":109.2583,"mean":200.91891,"missingProportion":0.00766,"mostlyMissing":false,"colName":"cubicinches","outlierCorrectionStrategy":"Ignore outlier","outlierDetectionStrategy":"Inter-Quartile Range","imputationStrategy":"Mean","isVarTypeChanged":false,"outlierCount":0,"constantFeature":false,"customVarType":"Decimal","dataType":"Decimal","dateComponent":[]},{"missing":0,"unique":85,"max":230,"median":95,"min":46,"std":40.49996,"mean":106.36015,"missingProportion":0,"mostlyMissing":false,"colName":"hp","outlierCorrectionStrategy":"Ignore outlier","outlierDetectionStrategy":"Inter-Quartile Range","imputationStrategy":"Median","isVarTypeChanged":false,"outlierCount":0,"constantFeature":false,"customVarType":"Integer","dataType":"Integer","dateComponent":[]},{"missing":3,"unique":240,"max":4997,"median":2867.5,"min":1613,"std":854.039,"mean":3009.83325,"missingProportion":0.01149,"mostlyMissing":false,"colName":"weightlbs","outlierCorrectionStrategy":"Ignore outlier","outlierDetectionStrategy":"Inter-Quartile Range","imputationStrategy":"Mean","isVarTypeChanged":false,"outlierCount":0,"constantFeature":false,"customVarType":"Decimal","dataType":"Decimal","dateComponent":[]},{"missing":0,"unique":17,"max":25,"median":16,"min":8,"std":2.91062,"mean":15.54789,"missingProportion":0,"mostlyMissing":false,"colName":"time-to-60","outlierCorrectionStrategy":"Ignore outlier","outlierDetectionStrategy":"Inter-Quartile Range","imputationStrategy":"Median","isVarTypeChanged":false,"outlierCount":11,"constantFeature":false,"customVarType":"Integer","dataType":"Integer","dateComponent":[]},{"missing":0,"unique":13,"max":1983,"median":1977,"min":1971,"std":3.6377,"mean":1976.81992,"missingProportion":0,"mostlyMissing":false,"colName":"year","outlierCorrectionStrategy":"Ignore outlier","outlierDetectionStrategy":"Inter-Quartile Range","imputationStrategy":"Median","isVarTypeChanged":false,"outlierCount":0,"constantFeature":false,"customVarType":"Integer","dataType":"Integer","dateComponent":[]},{"missing":0,"unique":3,"max":"","median":"","min":"","std":"","mean":"","missingProportion":0,"mostlyMissing":false,"colName":"country","outlierCorrectionStrategy":"","outlierDetectionStrategy":"","imputationStrategy":"Mode","isVarTypeChanged":false,"outlierCount":"","constantFeature":false,"customVarType":"Categorical","dataType":"Categorical","dateComponent":[]}],"edaDuration":"0.23780800000000024","edaMode":"eda","dimReductionFitSize":1,"classNames":null,"createdBy":"6200b98e095f6011bdade607","projectId":"625d48c8b7cee0af8c3ee4d5","createdAt":"2022-04-18T11:17:37.649Z","__v":0}]