[{"fileEncoding":"utf_8","fileSchema":[{"colName":"miles_per_gallon_","dataType":"Decimal","originalColName":"Miles per gallon ","isAutoGenerated":false},{"colName":"cylinders","dataType":"Integer","originalColName":"cylinders","isAutoGenerated":false},{"colName":"cubicinches","dataType":"Decimal","originalColName":"cubicinches","isAutoGenerated":false},{"colName":"hp","dataType":"Integer","originalColName":"HP","isAutoGenerated":false},{"colName":"weightlbs","dataType":"Decimal","originalColName":"weightlbs","isAutoGenerated":false},{"colName":"time-to-60","dataType":"Integer","originalColName":"time-to-60","isAutoGenerated":false},{"colName":"year","dataType":"Integer","originalColName":"year","isAutoGenerated":false},{"colName":"country","dataType":"Categorical","originalColName":"country","isAutoGenerated":false}],"descriptiveStatistics":[{"colName":"country","missing":0,"mean":"","std":"","min":"","median":"","max":"","unique":3},{"colName":"cubicinches","missing":2,"mean":200.91891,"std":109.2583,"min":68,"median":156,"max":455,"unique":75},{"colName":"cylinders","missing":0,"mean":5.59004,"std":1.73331,"min":3,"median":6,"max":8,"unique":5},{"colName":"hp","missing":0,"mean":106.36015,"std":40.49996,"min":46,"median":95,"max":230,"unique":85},{"colName":"miles_per_gallon_","missing":0,"mean":23.14483,"std":7.82357,"min":10,"median":22,"max":46.6,"unique":103},{"colName":"time-to-60","missing":0,"mean":15.54789,"std":2.91062,"min":8,"median":16,"max":25,"unique":17},{"colName":"weightlbs","missing":3,"mean":3009.83325,"std":854.039,"min":1613,"median":2867.5,"max":4997,"unique":240},{"colName":"year","missing":0,"mean":1976.81992,"std":3.6377,"min":1971,"median":1977,"max":1983,"unique":13}],"tasks":[{"type":"upload","parentPipelineFilename":null,"currentPipelineFilename":null}],"isParent":true,"isDeleted":false,"_id":"625d48ccb7cee0af8c3ee4d8","fileSource":"upload","dataGroupId":"625d48c8b7cee0af8c3ee4d6","filename":"upload-Car_segmentation-1650280652807.pkl","fileSize":6387,"noOfRows":"261","noOfCols":"8","projectId":"625d48c8b7cee0af8c3ee4d5","createdBy":"6200b98e095f6011bdade607","rawFileName":"upload-Car_segmentation-1650280652807.csv","createdAt":"2022-04-18T11:17:32.981Z","updatedAt":"2022-04-18T11:17:32.981Z","__v":0,"currentEdaId":"625d48d1b7cee0af8c3ee4dd"}]