[{"_id":"625d48ecb7cee0af8c3ee4e2","createdBy":"6200b98e095f6011bdade607","projectId":"625d48c8b7cee0af8c3ee4d5","trainingId":"625d48ecb7cee0af8c3ee4e0","hptPreference":null,"transformedDatasetPath":"transformed_data_dict-1650280684.pkl","modelMetaData":{"algoName":"DBSCAN","timeElapsed":0.4854904015858968,"modelPath":"DBSCAN-1650280684.sav","clusteringMetricesScore":{"silhouetteScore":0.34,"daviesBouldinScore":0.92,"calinskiHarabaszScore":21.96},"treeModelOutput":{"decision_tree_path":"decision_tree_classification_dbscan-1650280684.sav","transformed_independents":["cubicinches","cylinders","hp","miles_per_gallon_","time-to-60","weightlbs","year"]},"featureImportance":[{"colName":"cubicinches","importance":0},{"colName":"cylinders","importance":0},{"colName":"hp","importance":0},{"colName":"miles_per_gallon_","importance":0},{"colName":"time-to-60","importance":1},{"colName":"weightlbs","importance":0},{"colName":"year","importance":0}],"analysisInfo":[{"clusterId":"cluster_0","clusterName":"cluster_0","samplePercentage":97.32,"rules":["miles_per_gallon_ is 1.72 % lower than overall dataset","time-to-60 is 1.27 % lower than overall dataset","hp is 1.25 % greater than overall dataset"]},{"clusterId":"outlier","clusterName":"outlier","samplePercentage":2.68,"rules":["miles_per_gallon_ is 62.33 % greater than overall dataset","time-to-60 is 46.09 % greater than overall dataset","hp is 45.47 % lower than overall dataset"]}],"clusterStats":"cluster_statistics-dbscan-1650280684.pkl","errorMsg":null},"trainPipeFilePath":"task_pipeline-1650280684.pkl","status":"success","createdAt":"2022-04-18T11:18:04.817Z","__v":0},{"_id":"625d48edb7cee0af8c3ee4e4","createdBy":"6200b98e095f6011bdade607","projectId":"625d48c8b7cee0af8c3ee4d5","trainingId":"625d48ecb7cee0af8c3ee4e0","hptPreference":{"fields":[{"type":"text","name":"affinity","label":"affinity","required":true,"bo_data":"","data":"euclidean","gs_data":"","validators":{"required":true,"minLength":2,"maxLength":200,"pattern":"^([a-zA-Z]+)$"}},{"type":"select","name":"linkage","label":"linkage","required":true,"data":"average","select_options":[{"option_label":"ward","value":"ward"},{"option_label":"complete","value":"complete"},{"option_label":"average","value":"average"},{"option_label":"single","value":"single"}],"validators":{"required":true,"pattern":"^([a-zA-Z]+)$"}}]},"transformedDatasetPath":"transformed_data_dict-1650280684.pkl","modelMetaData":{"algoName":"Agglomerative","timeElapsed":0.34728272755940753,"modelPath":"Agglomerative-1650280684.sav","clusteringMetricesScore":{"silhouetteScore":0.37,"daviesBouldinScore":0.78,"calinskiHarabaszScore":22.92},"treeModelOutput":{"decision_tree_path":"decision_tree_classification_agglomerative-1650280685.sav","transformed_independents":["cubicinches","cylinders","hp","miles_per_gallon_","time-to-60","weightlbs","year"]},"featureImportance":[{"colName":"cubicinches","importance":0.0131},{"colName":"cylinders","importance":0},{"colName":"hp","importance":0},{"colName":"miles_per_gallon_","importance":0},{"colName":"time-to-60","importance":0.9869},{"colName":"weightlbs","importance":0},{"colName":"year","importance":0}],"analysisInfo":[{"clusterId":"cluster_0","clusterName":"cluster_0","samplePercentage":97.7,"rules":["miles_per_gallon_ is 1.46 % lower than overall dataset","time-to-60 is 1.23 % lower than overall dataset","hp is 1.17 % greater than overall dataset"]},{"clusterId":"cluster_1","clusterName":"cluster_1","samplePercentage":2.3,"rules":["miles_per_gallon_ is 62.02 % greater than overall dataset","time-to-60 is 52.22 % greater than overall dataset","cubicinches is 49.81 % lower than overall dataset"]}],"clusterStats":"cluster_statistics-agglomerative-1650280685.pkl","errorMsg":null},"trainPipeFilePath":"task_pipeline-1650280684.pkl","status":"success","createdAt":"2022-04-18T11:18:05.400Z","__v":0},{"_id":"625d48efb7cee0af8c3ee4e5","createdBy":"6200b98e095f6011bdade607","projectId":"625d48c8b7cee0af8c3ee4d5","trainingId":"625d48ecb7cee0af8c3ee4e0","hptPreference":null,"transformedDatasetPath":"transformed_data_dict-1650280684.pkl","modelMetaData":{"algoName":"KMeans","timeElapsed":3.1089723904927573,"modelPath":"KMeans-1650280684.sav","clusteringMetricesScore":{"silhouetteScore":0.32,"daviesBouldinScore":1.14,"calinskiHarabaszScore":187.26},"treeModelOutput":{"decision_tree_path":"decision_tree_classification_kmeans-1650280687.sav","transformed_independents":["cubicinches","cylinders","hp","miles_per_gallon_","time-to-60","weightlbs","year"]},"featureImportance":[{"colName":"cubicinches","importance":0.3522},{"colName":"cylinders","importance":0},{"colName":"hp","importance":0.008},{"colName":"miles_per_gallon_","importance":0.3174},{"colName":"time-to-60","importance":0.2678},{"colName":"weightlbs","importance":0},{"colName":"year","importance":0.0546}],"analysisInfo":[{"clusterId":"cluster_0","clusterName":"cluster_0","samplePercentage":13.79,"rules":["cubicinches is 44.73 % lower than overall dataset","hp is 36.75 % lower than overall dataset","time-to-60 is 30.06 % greater than overall dataset"]},{"clusterId":"cluster_1","clusterName":"cluster_1","samplePercentage":27.97,"rules":["cubicinches is 74.43 % greater than overall dataset","hp is 52.2 % greater than overall dataset","cylinders is 42.62 % greater than overall dataset"]},{"clusterId":"cluster_2","clusterName":"cluster_2","samplePercentage":26.82,"rules":["cubicinches is 43.45 % lower than overall dataset","miles_per_gallon_ is 34.93 % greater than overall dataset","hp is 26.48 % lower than overall dataset"]},{"clusterId":"cluster_3","clusterName":"cluster_3","samplePercentage":31.42,"rules":["miles_per_gallon_ is 10.91 % lower than overall dataset","cubicinches is 9.53 % lower than overall dataset","hp is 7.73 % lower than overall dataset"]}],"clusterStats":"cluster_statistics-kmeans-1650280687.pkl","errorMsg":null},"trainPipeFilePath":"task_pipeline-1650280684.pkl","status":"success","createdAt":"2022-04-18T11:18:07.455Z","__v":0},{"_id":"625d48f4b7cee0af8c3ee4e9","createdBy":"6200b98e095f6011bdade607","projectId":"625d48c8b7cee0af8c3ee4d5","trainingId":"625d48f3b7cee0af8c3ee4e7","hptPreference":null,"transformedDatasetPath":"transformed_data_dict-1650280691.pkl","modelMetaData":{"algoName":"DBSCAN","timeElapsed":0.38695502281188965,"modelPath":"DBSCAN-1650280692.sav","clusteringMetricesScore":{"silhouetteScore":0.34,"daviesBouldinScore":0.92,"calinskiHarabaszScore":21.96},"treeModelOutput":{"decision_tree_path":"decision_tree_classification_dbscan-1650280692.sav","transformed_independents":["cubicinches","cylinders","hp","miles_per_gallon_","time-to-60","weightlbs","year"]},"featureImportance":[{"colName":"cubicinches","importance":0},{"colName":"cylinders","importance":0},{"colName":"hp","importance":0},{"colName":"miles_per_gallon_","importance":0},{"colName":"time-to-60","importance":1},{"colName":"weightlbs","importance":0},{"colName":"year","importance":0}],"analysisInfo":[{"clusterId":"cluster_0","clusterName":"cluster_0","samplePercentage":97.32,"rules":["miles_per_gallon_ is 1.72 % lower than overall dataset","time-to-60 is 1.27 % lower than overall dataset","hp is 1.25 % greater than overall dataset"]},{"clusterId":"outlier","clusterName":"outlier","samplePercentage":2.68,"rules":["miles_per_gallon_ is 62.33 % greater than overall dataset","time-to-60 is 46.09 % greater than overall dataset","hp is 45.47 % lower than overall dataset"]}],"clusterStats":"cluster_statistics-dbscan-1650280692.pkl","errorMsg":null},"trainPipeFilePath":"task_pipeline-1650280691.pkl","status":"success","createdAt":"2022-04-18T11:18:12.605Z","__v":0},{"_id":"625d48f5b7cee0af8c3ee4eb","createdBy":"6200b98e095f6011bdade607","projectId":"625d48c8b7cee0af8c3ee4d5","trainingId":"625d48f3b7cee0af8c3ee4e7","hptPreference":null,"transformedDatasetPath":"transformed_data_dict-1650280691.pkl","modelMetaData":{"algoName":"Agglomerative","timeElapsed":0.45856618881225586,"modelPath":"Agglomerative-1650280692.pkl","clusteringMetricesScore":{"silhouetteScore":0.28,"daviesBouldinScore":1.43,"calinskiHarabaszScore":192.36},"treeModelOutput":{"decision_tree_path":"decision_tree_classification_agglomerative-1650280693.sav","transformed_independents":["cubicinches","cylinders","hp","miles_per_gallon_","time-to-60","weightlbs","year"]},"featureImportance":[{"colName":"cubicinches","importance":0.2609},{"colName":"cylinders","importance":0},{"colName":"hp","importance":0.5337},{"colName":"miles_per_gallon_","importance":0},{"colName":"time-to-60","importance":0.1622},{"colName":"weightlbs","importance":0},{"colName":"year","importance":0.0432}],"analysisInfo":[{"clusterId":"cluster_0","clusterName":"Average","samplePercentage":33.33,"rules":["cubicinches is 12.31 % lower than overall dataset","hp is 9.82 % lower than overall dataset","cylinders is 6.03 % lower than overall dataset"]},{"clusterId":"cluster_1","clusterName":"High_HP_low_mileage","samplePercentage":29.12,"rules":["cubicinches is 73.29 % greater than overall dataset","hp is 50.64 % greater than overall dataset","cylinders is 42.64 % greater than overall dataset"]},{"clusterId":"cluster_2","clusterName":"Low_HP_high_mileage","samplePercentage":37.55,"rules":["cubicinches is 45.91 % lower than overall dataset","miles_per_gallon_ is 31.91 % greater than overall dataset","hp is 30.56 % lower than overall dataset"]}],"clusterStats":"cluster_statistics-agglomerative-1650280693.pkl","errorMsg":null,"clusteringGraphType":"scatter"},"trainPipeFilePath":"task_pipeline-1650280691.pkl","status":"success","createdAt":"2022-04-18T11:18:13.347Z","__v":0},{"_id":"625d48f5b7cee0af8c3ee4ec","createdBy":"6200b98e095f6011bdade607","projectId":"625d48c8b7cee0af8c3ee4d5","trainingId":"625d48f3b7cee0af8c3ee4e7","hptPreference":null,"transformedDatasetPath":"transformed_data_dict-1650280691.pkl","modelMetaData":{"algoName":"KMeans","timeElapsed":1.2678563594818115,"modelPath":"KMeans-1650280692.pkl","clusteringMetricesScore":{"silhouetteScore":0.32,"daviesBouldinScore":1.14,"calinskiHarabaszScore":187.26},"treeModelOutput":{"decision_tree_path":"decision_tree_classification_kmeans-1650280693.sav","transformed_independents":["cubicinches","cylinders","hp","miles_per_gallon_","time-to-60","weightlbs","year"]},"featureImportance":[{"colName":"cubicinches","importance":0.3522},{"colName":"cylinders","importance":0},{"colName":"hp","importance":0.008},{"colName":"miles_per_gallon_","importance":0.3174},{"colName":"time-to-60","importance":0.2678},{"colName":"weightlbs","importance":0},{"colName":"year","importance":0.0546}],"analysisInfo":[{"clusterId":"cluster_0","clusterName":"Low_power","samplePercentage":13.79,"rules":["cubicinches is 44.73 % lower than overall dataset","hp is 36.75 % lower than overall dataset","time-to-60 is 30.06 % greater than overall dataset"]},{"clusterId":"cluster_1","clusterName":"High_power","samplePercentage":27.97,"rules":["cubicinches is 74.43 % greater than overall dataset","hp is 52.2 % greater than overall dataset","cylinders is 42.62 % greater than overall dataset"]},{"clusterId":"cluster_2","clusterName":"Low_HP_high_mileage","samplePercentage":26.82,"rules":["cubicinches is 43.45 % lower than overall dataset","miles_per_gallon_ is 34.93 % greater than overall dataset","hp is 26.48 % lower than overall dataset"]},{"clusterId":"cluster_3","clusterName":"Average_HP_mileage","samplePercentage":31.42,"rules":["miles_per_gallon_ is 10.91 % lower than overall dataset","cubicinches is 9.53 % lower than overall dataset","hp is 7.73 % lower than overall dataset"]}],"clusterStats":"cluster_statistics-kmeans-1650280693.pkl","errorMsg":null,"clusteringGraphType":"scatter"},"trainPipeFilePath":"task_pipeline-1650280691.pkl","status":"success","createdAt":"2022-04-18T11:18:13.514Z","__v":0}]