[{"sampling":null,"dropOriginal":false,"_id":"625d48ecb7cee0af8c3ee4e0","originalFileId":"625d48ccb7cee0af8c3ee4d8","algorithms":["KMeans","DBSCAN","Agglomerative"],"algoType":"clustering","edaId":"625d48d1b7cee0af8c3ee4dd","indepVariable":[{"colName":"miles_per_gallon_"},{"colName":"cylinders"},{"colName":"cubicinches"},{"colName":"hp"},{"colName":"weightlbs"},{"colName":"time-to-60"},{"colName":"year"}],"problemType":"clustering","categoricalEncoders":{"country":"Binary encoder"},"ordinalEncoderMap":[],"classNames":null,"clusteringInfo":{"featuresToTransform":[],"normalizationMethod":"none","decomposition":"none","clusters":{"KMeans":4,"Agglomerative":3},"components":2,"numericFeatures":[{"missing":0,"unique":103,"max":46.6,"median":22,"min":10,"std":7.82357,"mean":23.14483,"missingProportion":0,"mostlyMissing":false,"colName":"miles_per_gallon_","outlierCorrectionStrategy":"Ignore outlier","outlierDetectionStrategy":"Inter-Quartile Range","imputationStrategy":"Mean","isVarTypeChanged":false,"outlierCount":0,"constantFeature":false,"customVarType":"Decimal","dataType":"Decimal","dateComponent":[],"encoder":"Binary encoder"},{"missing":0,"unique":5,"max":8,"median":6,"min":3,"std":1.73331,"mean":5.59004,"missingProportion":0,"mostlyMissing":false,"colName":"cylinders","outlierCorrectionStrategy":"Ignore outlier","outlierDetectionStrategy":"Inter-Quartile Range","imputationStrategy":"Median","isVarTypeChanged":false,"outlierCount":0,"constantFeature":false,"customVarType":"Integer","dataType":"Integer","dateComponent":[],"encoder":"Binary encoder"},{"missing":2,"unique":75,"max":455,"median":156,"min":68,"std":109.2583,"mean":200.91891,"missingProportion":0.00766,"mostlyMissing":false,"colName":"cubicinches","outlierCorrectionStrategy":"Ignore outlier","outlierDetectionStrategy":"Inter-Quartile Range","imputationStrategy":"Mean","isVarTypeChanged":false,"outlierCount":0,"constantFeature":false,"customVarType":"Decimal","dataType":"Decimal","dateComponent":[],"encoder":"Binary encoder"},{"missing":0,"unique":85,"max":230,"median":95,"min":46,"std":40.49996,"mean":106.36015,"missingProportion":0,"mostlyMissing":false,"colName":"hp","outlierCorrectionStrategy":"Ignore outlier","outlierDetectionStrategy":"Inter-Quartile Range","imputationStrategy":"Median","isVarTypeChanged":false,"outlierCount":0,"constantFeature":false,"customVarType":"Integer","dataType":"Integer","dateComponent":[],"encoder":"Binary encoder"},{"missing":3,"unique":240,"max":4997,"median":2867.5,"min":1613,"std":854.039,"mean":3009.83325,"missingProportion":0.01149,"mostlyMissing":false,"colName":"weightlbs","outlierCorrectionStrategy":"Ignore outlier","outlierDetectionStrategy":"Inter-Quartile Range","imputationStrategy":"Mean","isVarTypeChanged":false,"outlierCount":0,"constantFeature":false,"customVarType":"Decimal","dataType":"Decimal","dateComponent":[],"encoder":"Binary encoder"},{"missing":0,"unique":17,"max":25,"median":16,"min":8,"std":2.91062,"mean":15.54789,"missingProportion":0,"mostlyMissing":false,"colName":"time-to-60","outlierCorrectionStrategy":"Ignore outlier","outlierDetectionStrategy":"Inter-Quartile Range","imputationStrategy":"Median","isVarTypeChanged":false,"outlierCount":11,"constantFeature":false,"customVarType":"Integer","dataType":"Integer","dateComponent":[],"encoder":"Binary encoder"},{"missing":0,"unique":13,"max":1983,"median":1977,"min":1971,"std":3.6377,"mean":1976.81992,"missingProportion":0,"mostlyMissing":false,"colName":"year","outlierCorrectionStrategy":"Ignore outlier","outlierDetectionStrategy":"Inter-Quartile Range","imputationStrategy":"Median","isVarTypeChanged":false,"outlierCount":0,"constantFeature":false,"customVarType":"Integer","dataType":"Integer","dateComponent":[],"encoder":"Binary encoder"}],"featureScaling":"robust_scaler"},"nlpConfigs":[],"createdBy":"6200b98e095f6011bdade607","projectId":"625d48c8b7cee0af8c3ee4d5","fileEncoding":"utf_8","name":"Model : Car Segmentation","metaInfo":{"fileName":"upload-Car_segmentation-1650280652807.pkl"},"afterEdaFileId":"625d48d1b7cee0af8c3ee4dd","noOfFeatures":7,"createdAt":"2022-04-18T11:18:04.064Z","__v":0},{"sampling":null,"dropOriginal":false,"_id":"625d48f3b7cee0af8c3ee4e7","originalFileId":"625d48ccb7cee0af8c3ee4d8","algorithms":["KMeans","DBSCAN","Agglomerative"],"algoType":"clustering","edaId":"625d48d1b7cee0af8c3ee4dd","indepVariable":[{"colName":"miles_per_gallon_"},{"colName":"cylinders"},{"colName":"cubicinches"},{"colName":"hp"},{"colName":"weightlbs"},{"colName":"time-to-60"},{"colName":"year"}],"problemType":"clustering","categoricalEncoders":{"country":"Binary encoder"},"ordinalEncoderMap":[],"classNames":null,"clusteringInfo":{"featuresToTransform":[],"normalizationMethod":"none","decomposition":"none","clusters":{"KMeans":4,"Agglomerative":3},"components":2,"numericFeatures":[{"missing":0,"unique":103,"max":46.6,"median":22,"min":10,"std":7.82357,"mean":23.14483,"missingProportion":0,"mostlyMissing":false,"colName":"miles_per_gallon_","outlierCorrectionStrategy":"Ignore outlier","outlierDetectionStrategy":"Inter-Quartile Range","imputationStrategy":"Mean","isVarTypeChanged":false,"outlierCount":0,"constantFeature":false,"customVarType":"Decimal","dataType":"Decimal","dateComponent":[],"encoder":"Binary encoder"},{"missing":0,"unique":5,"max":8,"median":6,"min":3,"std":1.73331,"mean":5.59004,"missingProportion":0,"mostlyMissing":false,"colName":"cylinders","outlierCorrectionStrategy":"Ignore outlier","outlierDetectionStrategy":"Inter-Quartile Range","imputationStrategy":"Median","isVarTypeChanged":false,"outlierCount":0,"constantFeature":false,"customVarType":"Integer","dataType":"Integer","dateComponent":[],"encoder":"Binary encoder"},{"missing":2,"unique":75,"max":455,"median":156,"min":68,"std":109.2583,"mean":200.91891,"missingProportion":0.00766,"mostlyMissing":false,"colName":"cubicinches","outlierCorrectionStrategy":"Ignore outlier","outlierDetectionStrategy":"Inter-Quartile Range","imputationStrategy":"Mean","isVarTypeChanged":false,"outlierCount":0,"constantFeature":false,"customVarType":"Decimal","dataType":"Decimal","dateComponent":[],"encoder":"Binary encoder"},{"missing":0,"unique":85,"max":230,"median":95,"min":46,"std":40.49996,"mean":106.36015,"missingProportion":0,"mostlyMissing":false,"colName":"hp","outlierCorrectionStrategy":"Ignore outlier","outlierDetectionStrategy":"Inter-Quartile Range","imputationStrategy":"Median","isVarTypeChanged":false,"outlierCount":0,"constantFeature":false,"customVarType":"Integer","dataType":"Integer","dateComponent":[],"encoder":"Binary encoder"},{"missing":3,"unique":240,"max":4997,"median":2867.5,"min":1613,"std":854.039,"mean":3009.83325,"missingProportion":0.01149,"mostlyMissing":false,"colName":"weightlbs","outlierCorrectionStrategy":"Ignore outlier","outlierDetectionStrategy":"Inter-Quartile Range","imputationStrategy":"Mean","isVarTypeChanged":false,"outlierCount":0,"constantFeature":false,"customVarType":"Decimal","dataType":"Decimal","dateComponent":[],"encoder":"Binary encoder"},{"missing":0,"unique":17,"max":25,"median":16,"min":8,"std":2.91062,"mean":15.54789,"missingProportion":0,"mostlyMissing":false,"colName":"time-to-60","outlierCorrectionStrategy":"Ignore outlier","outlierDetectionStrategy":"Inter-Quartile Range","imputationStrategy":"Median","isVarTypeChanged":false,"outlierCount":11,"constantFeature":false,"customVarType":"Integer","dataType":"Integer","dateComponent":[],"encoder":"Binary encoder"},{"missing":0,"unique":13,"max":1983,"median":1977,"min":1971,"std":3.6377,"mean":1976.81992,"missingProportion":0,"mostlyMissing":false,"colName":"year","outlierCorrectionStrategy":"Ignore outlier","outlierDetectionStrategy":"Inter-Quartile Range","imputationStrategy":"Median","isVarTypeChanged":false,"outlierCount":0,"constantFeature":false,"customVarType":"Integer","dataType":"Integer","dateComponent":[],"encoder":"Binary encoder"}],"customFeatures":[],"featureScaling":"robust_scaler"},"nlpConfigs":[],"createdBy":"6200b98e095f6011bdade607","projectId":"625d48c8b7cee0af8c3ee4d5","fileEncoding":"utf_8","name":"Model : Car Segmentation","metaInfo":{"fileName":"upload-Car_segmentation-1650280652807.pkl"},"afterEdaFileId":"625d48d1b7cee0af8c3ee4dd","noOfFeatures":7,"createdAt":"2022-04-18T11:18:11.882Z","__v":0}]