[{"_id":"630c5e85526147aca45b7a43","projectId":"630c5e85526147aca45b7a41","userId":"6200b913844f9e48ec95c9bf","level":"info","message":"project directory created","createdAt":"2022-08-29T06:36:53.867Z","__v":0},{"_id":"630c5ee2526147aca45b7a49","projectId":"630c5e85526147aca45b7a41","userId":"6200b913844f9e48ec95c9bf","level":"error","message":"Initialized eda progress.","createdAt":"2022-08-29T06:38:26.415Z","__v":0},{"_id":"630c5ee2526147aca45b7a4a","projectId":"630c5e85526147aca45b7a41","userId":"6200b913844f9e48ec95c9bf","level":"info","message":"auto Eda started","createdAt":"2022-08-29T06:38:26.417Z","__v":0},{"_id":"630c5eea526147aca45b7a4c","projectId":"630c5e85526147aca45b7a41","userId":"6200b913844f9e48ec95c9bf","level":"info","message":"eda eda completed and data saved to database","createdAt":"2022-08-29T06:38:34.953Z","__v":0},{"_id":"630c5eee526147aca45b7a4e","projectId":"630c5e85526147aca45b7a41","userId":"6200b913844f9e48ec95c9bf","level":"info","message":"Listing models","createdAt":"2022-08-29T06:38:38.575Z","__v":0},{"_id":"630c5ef6526147aca45b7a50","projectId":"630c5e85526147aca45b7a41","userId":"6200b913844f9e48ec95c9bf","level":"info","message":"Training started","createdAt":"2022-08-29T06:38:46.721Z","__v":0},{"_id":"630c5f38526147aca45b7a53","projectId":"630c5e85526147aca45b7a41","userId":"6200b913844f9e48ec95c9bf","level":"info","message":"Listing trainings","createdAt":"2022-08-29T06:39:52.774Z","__v":0}]