[{"isHighDimensional":false,"usingGPU":false,"tasks":[{"currentPipelineFilename":"eda_pipeline-1661755113.pkl","type":"eda","parentPipelineFilename":null}],"_id":"630c5eea526147aca45b7a4b","fileId":"630c5eba526147aca45b7a44","dataSetInfo":{"trainSize":80,"devSize":null,"holdoutSize":20,"holdoutFilename":"none","splitDateWise":false},"isMultipleTimeseries":true,"timeseriesIds":["center_id","meal_id"],"timeseriesInfo":{"datetimeIndex":"week"},"depVariable":"num_orders","paragraphColNames":[],"datetimeColumnName":[],"blankColumn":[],"correctedData":null,"imputedDatasetFilepath":"temp_eda-1661755113.csv","outlierPreviewFilepath":"outlier_imputed_dataset-1661755113.csv","lenLongGrp":28,"indexPath":"indexes-1661755114.pkl","edaSummary":[{"missing":0,"unique":5480,"max":1499973,"median":1259589,"min":1000003,"std":144138.75051,"mean":1254108.4269,"frequency":"NA","missingProportion":0,"mostlyMissing":false,"colName":"id","outlierCorrectionStrategy":"Ignore outlier","outlierDetectionStrategy":"Inter-Quartile Range","imputationStrategy":"Linear","isVarTypeChanged":false,"outlierCount":17,"constantFeature":false,"customVarType":"Integer","dataType":"Integer","dateComponent":[]},{"missing":0,"unique":2,"max":55,"median":55,"min":24,"std":7.3889,"mean":53.12579,"frequency":"NA","missingProportion":0,"mostlyMissing":false,"colName":"center_id","outlierCorrectionStrategy":"Ignore outlier","outlierDetectionStrategy":"Inter-Quartile Range","imputationStrategy":"Linear","isVarTypeChanged":false,"outlierCount":"","constantFeature":false,"customVarType":"Integer","dataType":"Integer","dateComponent":[]},{"missing":0,"unique":47,"max":2956,"median":1971,"min":1062,"std":540.7551,"mean":1999.30392,"frequency":"NA","missingProportion":0,"mostlyMissing":false,"colName":"meal_id","outlierCorrectionStrategy":"Ignore outlier","outlierDetectionStrategy":"Inter-Quartile Range","imputationStrategy":"Linear","isVarTypeChanged":false,"outlierCount":"","constantFeature":false,"customVarType":"Integer","dataType":"Integer","dateComponent":[]},{"missing":0,"unique":831,"max":728.53003,"median":298.82001,"min":79.54,"std":156.64578,"mean":328.66156,"frequency":"NA","missingProportion":0,"mostlyMissing":false,"colName":"checkout_price","outlierCorrectionStrategy":"Ignore outlier","outlierDetectionStrategy":"Inter-Quartile Range","imputationStrategy":"Linear","isVarTypeChanged":false,"outlierCount":382,"constantFeature":false,"customVarType":"Decimal","dataType":"Decimal","dateComponent":[]},{"missing":0,"unique":628,"max":728.53003,"median":314.28,"min":113.49,"std":163.0994,"mean":351.4234,"frequency":"NA","missingProportion":0,"mostlyMissing":false,"colName":"base_price","outlierCorrectionStrategy":"Ignore outlier","outlierDetectionStrategy":"Inter-Quartile Range","imputationStrategy":"Linear","isVarTypeChanged":false,"outlierCount":535,"constantFeature":false,"customVarType":"Decimal","dataType":"Decimal","dateComponent":[]},{"missing":0,"unique":2,"max":1,"median":0,"min":0,"std":0.25403,"mean":0.06933,"frequency":"NA","missingProportion":0,"mostlyMissing":false,"colName":"emailer_for_promotion","outlierCorrectionStrategy":"","outlierDetectionStrategy":"","imputationStrategy":"Mode","isVarTypeChanged":false,"outlierCount":"","constantFeature":false,"customVarType":"Boolean","dataType":"Boolean","dateComponent":[]},{"missing":0,"unique":2,"max":1,"median":0,"min":0,"std":0.24319,"mean":0.06312,"frequency":"NA","missingProportion":0,"mostlyMissing":false,"colName":"homepage_featured","outlierCorrectionStrategy":"","outlierDetectionStrategy":"","imputationStrategy":"Mode","isVarTypeChanged":false,"outlierCount":"","constantFeature":false,"customVarType":"Boolean","dataType":"Boolean","dateComponent":[]},{"missing":0,"unique":343,"max":3280,"median":69,"min":13,"std":310.87812,"mean":190.52432,"frequency":"NA","missingProportion":0,"mostlyMissing":false,"colName":"num_orders","outlierCorrectionStrategy":"Ignore outlier","outlierDetectionStrategy":"Inter-Quartile Range","imputationStrategy":"Linear","isVarTypeChanged":false,"outlierCount":335,"constantFeature":false,"customVarType":"Integer","dataType":"Integer","dateComponent":[]},{"missing":0,"unique":13,"max":"","median":"","min":"","std":"","mean":"","frequency":"NA","missingProportion":0,"mostlyMissing":false,"colName":"category","outlierCorrectionStrategy":"","outlierDetectionStrategy":"","imputationStrategy":"Mode","isVarTypeChanged":false,"outlierCount":"","constantFeature":false,"customVarType":"Categorical","dataType":"Categorical","dateComponent":[]},{"missing":0,"unique":4,"max":"","median":"","min":"","std":"","mean":"","frequency":"NA","missingProportion":0,"mostlyMissing":false,"colName":"cuisine","outlierCorrectionStrategy":"","outlierDetectionStrategy":"","imputationStrategy":"Mode","isVarTypeChanged":false,"outlierCount":"","constantFeature":false,"customVarType":"Categorical","dataType":"Categorical","dateComponent":[]},{"missing":0,"unique":2,"max":647,"median":647,"min":614,"std":7.8656,"mean":645.00488,"frequency":"NA","missingProportion":0,"mostlyMissing":false,"colName":"city_code","outlierCorrectionStrategy":"Ignore outlier","outlierDetectionStrategy":"Inter-Quartile Range","imputationStrategy":"Linear","isVarTypeChanged":false,"outlierCount":0,"constantFeature":false,"customVarType":"Integer","dataType":"Integer","dateComponent":[]},{"missing":0,"unique":2,"max":85,"median":56,"min":56,"std":6.91219,"mean":57.75329,"frequency":"NA","missingProportion":0,"mostlyMissing":false,"colName":"region_code","outlierCorrectionStrategy":"Ignore outlier","outlierDetectionStrategy":"Inter-Quartile Range","imputationStrategy":"Linear","isVarTypeChanged":false,"outlierCount":0,"constantFeature":false,"customVarType":"Integer","dataType":"Integer","dateComponent":[]},{"missing":0,"unique":2,"max":"","median":"","min":"","std":"","mean":"","frequency":"NA","missingProportion":0,"mostlyMissing":false,"colName":"center_type","outlierCorrectionStrategy":"","outlierDetectionStrategy":"","imputationStrategy":"Mode","isVarTypeChanged":false,"outlierCount":"","constantFeature":false,"customVarType":"Categorical","dataType":"Categorical","dateComponent":[]},{"missing":0,"unique":2,"max":3.6,"median":2,"min":2,"std":0.38136,"mean":2.09673,"frequency":"NA","missingProportion":0,"mostlyMissing":false,"colName":"op_area","outlierCorrectionStrategy":"Ignore outlier","outlierDetectionStrategy":"Inter-Quartile Range","imputationStrategy":"Linear","isVarTypeChanged":false,"outlierCount":0,"constantFeature":false,"customVarType":"Decimal","dataType":"Decimal","dateComponent":[]}],"edaDuration":"8.415592","edaMode":"eda","createdBy":"6200b913844f9e48ec95c9bf","projectId":"630c5e85526147aca45b7a41","createdAt":"2022-08-29T06:38:34.945Z","__v":0}]