[{"fileEncoding":"utf_8","fileSchema":[{"colName":"week","dataType":"Datetime","originalColName":"week","isAutoGenerated":false},{"colName":"id","dataType":"Integer","originalColName":"id","isAutoGenerated":false},{"colName":"center_id","dataType":"Integer","originalColName":"center_id","isAutoGenerated":false},{"colName":"meal_id","dataType":"Integer","originalColName":"meal_id","isAutoGenerated":false},{"colName":"checkout_price","dataType":"Decimal","originalColName":"checkout_price","isAutoGenerated":false},{"colName":"base_price","dataType":"Decimal","originalColName":"base_price","isAutoGenerated":false},{"colName":"emailer_for_promotion","dataType":"Boolean","originalColName":"emailer_for_promotion","isAutoGenerated":false},{"colName":"homepage_featured","dataType":"Boolean","originalColName":"homepage_featured","isAutoGenerated":false},{"colName":"num_orders","dataType":"Integer","originalColName":"num_orders","isAutoGenerated":false},{"colName":"category","dataType":"Categorical","originalColName":"category","isAutoGenerated":false},{"colName":"cuisine","dataType":"Categorical","originalColName":"cuisine","isAutoGenerated":false},{"colName":"city_code","dataType":"Integer","originalColName":"city_code","isAutoGenerated":false},{"colName":"region_code","dataType":"Integer","originalColName":"region_code","isAutoGenerated":false},{"colName":"center_type","dataType":"Categorical","originalColName":"center_type","isAutoGenerated":false},{"colName":"op_area","dataType":"Decimal","originalColName":"op_area","isAutoGenerated":false}],"descriptiveStatistics":[{"colName":"base_price","missing":0,"median":314.28,"frequency":"","max":728.53003,"mean":351.4234,"min":113.49,"std":163.0994,"unidistant_date":"","unique":628},{"colName":"category","missing":0,"median":"","frequency":"","max":"","mean":"","min":"","std":"","unidistant_date":"","unique":13},{"colName":"center_id","missing":0,"median":55,"frequency":"","max":55,"mean":53.12579,"min":24,"std":7.3889,"unidistant_date":"","unique":2},{"colName":"center_type","missing":0,"median":"","frequency":"","max":"","mean":"","min":"","std":"","unidistant_date":"","unique":2},{"colName":"checkout_price","missing":0,"median":298.82001,"frequency":"","max":728.53003,"mean":328.66156,"min":79.54,"std":156.64578,"unidistant_date":"","unique":831},{"colName":"city_code","missing":0,"median":647,"frequency":"","max":647,"mean":645.00488,"min":614,"std":7.8656,"unidistant_date":"","unique":2},{"colName":"cuisine","missing":0,"median":"","frequency":"","max":"","mean":"","min":"","std":"","unidistant_date":"","unique":4},{"colName":"emailer_for_promotion","missing":0,"median":0,"frequency":"","max":1,"mean":0.06933,"min":0,"std":0.25403,"unidistant_date":"","unique":2},{"colName":"homepage_featured","missing":0,"median":0,"frequency":"","max":1,"mean":0.06312,"min":0,"std":0.24319,"unidistant_date":"","unique":2},{"colName":"id","missing":0,"median":1259589,"frequency":"","max":1499973,"mean":1254108.4269,"min":1000003,"std":144138.75051,"unidistant_date":"","unique":5480},{"colName":"meal_id","missing":0,"median":1971,"frequency":"","max":2956,"mean":1999.30392,"min":1062,"std":540.7551,"unidistant_date":"","unique":47},{"colName":"num_orders","missing":0,"median":69,"frequency":"","max":3280,"mean":190.52432,"min":13,"std":310.87812,"unidistant_date":"","unique":343},{"colName":"op_area","missing":0,"median":2,"frequency":"","max":3.6,"mean":2.09673,"min":2,"std":0.38136,"unidistant_date":"","unique":2},{"colName":"region_code","missing":0,"median":56,"frequency":"","max":85,"mean":57.75329,"min":56,"std":6.91219,"unidistant_date":"","unique":2},{"colName":"week","missing":0,"median":"2019-07-14T00:00:00","frequency":"","max":"2020-11-15T00:00:00","mean":"","min":"2018-02-11T00:00:00","std":"","unidistant_date":false,"unique":145}],"tasks":[{"type":"upload","parentPipelineFilename":null,"currentPipelineFilename":null}],"isParent":true,"isDeleted":false,"_id":"630c5eba526147aca45b7a44","fileSource":"upload","dataGroupId":"630c5e85526147aca45b7a42","filename":"upload-Meal_delivery_company-1661755065372.pkl","fileSize":272987,"noOfRows":"6.76K","noOfCols":"15","projectId":"630c5e85526147aca45b7a41","createdBy":"6200b913844f9e48ec95c9bf","rawFileName":"upload-Meal_delivery_company-1661755065372.csv","createdAt":"2022-08-29T06:37:46.306Z","updatedAt":"2022-08-29T06:37:46.307Z","__v":0,"currentEdaId":"630c5eea526147aca45b7a4b"}]