[{"_id":"630c5f38526147aca45b7a51","createdBy":"6200b913844f9e48ec95c9bf","projectId":"630c5e85526147aca45b7a41","trainingId":"630c5ef6526147aca45b7a4f","hptPreference":null,"modelMetaData":{"algoName":"Random Forest","timeElapsed":65.52014923095703,"modelPath":"random_forest--1661755137.sav","losses":{"mse":{"count":50,"mean":45470.337,"std":121875.5,"min":0,"25%":313.235,"50%":9137.316,"75%":40147.583,"max":814876.248},"rmse":{"count":50,"mean":140.753,"std":161.81,"min":0.01,"25%":17.7,"50%":95.58,"75%":200.282,"max":902.7},"mape":{"count":50,"mean":1.804,"std":2.597,"min":0.001,"25%":0.458,"50%":0.759,"75%":1.566,"max":11.523},"me":{"count":50,"mean":49.861,"std":137.247,"min":-476.388,"25%":3.524,"50%":16.137,"75%":108.597,"max":393.209},"mae":{"count":50,"mean":114.181,"std":121.387,"min":0.01,"25%":15.485,"50%":79.742,"75%":161.688,"max":506.928},"mpe":{"count":50,"mean":1.667,"std":2.644,"min":-0.287,"25%":0.279,"50%":0.592,"75%":1.384,"max":11.429},"minmax":{"count":50,"mean":0.418,"std":0.187,"min":0.001,"25%":0.288,"50%":0.369,"75%":0.5,"max":0.851}},"best10":[{"timeseriesGroup":"(55, 2577)","value":0.01},{"timeseriesGroup":"(55, 1770)","value":5.13},{"timeseriesGroup":"(55, 1247)","value":7.94},{"timeseriesGroup":"(55, 2126)","value":9.24},{"timeseriesGroup":"(55, 1902)","value":9.63},{"timeseriesGroup":"(55, 1216)","value":11.26},{"timeseriesGroup":"(55, 2306)","value":13.52},{"timeseriesGroup":"(55, 2304)","value":15.36},{"timeseriesGroup":"(55, 2139)","value":15.92},{"timeseriesGroup":"(55, 2704)","value":16.33}],"worst10":[{"timeseriesGroup":"(55, 1971)","value":902.7},{"timeseriesGroup":"(24, 1885)","value":532.84},{"timeseriesGroup":"(55, 1558)","value":406.95},{"timeseriesGroup":"(55, 2581)","value":338.04},{"timeseriesGroup":"(55, 1962)","value":314.13},{"timeseriesGroup":"(55, 2444)","value":279.99},{"timeseriesGroup":"(24, 1993)","value":274.1},{"timeseriesGroup":"(55, 1445)","value":250.2},{"timeseriesGroup":"(55, 2867)","value":250.08},{"timeseriesGroup":"(55, 1207)","value":228.27}],"modelTuning":"hpt","forecastModelPath":"random_forest-forecast-1661755153.sav","bestParams":{"hpt":[{"name":"lags","data":10},{"name":"lags_past_covariates","data":10},{"name":"n_estimators","data":100},{"name":"max_depth","data":null},{"name":"output_chunk_length","data":1}]}},"trainPipeFilePath":"task_pipeline--1661755137.pkl","status":"success","createdAt":"2022-08-29T06:39:52.637Z","__v":0}]