[{"sampling":null,"dropOriginal":false,"_id":"630c5ef6526147aca45b7a4f","originalFileId":"630c5eba526147aca45b7a44","depVariable":"num_orders","algorithms":["Random Forest"],"hptPreference":[],"edaId":"630c5eea526147aca45b7a4b","problemType":"timeseries","categoricalEncoders":{"category":"Binary encoder","cuisine":"Binary encoder","center_type":"Binary encoder"},"ordinalEncoderMap":[],"nSteps":10,"timeseriesInfo":{"exogVariables":[{"colName":"id"},{"colName":"checkout_price"},{"colName":"base_price"},{"colName":"emailer_for_promotion"},{"colName":"homepage_featured"},{"colName":"category"},{"colName":"cuisine"},{"colName":"city_code"},{"colName":"region_code"},{"colName":"center_type"},{"colName":"op_area"}],"timesteps":60,"stationaryColumns":[],"stationaryMethod":"none","featureScaling":"none","normalizationMethod":"none","featuresToTransform":[],"applyToTarget":false,"period":1,"scalar":1},"nlpConfigs":[],"preprocessedFilepath":null,"createdBy":"6200b913844f9e48ec95c9bf","projectId":"630c5e85526147aca45b7a41","fileEncoding":"utf_8","name":"Model : meal delivery forecasting","metaInfo":{"fileName":"upload-Meal_delivery_company-1661755065372.pkl"},"afterEdaFileId":"630c5eba526147aca45b7a44","createdAt":"2022-08-29T06:38:46.713Z","__v":0}]