[{"_id":"6259199d64a5fc00183091aa","projectId":"6259199d64a5fc00183091a8","userId":"6239c25c5c84bb00c656c07c","level":"info","message":"project directory created","createdAt":"2022-04-15T07:07:09.890Z","__v":0},{"_id":"62591a1d64a5fc00183091b1","projectId":"6259199d64a5fc00183091a8","userId":"6239c25c5c84bb00c656c07c","level":"info","message":"auto Eda started","createdAt":"2022-04-15T07:09:17.193Z","__v":0},{"_id":"62591a1d64a5fc00183091b0","projectId":"6259199d64a5fc00183091a8","userId":"6239c25c5c84bb00c656c07c","level":"error","message":"Initialized eda progress.","createdAt":"2022-04-15T07:09:17.192Z","__v":0},{"_id":"62591a1d64a5fc00183091b3","projectId":"6259199d64a5fc00183091a8","userId":"6239c25c5c84bb00c656c07c","level":"info","message":"eda eda completed and data saved to database","createdAt":"2022-04-15T07:09:17.643Z","__v":0},{"_id":"62591a1f64a5fc00183091b4","projectId":"6259199d64a5fc00183091a8","userId":"6239c25c5c84bb00c656c07c","level":"info","message":"Listing models","createdAt":"2022-04-15T07:09:19.764Z","__v":0},{"_id":"62591a3764a5fc00183091b6","projectId":"6259199d64a5fc00183091a8","userId":"6239c25c5c84bb00c656c07c","level":"info","message":"Training started","createdAt":"2022-04-15T07:09:43.520Z","__v":0},{"_id":"62591a3864a5fc00183091b9","projectId":"6259199d64a5fc00183091a8","userId":"6239c25c5c84bb00c656c07c","level":"info","message":"Listing trainings","createdAt":"2022-04-15T07:09:44.190Z","__v":0},{"_id":"62591a3b64a5fc00183091bc","projectId":"6259199d64a5fc00183091a8","userId":"6239c25c5c84bb00c656c07c","level":"info","message":"Listing trainings","createdAt":"2022-04-15T07:09:47.719Z","__v":0},{"_id":"62591a4964a5fc00183091bd","projectId":"6259199d64a5fc00183091a8","userId":"6239c25c5c84bb00c656c07c","level":"info","message":"Generating classification report","createdAt":"2022-04-15T07:10:01.472Z","__v":0},{"_id":"62591c3164a5fc00183091c3","projectId":"6259199d64a5fc00183091a8","userId":"6239c25c5c84bb00c656c07c","level":"info","message":"auto Eda started","createdAt":"2022-04-15T07:18:09.058Z","__v":0},{"_id":"62591c3164a5fc00183091c2","projectId":"6259199d64a5fc00183091a8","userId":"6239c25c5c84bb00c656c07c","level":"error","message":"Initialized eda progress.","createdAt":"2022-04-15T07:18:09.058Z","__v":0},{"_id":"62591c3164a5fc00183091c5","projectId":"6259199d64a5fc00183091a8","userId":"6239c25c5c84bb00c656c07c","level":"info","message":"eda eda completed and data saved to database","createdAt":"2022-04-15T07:18:09.464Z","__v":0},{"_id":"62591c3364a5fc00183091c6","projectId":"6259199d64a5fc00183091a8","userId":"6239c25c5c84bb00c656c07c","level":"info","message":"Listing models","createdAt":"2022-04-15T07:18:11.772Z","__v":0},{"_id":"62591c5064a5fc00183091c8","projectId":"6259199d64a5fc00183091a8","userId":"6239c25c5c84bb00c656c07c","level":"info","message":"Training started","createdAt":"2022-04-15T07:18:40.283Z","__v":0},{"_id":"62591c5164a5fc00183091ca","projectId":"6259199d64a5fc00183091a8","userId":"6239c25c5c84bb00c656c07c","level":"info","message":"Listing trainings","createdAt":"2022-04-15T07:18:41.147Z","__v":0},{"_id":"62591c5664a5fc00183091ce","projectId":"6259199d64a5fc00183091a8","userId":"6239c25c5c84bb00c656c07c","level":"info","message":"Listing trainings","createdAt":"2022-04-15T07:18:46.152Z","__v":0},{"_id":"62591c6764a5fc00183091cf","projectId":"6259199d64a5fc00183091a8","userId":"6239c25c5c84bb00c656c07c","level":"info","message":"Generating classification report","createdAt":"2022-04-15T07:19:03.048Z","__v":0},{"_id":"62591c7764a5fc00183091d0","projectId":"6259199d64a5fc00183091a8","userId":"6239c25c5c84bb00c656c07c","level":"info","message":"Listing models","createdAt":"2022-04-15T07:19:19.792Z","__v":0},{"_id":"62591c7964a5fc00183091d1","projectId":"6259199d64a5fc00183091a8","userId":"6239c25c5c84bb00c656c07c","level":"info","message":"Listing trainings","createdAt":"2022-04-15T07:19:21.027Z","__v":0},{"_id":"62591c8b64a5fc00183091d2","projectId":"6259199d64a5fc00183091a8","userId":"6239c25c5c84bb00c656c07c","level":"info","message":"Listing models","createdAt":"2022-04-15T07:19:39.939Z","__v":0},{"_id":"62591c8c64a5fc00183091d3","projectId":"6259199d64a5fc00183091a8","userId":"6239c25c5c84bb00c656c07c","level":"info","message":"Listing trainings","createdAt":"2022-04-15T07:19:40.555Z","__v":0},{"_id":"625d0070c73e7b0023477b1e","projectId":"6259199d64a5fc00183091a8","userId":"6239c25c5c84bb00c656c07c","level":"info","message":"Listing models","createdAt":"2022-04-18T06:08:48.879Z","__v":0},{"_id":"625d0084c73e7b0023477b20","projectId":"6259199d64a5fc00183091a8","userId":"6239c25c5c84bb00c656c07c","level":"info","message":"Training started","createdAt":"2022-04-18T06:09:08.508Z","__v":0},{"_id":"625d0085c73e7b0023477b23","projectId":"6259199d64a5fc00183091a8","userId":"6239c25c5c84bb00c656c07c","level":"info","message":"Listing trainings","createdAt":"2022-04-18T06:09:09.557Z","__v":0},{"_id":"625d0086c73e7b0023477b26","projectId":"6259199d64a5fc00183091a8","userId":"6239c25c5c84bb00c656c07c","level":"info","message":"Listing trainings","createdAt":"2022-04-18T06:09:10.022Z","__v":0},{"_id":"625d0098c73e7b0023477b27","projectId":"6259199d64a5fc00183091a8","userId":"6239c25c5c84bb00c656c07c","level":"info","message":"Training data removed","createdAt":"2022-04-18T06:09:28.119Z","__v":0},{"_id":"625d009cc73e7b0023477b28","projectId":"6259199d64a5fc00183091a8","userId":"6239c25c5c84bb00c656c07c","level":"info","message":"Training data removed","createdAt":"2022-04-18T06:09:32.754Z","__v":0},{"_id":"625d00a2c73e7b0023477b29","projectId":"6259199d64a5fc00183091a8","userId":"6239c25c5c84bb00c656c07c","level":"info","message":"Model data removed","createdAt":"2022-04-18T06:09:38.806Z","__v":0},{"_id":"625d00aac73e7b0023477b2a","projectId":"6259199d64a5fc00183091a8","userId":"6239c25c5c84bb00c656c07c","level":"info","message":"Listing models","createdAt":"2022-04-18T06:09:46.524Z","__v":0},{"_id":"625d00b3c73e7b0023477b2c","projectId":"6259199d64a5fc00183091a8","userId":"6239c25c5c84bb00c656c07c","level":"info","message":"Training started","createdAt":"2022-04-18T06:09:55.116Z","__v":0},{"_id":"625d00b4c73e7b0023477b2e","projectId":"6259199d64a5fc00183091a8","userId":"6239c25c5c84bb00c656c07c","level":"info","message":"Listing trainings","createdAt":"2022-04-18T06:09:56.036Z","__v":0},{"_id":"625d00b4c73e7b0023477b33","projectId":"6259199d64a5fc00183091a8","userId":"6239c25c5c84bb00c656c07c","level":"info","message":"Listing trainings","createdAt":"2022-04-18T06:09:56.804Z","__v":0},{"_id":"625d00bfc73e7b0023477b34","projectId":"6259199d64a5fc00183091a8","userId":"6239c25c5c84bb00c656c07c","level":"info","message":"Model data removed","createdAt":"2022-04-18T06:10:07.609Z","__v":0},{"_id":"625d00c1c73e7b0023477b35","projectId":"6259199d64a5fc00183091a8","userId":"6239c25c5c84bb00c656c07c","level":"info","message":"Model data removed","createdAt":"2022-04-18T06:10:09.937Z","__v":0},{"_id":"625d04f7c73e7b0023477b66","projectId":"6259199d64a5fc00183091a8","userId":"6239c25c5c84bb00c656c07c","level":"info","message":"Listing models","createdAt":"2022-04-18T06:28:07.368Z","__v":0},{"_id":"625d0505c73e7b0023477b67","projectId":"6259199d64a5fc00183091a8","userId":"6239c25c5c84bb00c656c07c","level":"info","message":"Listing trainings","createdAt":"2022-04-18T06:28:21.809Z","__v":0}]