[{"isHighDimensional":false,"usingGPU":false,"tasks":[{"currentPipelineFilename":"eda_pipeline-1650006557.pkl","type":"eda","parentPipelineFilename":null}],"_id":"62591a1d64a5fc00183091b2","fileId":"625919dd64a5fc00183091ab","dataSetInfo":{"trainSize":60,"devSize":20,"holdoutSize":20,"holdoutFilename":"none","splitDateWise":false},"depVariable":"isrpc","algoType":"classification","isMultilabel":false,"paragraphColNames":[],"datetimeColumnName":["dttelephonestart","dttelephoneanswered","dttelephoneend"],"blankColumn":[],"correctedData":"imputed_dataset-1650006557.csv","imputedDatasetFilepath":"temp_eda-1650006557.csv","outlierPreviewFilepath":"outlier_imputed_dataset-1650006557.csv","indexPath":"indexes-1650006557.pkl","edaSummary":[{"missing":0,"unique":668,"max":85212740216,"median":85181261039,"min":85080246028,"std":24879192.16333,"mean":85175465309.22025,"missingProportion":0,"mostlyMissing":false,"colName":"szaccountnumber","outlierCorrectionStrategy":"Ignore outlier","outlierDetectionStrategy":"Inter-Quartile Range","imputationStrategy":"Median","isVarTypeChanged":false,"outlierCount":22,"constantFeature":false,"customVarType":"Integer","dataType":"Integer","dateComponent":[]},{"missing":0,"unique":20,"max":37,"median":10.5,"min":0,"std":8.53212,"mean":11.36012,"missingProportion":0,"mostlyMissing":false,"colName":"recent_status","outlierCorrectionStrategy":"Ignore outlier","outlierDetectionStrategy":"Inter-Quartile Range","imputationStrategy":"Median","isVarTypeChanged":false,"outlierCount":0,"constantFeature":false,"customVarType":"Integer","dataType":"Integer","dateComponent":[]},{"missing":0,"unique":183,"max":1,"median":0.02778,"min":0,"std":0.08668,"mean":0.04858,"missingProportion":0,"mostlyMissing":false,"colName":"percent_ptp_calls","outlierCorrectionStrategy":"Ignore outlier","outlierDetectionStrategy":"Inter-Quartile Range","imputationStrategy":"Mean","isVarTypeChanged":false,"outlierCount":20,"constantFeature":false,"customVarType":"Decimal","dataType":"Decimal","dateComponent":[]},{"missing":0,"unique":44,"max":1,"median":0,"min":0,"std":0.06186,"mean":0.01136,"missingProportion":0,"mostlyMissing":false,"colName":"percent_query_dispute","outlierCorrectionStrategy":"Ignore outlier","outlierDetectionStrategy":"Inter-Quartile Range","imputationStrategy":"Mean","isVarTypeChanged":false,"outlierCount":35,"constantFeature":false,"customVarType":"Decimal","dataType":"Decimal","dateComponent":[]},{"missing":0,"unique":316,"max":0.95652,"median":0.24808,"min":0,"std":0.16057,"mean":0.26108,"missingProportion":0,"mostlyMissing":false,"colName":"percent_unknown","outlierCorrectionStrategy":"Ignore outlier","outlierDetectionStrategy":"Inter-Quartile Range","imputationStrategy":"Mean","isVarTypeChanged":false,"outlierCount":7,"constantFeature":false,"customVarType":"Decimal","dataType":"Decimal","dateComponent":[]},{"missing":0,"unique":65,"max":0.75,"median":0,"min":0,"std":0.05231,"mean":0.01634,"missingProportion":0,"mostlyMissing":false,"colName":"percent_acked","outlierCorrectionStrategy":"Ignore outlier","outlierDetectionStrategy":"Inter-Quartile Range","imputationStrategy":"Mean","isVarTypeChanged":false,"outlierCount":77,"constantFeature":false,"customVarType":"Decimal","dataType":"Decimal","dateComponent":[]},{"missing":0,"unique":98,"max":0.28571,"median":0,"min":0,"std":0.02643,"mean":0.01037,"missingProportion":0,"mostlyMissing":false,"colName":"percent_wrong_number","outlierCorrectionStrategy":"Ignore outlier","outlierDetectionStrategy":"Inter-Quartile Range","imputationStrategy":"Mean","isVarTypeChanged":false,"outlierCount":77,"constantFeature":false,"customVarType":"Decimal","dataType":"Decimal","dateComponent":[]},{"missing":0,"unique":21,"max":0.09091,"median":0,"min":0,"std":0.00844,"mean":0.00137,"missingProportion":0,"mostlyMissing":false,"colName":"percent_refusal","outlierCorrectionStrategy":"Ignore outlier","outlierDetectionStrategy":"Inter-Quartile Range","imputationStrategy":"Mean","isVarTypeChanged":false,"outlierCount":17,"constantFeature":false,"customVarType":"Decimal","dataType":"Decimal","dateComponent":[]},{"missing":0,"unique":577,"max":"2018-02-28T12:38:00","median":"2018-02-07T09:22:00","min":"2017-09-18T11:04:00","std":"","mean":"","missingProportion":0,"mostlyMissing":false,"colName":"dttelephonestart","outlierCorrectionStrategy":"","outlierDetectionStrategy":"","imputationStrategy":"Delete","isVarTypeChanged":false,"outlierCount":"","constantFeature":false,"customVarType":"Datetime","dataType":"Datetime","dateComponent":["year","quarter","month_name","day","day_name"],"dateFormat":"%d-%m-%Y"},{"missing":0,"unique":576,"max":"2018-02-28T12:38:00","median":"2018-02-07T09:22:00","min":"2017-09-18T11:04:00","std":"","mean":"","missingProportion":0,"mostlyMissing":false,"colName":"dttelephoneanswered","outlierCorrectionStrategy":"","outlierDetectionStrategy":"","imputationStrategy":"Delete","isVarTypeChanged":false,"outlierCount":"","constantFeature":false,"customVarType":"Datetime","dataType":"Datetime","dateComponent":["year","quarter","month_name","day","day_name"],"dateFormat":"%d-%m-%Y"},{"missing":0,"unique":580,"max":"2018-02-28T12:38:00","median":"2018-02-07T09:22:30","min":"2017-09-18T11:08:00","std":"","mean":"","missingProportion":0,"mostlyMissing":false,"colName":"dttelephoneend","outlierCorrectionStrategy":"","outlierDetectionStrategy":"","imputationStrategy":"Delete","isVarTypeChanged":false,"outlierCount":"","constantFeature":false,"customVarType":"Datetime","dataType":"Datetime","dateComponent":["year","quarter","month_name","day","day_name"],"dateFormat":"%d-%m-%Y"},{"missing":0,"unique":669,"max":877364196,"median":739095001,"min":100037729,"std":250286281.55575,"mean":641177853.73512,"missingProportion":0,"mostlyMissing":false,"colName":"szdiallednumber","outlierCorrectionStrategy":"Ignore outlier","outlierDetectionStrategy":"Inter-Quartile Range","imputationStrategy":"Median","isVarTypeChanged":false,"outlierCount":68,"constantFeature":false,"customVarType":"Integer","dataType":"Integer","dateComponent":[]},{"missing":0,"unique":39,"max":"","median":"","min":"","std":"","mean":"","missingProportion":0,"mostlyMissing":false,"colName":"szusername","outlierCorrectionStrategy":"","outlierDetectionStrategy":"","imputationStrategy":"Mode","isVarTypeChanged":false,"outlierCount":"","constantFeature":false,"customVarType":"Categorical","dataType":"Categorical","dateComponent":[]},{"missing":0,"unique":139,"max":1,"median":0,"min":0,"std":0.0804,"mean":0.03187,"missingProportion":0,"mostlyMissing":false,"colName":"percent_reminders","outlierCorrectionStrategy":"Ignore outlier","outlierDetectionStrategy":"Inter-Quartile Range","imputationStrategy":"Mean","isVarTypeChanged":false,"outlierCount":49,"constantFeature":false,"customVarType":"Decimal","dataType":"Decimal","dateComponent":[]},{"missing":259,"unique":3,"max":"","median":"","min":"","std":"","mean":"","missingProportion":0.40943,"mostlyMissing":false,"colName":"ordinal","outlierCorrectionStrategy":"","outlierDetectionStrategy":"","imputationStrategy":"Mode","isVarTypeChanged":false,"outlierCount":"","constantFeature":false,"customVarType":"Categorical","dataType":"Categorical","dateComponent":[]},{"missing":259,"unique":3,"max":"","median":"","min":"","std":"","mean":"","missingProportion":0.40943,"mostlyMissing":false,"colName":"dslptp","outlierCorrectionStrategy":"","outlierDetectionStrategy":"","imputationStrategy":"Mode","isVarTypeChanged":false,"outlierCount":"","constantFeature":false,"customVarType":"Categorical","dataType":"Categorical","dateComponent":[]},{"missing":0,"unique":2,"max":1,"median":0,"min":0,"std":0.44922,"mean":0.27976,"missingProportion":0,"mostlyMissing":false,"colName":"isrpc","outlierCorrectionStrategy":"","outlierDetectionStrategy":"","imputationStrategy":"Mode","isVarTypeChanged":false,"outlierCount":"","constantFeature":false,"customVarType":"Boolean","dataType":"Boolean","dateComponent":[]},{"missing":0,"unique":2,"max":1,"median":0,"min":0,"std":0.49387,"mean":0.41964,"missingProportion":0,"mostlyMissing":false,"colName":"favintvl1","outlierCorrectionStrategy":"","outlierDetectionStrategy":"","imputationStrategy":"Mode","isVarTypeChanged":false,"outlierCount":"","constantFeature":false,"customVarType":"Boolean","dataType":"Boolean","dateComponent":[]},{"missing":0,"unique":2,"max":1,"median":0,"min":0,"std":0.47069,"mean":0.33036,"missingProportion":0,"mostlyMissing":false,"colName":"favintvl2","outlierCorrectionStrategy":"","outlierDetectionStrategy":"","imputationStrategy":"Mode","isVarTypeChanged":false,"outlierCount":"","constantFeature":false,"customVarType":"Boolean","dataType":"Boolean","dateComponent":[]},{"missing":0,"unique":2,"max":1,"median":0,"min":0,"std":0.42157,"mean":0.23065,"missingProportion":0,"mostlyMissing":false,"colName":"favintvl3","outlierCorrectionStrategy":"","outlierDetectionStrategy":"","imputationStrategy":"Mode","isVarTypeChanged":false,"outlierCount":"","constantFeature":false,"customVarType":"Boolean","dataType":"Boolean","dateComponent":[]},{"missing":0,"unique":2,"max":1,"median":0,"min":0,"std":0.45755,"mean":0.29762,"missingProportion":0,"mostlyMissing":false,"colName":"favintvl4","outlierCorrectionStrategy":"","outlierDetectionStrategy":"","imputationStrategy":"Mode","isVarTypeChanged":false,"outlierCount":"","constantFeature":false,"customVarType":"Boolean","dataType":"Boolean","dateComponent":[]},{"missing":0,"unique":2,"max":1,"median":0,"min":0,"std":0.14293,"mean":0.02083,"missingProportion":0,"mostlyMissing":false,"colName":"favintvl5","outlierCorrectionStrategy":"","outlierDetectionStrategy":"","imputationStrategy":"Mode","isVarTypeChanged":false,"outlierCount":"","constantFeature":false,"customVarType":"Boolean","dataType":"Boolean","dateComponent":[]}],"edaDuration":"0.3862650000000003","edaMode":"eda","dimReductionFitSize":1,"classNames":[0,1],"createdBy":"6239c25c5c84bb00c656c07c","projectId":"6259199d64a5fc00183091a8","createdAt":"2022-04-15T07:09:17.640Z","__v":0},{"isHighDimensional":false,"usingGPU":false,"tasks":[{"currentPipelineFilename":"eda_pipeline-1650007089.pkl","type":"eda","parentPipelineFilename":null}],"_id":"62591c3164a5fc00183091c4","fileId":"62591bfa64a5fc00183091bf","dataSetInfo":{"trainSize":60,"devSize":20,"holdoutSize":20,"holdoutFilename":"none","splitDateWise":false},"depVariable":"isrpc","algoType":"classification","isMultilabel":false,"paragraphColNames":[],"datetimeColumnName":["dttelephonestart","dttelephoneanswered","dttelephoneend"],"blankColumn":[],"correctedData":"imputed_dataset-1650007089.csv","imputedDatasetFilepath":"temp_eda-1650007089.csv","outlierPreviewFilepath":"outlier_imputed_dataset-1650007089.csv","indexPath":"indexes-1650007089.pkl","edaSummary":[{"missing":0,"unique":1338,"max":85212740216,"median":85180687441,"min":85079806629,"std":25366767.7049,"mean":85174591326.99257,"missingProportion":0,"mostlyMissing":false,"colName":"szaccountnumber","outlierCorrectionStrategy":"Ignore outlier","outlierDetectionStrategy":"Inter-Quartile Range","imputationStrategy":"Median","isVarTypeChanged":false,"outlierCount":44,"constantFeature":false,"customVarType":"Integer","dataType":"Integer","dateComponent":[]},{"missing":0,"unique":24,"max":37,"median":15,"min":0,"std":8.70123,"mean":11.93834,"missingProportion":0,"mostlyMissing":false,"colName":"recent_status","outlierCorrectionStrategy":"Ignore outlier","outlierDetectionStrategy":"Inter-Quartile Range","imputationStrategy":"Median","isVarTypeChanged":false,"outlierCount":0,"constantFeature":false,"customVarType":"Integer","dataType":"Integer","dateComponent":[]},{"missing":0,"unique":378,"max":1,"median":0.0303,"min":0,"std":0.07332,"mean":0.04843,"missingProportion":0,"mostlyMissing":false,"colName":"percent_ptp_calls","outlierCorrectionStrategy":"Ignore outlier","outlierDetectionStrategy":"Inter-Quartile Range","imputationStrategy":"Mean","isVarTypeChanged":false,"outlierCount":36,"constantFeature":false,"customVarType":"Decimal","dataType":"Decimal","dateComponent":[]},{"missing":0,"unique":83,"max":1,"median":0,"min":0,"std":0.04522,"mean":0.00709,"missingProportion":0,"mostlyMissing":false,"colName":"percent_query_dispute","outlierCorrectionStrategy":"Ignore outlier","outlierDetectionStrategy":"Inter-Quartile Range","imputationStrategy":"Mean","isVarTypeChanged":false,"outlierCount":71,"constantFeature":false,"customVarType":"Decimal","dataType":"Decimal","dateComponent":[]},{"missing":0,"unique":675,"max":0.95652,"median":0.26415,"min":0,"std":0.16666,"mean":0.28887,"missingProportion":0,"mostlyMissing":false,"colName":"percent_unknown","outlierCorrectionStrategy":"Ignore outlier","outlierDetectionStrategy":"Inter-Quartile Range","imputationStrategy":"Mean","isVarTypeChanged":false,"outlierCount":26,"constantFeature":false,"customVarType":"Decimal","dataType":"Decimal","dateComponent":[]},{"missing":0,"unique":125,"max":0.75,"median":0,"min":0,"std":0.04,"mean":0.01089,"missingProportion":0,"mostlyMissing":false,"colName":"percent_acked","outlierCorrectionStrategy":"Ignore outlier","outlierDetectionStrategy":"Inter-Quartile Range","imputationStrategy":"Mean","isVarTypeChanged":false,"outlierCount":134,"constantFeature":false,"customVarType":"Decimal","dataType":"Decimal","dateComponent":[]},{"missing":0,"unique":217,"max":0.28571,"median":0,"min":0,"std":0.02412,"mean":0.01158,"missingProportion":0,"mostlyMissing":false,"colName":"percent_wrong_number","outlierCorrectionStrategy":"Ignore outlier","outlierDetectionStrategy":"Inter-Quartile Range","imputationStrategy":"Mean","isVarTypeChanged":false,"outlierCount":82,"constantFeature":false,"customVarType":"Decimal","dataType":"Decimal","dateComponent":[]},{"missing":0,"unique":44,"max":0.09091,"median":0,"min":0,"std":0.00662,"mean":0.00107,"missingProportion":0,"mostlyMissing":false,"colName":"percent_refusal","outlierCorrectionStrategy":"Ignore outlier","outlierDetectionStrategy":"Inter-Quartile Range","imputationStrategy":"Mean","isVarTypeChanged":false,"outlierCount":34,"constantFeature":false,"customVarType":"Decimal","dataType":"Decimal","dateComponent":[]},{"missing":0,"unique":1136,"max":"2018-03-13T16:05:00","median":"2018-02-28T12:39:00","min":"2017-09-18T11:04:00","std":"","mean":"","missingProportion":0,"mostlyMissing":false,"colName":"dttelephonestart","outlierCorrectionStrategy":"","outlierDetectionStrategy":"","imputationStrategy":"Delete","isVarTypeChanged":false,"outlierCount":"","constantFeature":false,"customVarType":"Datetime","dataType":"Datetime","dateComponent":["year","quarter","month_name","day","day_name"],"dateFormat":"%d-%m-%Y"},{"missing":0,"unique":1129,"max":"2018-03-13T16:05:00","median":"2018-02-28T12:39:00","min":"2017-09-18T11:04:00","std":"","mean":"","missingProportion":0,"mostlyMissing":false,"colName":"dttelephoneanswered","outlierCorrectionStrategy":"","outlierDetectionStrategy":"","imputationStrategy":"Delete","isVarTypeChanged":false,"outlierCount":"","constantFeature":false,"customVarType":"Datetime","dataType":"Datetime","dateComponent":["year","quarter","month_name","day","day_name"],"dateFormat":"%d-%m-%Y"},{"missing":0,"unique":1132,"max":"2018-03-13T16:05:00","median":"2018-02-28T12:39:00","min":"2017-09-18T11:08:00","std":"","mean":"","missingProportion":0,"mostlyMissing":false,"colName":"dttelephoneend","outlierCorrectionStrategy":"","outlierDetectionStrategy":"","imputationStrategy":"Delete","isVarTypeChanged":false,"outlierCount":"","constantFeature":false,"customVarType":"Datetime","dataType":"Datetime","dateComponent":["year","quarter","month_name","day","day_name"],"dateFormat":"%d-%m-%Y"},{"missing":0,"unique":1341,"max":877364196,"median":737037217.5,"min":100037729,"std":247620678.01258,"mean":640316838.59064,"missingProportion":0,"mostlyMissing":false,"colName":"szdiallednumber","outlierCorrectionStrategy":"Ignore outlier","outlierDetectionStrategy":"Inter-Quartile Range","imputationStrategy":"Median","isVarTypeChanged":false,"outlierCount":128,"constantFeature":false,"customVarType":"Integer","dataType":"Integer","dateComponent":[]},{"missing":0,"unique":48,"max":"","median":"","min":"","std":"","mean":"","missingProportion":0,"mostlyMissing":false,"colName":"szusername","outlierCorrectionStrategy":"","outlierDetectionStrategy":"","imputationStrategy":"Mode","isVarTypeChanged":false,"outlierCount":"","constantFeature":false,"customVarType":"Categorical","dataType":"Categorical","dateComponent":[]},{"missing":0,"unique":274,"max":1,"median":0,"min":0,"std":0.07588,"mean":0.0341,"missingProportion":0,"mostlyMissing":false,"colName":"percent_reminders","outlierCorrectionStrategy":"Ignore outlier","outlierDetectionStrategy":"Inter-Quartile Range","imputationStrategy":"Mean","isVarTypeChanged":false,"outlierCount":79,"constantFeature":false,"customVarType":"Decimal","dataType":"Decimal","dateComponent":[]},{"missing":933,"unique":3,"max":"","median":"","min":"","std":"","mean":"","missingProportion":0.69021,"mostlyMissing":true,"colName":"ordinal","outlierCorrectionStrategy":"","outlierDetectionStrategy":"","imputationStrategy":"Mode","isVarTypeChanged":false,"outlierCount":"","constantFeature":false,"customVarType":"Categorical","dataType":"Categorical","dateComponent":[]},{"missing":412,"unique":3,"max":"","median":"","min":"","std":"","mean":"","missingProportion":0.31351,"mostlyMissing":false,"colName":"dslptp","outlierCorrectionStrategy":"","outlierDetectionStrategy":"","imputationStrategy":"Mode","isVarTypeChanged":false,"outlierCount":"","constantFeature":false,"customVarType":"Categorical","dataType":"Categorical","dateComponent":[]},{"missing":0,"unique":2,"max":1,"median":0,"min":0,"std":0.46319,"mean":0.31129,"missingProportion":0,"mostlyMissing":false,"colName":"isrpc","outlierCorrectionStrategy":"","outlierDetectionStrategy":"","imputationStrategy":"Mode","isVarTypeChanged":false,"outlierCount":"","constantFeature":false,"customVarType":"Boolean","dataType":"Boolean","dateComponent":[]},{"missing":0,"unique":2,"max":1,"median":0,"min":0,"std":0.50013,"mean":0.49257,"missingProportion":0,"mostlyMissing":false,"colName":"favintvl1","outlierCorrectionStrategy":"","outlierDetectionStrategy":"","imputationStrategy":"Mode","isVarTypeChanged":false,"outlierCount":"","constantFeature":false,"customVarType":"Boolean","dataType":"Boolean","dateComponent":[]},{"missing":0,"unique":2,"max":1,"median":0,"min":0,"std":0.46135,"mean":0.30684,"missingProportion":0,"mostlyMissing":false,"colName":"favintvl2","outlierCorrectionStrategy":"","outlierDetectionStrategy":"","imputationStrategy":"Mode","isVarTypeChanged":false,"outlierCount":"","constantFeature":false,"customVarType":"Boolean","dataType":"Boolean","dateComponent":[]},{"missing":0,"unique":2,"max":1,"median":0,"min":0,"std":0.4118,"mean":0.2162,"missingProportion":0,"mostlyMissing":false,"colName":"favintvl3","outlierCorrectionStrategy":"","outlierDetectionStrategy":"","imputationStrategy":"Mode","isVarTypeChanged":false,"outlierCount":"","constantFeature":false,"customVarType":"Boolean","dataType":"Boolean","dateComponent":[]},{"missing":0,"unique":2,"max":1,"median":0,"min":0,"std":0.43881,"mean":0.26003,"missingProportion":0,"mostlyMissing":false,"colName":"favintvl4","outlierCorrectionStrategy":"","outlierDetectionStrategy":"","imputationStrategy":"Mode","isVarTypeChanged":false,"outlierCount":"","constantFeature":false,"customVarType":"Boolean","dataType":"Boolean","dateComponent":[]},{"missing":0,"unique":2,"max":1,"median":0,"min":0,"std":0.14278,"mean":0.0208,"missingProportion":0,"mostlyMissing":false,"colName":"favintvl5","outlierCorrectionStrategy":"","outlierDetectionStrategy":"","imputationStrategy":"Mode","isVarTypeChanged":false,"outlierCount":"","constantFeature":false,"customVarType":"Boolean","dataType":"Boolean","dateComponent":[]}],"edaDuration":"0.36034299999999986","edaMode":"eda","dimReductionFitSize":1,"classNames":[0,1],"createdBy":"6239c25c5c84bb00c656c07c","projectId":"6259199d64a5fc00183091a8","createdAt":"2022-04-15T07:18:09.461Z","__v":0}]