[{"fileEncoding":"utf_8","fileSchema":[{"colName":"szaccountnumber","dataType":"Integer","originalColName":"szAccountNumber","isAutoGenerated":false},{"colName":"recent_status","dataType":"Integer","originalColName":"Recent_Status","isAutoGenerated":false},{"colName":"percent_ptp_calls","dataType":"Decimal","originalColName":"Percent_PTP_Calls","isAutoGenerated":false},{"colName":"percent_query_dispute","dataType":"Decimal","originalColName":"Percent_Query_Dispute","isAutoGenerated":false},{"colName":"percent_unknown","dataType":"Decimal","originalColName":"Percent_Unknown","isAutoGenerated":false},{"colName":"percent_acked","dataType":"Decimal","originalColName":"Percent_Acked","isAutoGenerated":false},{"colName":"percent_wrong_number","dataType":"Decimal","originalColName":"Percent_Wrong_Number","isAutoGenerated":false},{"colName":"percent_refusal","dataType":"Decimal","originalColName":"Percent_Refusal","isAutoGenerated":false},{"colName":"dttelephonestart","dataType":"Datetime","originalColName":"dtTelephoneStart","isAutoGenerated":false},{"colName":"dttelephoneanswered","dataType":"Datetime","originalColName":"dtTelephoneAnswered","isAutoGenerated":false},{"colName":"dttelephoneend","dataType":"Datetime","originalColName":"dtTelephoneEnd","isAutoGenerated":false},{"colName":"szdiallednumber","dataType":"Integer","originalColName":"szDialledNumber","isAutoGenerated":false},{"colName":"szusername","dataType":"Categorical","originalColName":"szUserName","isAutoGenerated":false},{"colName":"percent_reminders","dataType":"Decimal","originalColName":"Percent_Reminders","isAutoGenerated":false},{"colName":"ordinal","dataType":"Categorical","originalColName":"ordinal","isAutoGenerated":false},{"colName":"dslptp","dataType":"Categorical","originalColName":"dslptp","isAutoGenerated":false},{"colName":"isrpc","dataType":"Boolean","originalColName":"IsRPC","isAutoGenerated":false},{"colName":"favintvl1","dataType":"Boolean","originalColName":"FavIntvl1","isAutoGenerated":false},{"colName":"favintvl2","dataType":"Boolean","originalColName":"FavIntvl2","isAutoGenerated":false},{"colName":"favintvl3","dataType":"Boolean","originalColName":"FavIntvl3","isAutoGenerated":false},{"colName":"favintvl4","dataType":"Boolean","originalColName":"FavIntvl4","isAutoGenerated":false},{"colName":"favintvl5","dataType":"Boolean","originalColName":"FavIntvl5","isAutoGenerated":false}],"descriptiveStatistics":[{"colName":"dslptp","missing":259,"median":"","frequency":"","max":"","mean":"","min":"","std":"","unidistant_date":"","unique":3},{"colName":"dttelephoneanswered","missing":0,"median":"2018-02-07T09:22:00","frequency":"","max":"2018-02-28T12:38:00","mean":"","min":"2017-09-18T11:04:00","std":"","unidistant_date":false,"unique":576},{"colName":"dttelephoneend","missing":0,"median":"2018-02-07T09:22:30","frequency":"","max":"2018-02-28T12:38:00","mean":"","min":"2017-09-18T11:08:00","std":"","unidistant_date":false,"unique":580},{"colName":"dttelephonestart","missing":0,"median":"2018-02-07T09:22:00","frequency":"","max":"2018-02-28T12:38:00","mean":"","min":"2017-09-18T11:04:00","std":"","unidistant_date":false,"unique":577},{"colName":"favintvl1","missing":0,"median":0,"frequency":"","max":1,"mean":0.41964,"min":0,"std":0.49387,"unidistant_date":"","unique":2},{"colName":"favintvl2","missing":0,"median":0,"frequency":"","max":1,"mean":0.33036,"min":0,"std":0.47069,"unidistant_date":"","unique":2},{"colName":"favintvl3","missing":0,"median":0,"frequency":"","max":1,"mean":0.23065,"min":0,"std":0.42157,"unidistant_date":"","unique":2},{"colName":"favintvl4","missing":0,"median":0,"frequency":"","max":1,"mean":0.29762,"min":0,"std":0.45755,"unidistant_date":"","unique":2},{"colName":"favintvl5","missing":0,"median":0,"frequency":"","max":1,"mean":0.02083,"min":0,"std":0.14293,"unidistant_date":"","unique":2},{"colName":"isrpc","missing":0,"median":0,"frequency":"","max":1,"mean":0.27976,"min":0,"std":0.44922,"unidistant_date":"","unique":2},{"colName":"ordinal","missing":259,"median":"","frequency":"","max":"","mean":"","min":"","std":"","unidistant_date":"","unique":3},{"colName":"percent_acked","missing":0,"median":0,"frequency":"","max":0.75,"mean":0.01634,"min":0,"std":0.05231,"unidistant_date":"","unique":65},{"colName":"percent_ptp_calls","missing":0,"median":0.02778,"frequency":"","max":1,"mean":0.04858,"min":0,"std":0.08668,"unidistant_date":"","unique":183},{"colName":"percent_query_dispute","missing":0,"median":0,"frequency":"","max":1,"mean":0.01136,"min":0,"std":0.06186,"unidistant_date":"","unique":44},{"colName":"percent_refusal","missing":0,"median":0,"frequency":"","max":0.09091,"mean":0.00137,"min":0,"std":0.00844,"unidistant_date":"","unique":21},{"colName":"percent_reminders","missing":0,"median":0,"frequency":"","max":1,"mean":0.03187,"min":0,"std":0.0804,"unidistant_date":"","unique":139},{"colName":"percent_unknown","missing":0,"median":0.24808,"frequency":"","max":0.95652,"mean":0.26108,"min":0,"std":0.16057,"unidistant_date":"","unique":316},{"colName":"percent_wrong_number","missing":0,"median":0,"frequency":"","max":0.28571,"mean":0.01037,"min":0,"std":0.02643,"unidistant_date":"","unique":98},{"colName":"recent_status","missing":0,"median":10.5,"frequency":"","max":37,"mean":11.36012,"min":0,"std":8.53212,"unidistant_date":"","unique":20},{"colName":"szaccountnumber","missing":0,"median":85181261039,"frequency":"","max":85212740216,"mean":85175465309.22025,"min":85080246028,"std":24879192.16333,"unidistant_date":"","unique":668},{"colName":"szdiallednumber","missing":0,"median":739095001,"frequency":"","max":877364196,"mean":641177853.73512,"min":100037729,"std":250286281.55575,"unidistant_date":"","unique":669},{"colName":"szusername","missing":0,"median":"","frequency":"","max":"","mean":"","min":"","std":"","unidistant_date":"","unique":39}],"tasks":[{"type":"upload","parentPipelineFilename":null,"currentPipelineFilename":null}],"isParent":true,"isDeleted":false,"_id":"625919dd64a5fc00183091ab","fileSource":"upload","dataGroupId":"6259199d64a5fc00183091a9","filename":"upload-right_time_to_call_train-1650006492904.pkl","fileSize":58338,"noOfRows":"672","noOfCols":"22","projectId":"6259199d64a5fc00183091a8","createdBy":"6239c25c5c84bb00c656c07c","rawFileName":"upload-right_time_to_call_train-1650006492904.xlsx","createdAt":"2022-04-15T07:08:13.874Z","updatedAt":"2022-04-15T07:08:13.874Z","__v":0,"currentEdaId":"62591a1d64a5fc00183091b2"},{"fileEncoding":"utf_8","fileSchema":[{"colName":"szaccountnumber","dataType":"Integer","originalColName":"szAccountNumber","isAutoGenerated":false},{"colName":"recent_status","dataType":"Integer","originalColName":"Recent_Status","isAutoGenerated":false},{"colName":"percent_ptp_calls","dataType":"Decimal","originalColName":"Percent_PTP_Calls","isAutoGenerated":false},{"colName":"percent_query_dispute","dataType":"Decimal","originalColName":"Percent_Query_Dispute","isAutoGenerated":false},{"colName":"percent_unknown","dataType":"Decimal","originalColName":"Percent_Unknown","isAutoGenerated":false},{"colName":"percent_acked","dataType":"Decimal","originalColName":"Percent_Acked","isAutoGenerated":false},{"colName":"percent_wrong_number","dataType":"Decimal","originalColName":"Percent_Wrong_Number","isAutoGenerated":false},{"colName":"percent_refusal","dataType":"Decimal","originalColName":"Percent_Refusal","isAutoGenerated":false},{"colName":"dttelephonestart","dataType":"Datetime","originalColName":"dtTelephoneStart","isAutoGenerated":false},{"colName":"dttelephoneanswered","dataType":"Datetime","originalColName":"dtTelephoneAnswered","isAutoGenerated":false},{"colName":"dttelephoneend","dataType":"Datetime","originalColName":"dtTelephoneEnd","isAutoGenerated":false},{"colName":"szdiallednumber","dataType":"Integer","originalColName":"szDialledNumber","isAutoGenerated":false},{"colName":"szusername","dataType":"Categorical","originalColName":"szUserName","isAutoGenerated":false},{"colName":"percent_reminders","dataType":"Decimal","originalColName":"Percent_Reminders","isAutoGenerated":false},{"colName":"dslptp","dataType":"Categorical","originalColName":"dslptp","isAutoGenerated":false},{"colName":"isrpc","dataType":"Boolean","originalColName":"IsRPC","isAutoGenerated":false},{"colName":"favintvl1","dataType":"Boolean","originalColName":"FavIntvl1","isAutoGenerated":false},{"colName":"favintvl2","dataType":"Boolean","originalColName":"FavIntvl2","isAutoGenerated":false},{"colName":"favintvl3","dataType":"Boolean","originalColName":"FavIntvl3","isAutoGenerated":false},{"colName":"favintvl4","dataType":"Boolean","originalColName":"FavIntvl4","isAutoGenerated":false},{"colName":"favintvl5","dataType":"Boolean","originalColName":"FavIntvl5","isAutoGenerated":false}],"descriptiveStatistics":[{"colName":"dslptp","missing":153,"median":"","frequency":"","max":"","mean":"","min":"","std":"","unidistant_date":"","unique":3},{"colName":"dttelephoneanswered","missing":0,"median":"2018-03-10T11:18:00","frequency":"","max":"2018-03-13T16:05:00","mean":"","min":"2018-02-28T12:39:00","std":"","unidistant_date":false,"unique":553},{"colName":"dttelephoneend","missing":0,"median":"2018-03-10T11:18:00","frequency":"","max":"2018-03-13T16:05:00","mean":"","min":"2018-02-28T12:39:00","std":"","unidistant_date":false,"unique":552},{"colName":"dttelephonestart","missing":0,"median":"2018-03-10T11:18:00","frequency":"","max":"2018-03-13T16:05:00","mean":"","min":"2018-02-28T12:39:00","std":"","unidistant_date":false,"unique":559},{"colName":"favintvl1","missing":0,"median":1,"frequency":"","max":1,"mean":0.56528,"min":0,"std":0.49609,"unidistant_date":"","unique":2},{"colName":"favintvl2","missing":0,"median":0,"frequency":"","max":1,"mean":0.28338,"min":0,"std":0.45098,"unidistant_date":"","unique":2},{"colName":"favintvl3","missing":0,"median":0,"frequency":"","max":1,"mean":0.20178,"min":0,"std":0.40163,"unidistant_date":"","unique":2},{"colName":"favintvl4","missing":0,"median":0,"frequency":"","max":1,"mean":0.22255,"min":0,"std":0.41627,"unidistant_date":"","unique":2},{"colName":"favintvl5","missing":0,"median":0,"frequency":"","max":1,"mean":0.02077,"min":0,"std":0.14272,"unidistant_date":"","unique":2},{"colName":"isrpc","missing":0,"median":0,"frequency":"","max":1,"mean":0.34273,"min":0,"std":0.47497,"unidistant_date":"","unique":2},{"colName":"percent_acked","missing":0,"median":0,"frequency":"","max":0.30769,"mean":0.00545,"min":0,"std":0.02025,"unidistant_date":"","unique":88},{"colName":"percent_ptp_calls","missing":0,"median":0.03226,"frequency":"","max":0.5,"mean":0.04828,"min":0,"std":0.05705,"unidistant_date":"","unique":315},{"colName":"percent_query_dispute","missing":0,"median":0,"frequency":"","max":0.25,"mean":0.00283,"min":0,"std":0.0153,"unidistant_date":"","unique":55},{"colName":"percent_refusal","missing":0,"median":0,"frequency":"","max":0.04,"mean":0.00078,"min":0,"std":0.00406,"unidistant_date":"","unique":26},{"colName":"percent_reminders","missing":0,"median":0.01266,"frequency":"","max":1,"mean":0.03633,"min":0,"std":0.07108,"unidistant_date":"","unique":225},{"colName":"percent_unknown","missing":0,"median":0.29167,"frequency":"","max":0.90476,"mean":0.31658,"min":0,"std":0.16812,"unidistant_date":"","unique":490},{"colName":"percent_wrong_number","missing":0,"median":0,"frequency":"","max":0.17391,"mean":0.01278,"min":0,"std":0.02153,"unidistant_date":"","unique":189},{"colName":"recent_status","missing":0,"median":17,"frequency":"","max":37,"mean":12.51484,"min":0,"std":8.83532,"unidistant_date":"","unique":24},{"colName":"szaccountnumber","missing":0,"median":85179668552,"frequency":"","max":85210105826,"mean":85173719938.18398,"min":85079806629,"std":25832765.43309,"unidistant_date":"","unique":670},{"colName":"szdiallednumber","missing":0,"median":735773969.5,"frequency":"","max":873454760,"mean":639458378.38724,"min":105003301,"std":245117016.94688,"unidistant_date":"","unique":673},{"colName":"szusername","missing":0,"median":"","frequency":"","max":"","mean":"","min":"","std":"","unidistant_date":"","unique":23}],"tasks":[{"type":"upload","parentPipelineFilename":null,"currentPipelineFilename":null}],"isParent":true,"isDeleted":false,"_id":"625919ea64a5fc00183091ad","fileSource":"upload","dataGroupId":"6259199d64a5fc00183091a9","filename":"upload-right_time_to_call_test-1650006505518.pkl","fileSize":54233,"noOfRows":"674","noOfCols":"21","projectId":"6259199d64a5fc00183091a8","createdBy":"6239c25c5c84bb00c656c07c","rawFileName":"upload-right_time_to_call_test-1650006505518.xlsx","createdAt":"2022-04-15T07:08:26.317Z","updatedAt":"2022-04-15T07:08:26.317Z","__v":0},{"fileEncoding":"utf_8","fileSchema":[{"colName":"szaccountnumber","dataType":"Integer","originalColName":"szaccountnumber","isAutoGenerated":false},{"colName":"recent_status","dataType":"Integer","originalColName":"recent_status","isAutoGenerated":false},{"colName":"percent_ptp_calls","dataType":"Decimal","originalColName":"percent_ptp_calls","isAutoGenerated":false},{"colName":"percent_query_dispute","dataType":"Decimal","originalColName":"percent_query_dispute","isAutoGenerated":false},{"colName":"percent_unknown","dataType":"Decimal","originalColName":"percent_unknown","isAutoGenerated":false},{"colName":"percent_acked","dataType":"Decimal","originalColName":"percent_acked","isAutoGenerated":false},{"colName":"percent_wrong_number","dataType":"Decimal","originalColName":"percent_wrong_number","isAutoGenerated":false},{"colName":"percent_refusal","dataType":"Decimal","originalColName":"percent_refusal","isAutoGenerated":false},{"colName":"dttelephonestart","dataType":"Datetime","originalColName":"dttelephonestart","isAutoGenerated":false},{"colName":"dttelephoneanswered","dataType":"Datetime","originalColName":"dttelephoneanswered","isAutoGenerated":false},{"colName":"dttelephoneend","dataType":"Datetime","originalColName":"dttelephoneend","isAutoGenerated":false},{"colName":"szdiallednumber","dataType":"Integer","originalColName":"szdiallednumber","isAutoGenerated":false},{"colName":"szusername","dataType":"Categorical","originalColName":"szusername","isAutoGenerated":false},{"colName":"percent_reminders","dataType":"Decimal","originalColName":"percent_reminders","isAutoGenerated":false},{"colName":"ordinal","dataType":"Categorical","originalColName":"ordinal","isAutoGenerated":false},{"colName":"dslptp","dataType":"Categorical","originalColName":"dslptp","isAutoGenerated":false},{"colName":"isrpc","dataType":"Boolean","originalColName":"isrpc","isAutoGenerated":false},{"colName":"favintvl1","dataType":"Boolean","originalColName":"favintvl1","isAutoGenerated":false},{"colName":"favintvl2","dataType":"Boolean","originalColName":"favintvl2","isAutoGenerated":false},{"colName":"favintvl3","dataType":"Boolean","originalColName":"favintvl3","isAutoGenerated":false},{"colName":"favintvl4","dataType":"Boolean","originalColName":"favintvl4","isAutoGenerated":false},{"colName":"favintvl5","dataType":"Boolean","originalColName":"favintvl5","isAutoGenerated":false}],"descriptiveStatistics":[{"colName":"dslptp","missing":412,"median":"","frequency":"","max":"","mean":"","min":"","std":"","unidistant_date":"","unique":3},{"colName":"dttelephoneanswered","missing":0,"median":"2018-02-28T12:39:00","frequency":"","max":"2018-03-13T16:05:00","mean":"","min":"2017-09-18T11:04:00","std":"","unidistant_date":false,"unique":1129},{"colName":"dttelephoneend","missing":0,"median":"2018-02-28T12:39:00","frequency":"","max":"2018-03-13T16:05:00","mean":"","min":"2017-09-18T11:08:00","std":"","unidistant_date":false,"unique":1132},{"colName":"dttelephonestart","missing":0,"median":"2018-02-28T12:39:00","frequency":"","max":"2018-03-13T16:05:00","mean":"","min":"2017-09-18T11:04:00","std":"","unidistant_date":false,"unique":1136},{"colName":"favintvl1","missing":0,"median":0,"frequency":"","max":1,"mean":0.49257,"min":0,"std":0.50013,"unidistant_date":"","unique":2},{"colName":"favintvl2","missing":0,"median":0,"frequency":"","max":1,"mean":0.30684,"min":0,"std":0.46135,"unidistant_date":"","unique":2},{"colName":"favintvl3","missing":0,"median":0,"frequency":"","max":1,"mean":0.2162,"min":0,"std":0.4118,"unidistant_date":"","unique":2},{"colName":"favintvl4","missing":0,"median":0,"frequency":"","max":1,"mean":0.26003,"min":0,"std":0.43881,"unidistant_date":"","unique":2},{"colName":"favintvl5","missing":0,"median":0,"frequency":"","max":1,"mean":0.0208,"min":0,"std":0.14278,"unidistant_date":"","unique":2},{"colName":"isrpc","missing":0,"median":0,"frequency":"","max":1,"mean":0.31129,"min":0,"std":0.46319,"unidistant_date":"","unique":2},{"colName":"ordinal","missing":933,"median":"","frequency":"","max":"","mean":"","min":"","std":"","unidistant_date":"","unique":3},{"colName":"percent_acked","missing":0,"median":0,"frequency":"","max":0.75,"mean":0.01089,"min":0,"std":0.04,"unidistant_date":"","unique":125},{"colName":"percent_ptp_calls","missing":0,"median":0.0303,"frequency":"","max":1,"mean":0.04843,"min":0,"std":0.07332,"unidistant_date":"","unique":378},{"colName":"percent_query_dispute","missing":0,"median":0,"frequency":"","max":1,"mean":0.00709,"min":0,"std":0.04522,"unidistant_date":"","unique":83},{"colName":"percent_refusal","missing":0,"median":0,"frequency":"","max":0.09091,"mean":0.00107,"min":0,"std":0.00662,"unidistant_date":"","unique":44},{"colName":"percent_reminders","missing":0,"median":0,"frequency":"","max":1,"mean":0.0341,"min":0,"std":0.07588,"unidistant_date":"","unique":274},{"colName":"percent_unknown","missing":0,"median":0.26415,"frequency":"","max":0.95652,"mean":0.28887,"min":0,"std":0.16666,"unidistant_date":"","unique":675},{"colName":"percent_wrong_number","missing":0,"median":0,"frequency":"","max":0.28571,"mean":0.01158,"min":0,"std":0.02412,"unidistant_date":"","unique":217},{"colName":"recent_status","missing":0,"median":15,"frequency":"","max":37,"mean":11.93834,"min":0,"std":8.70123,"unidistant_date":"","unique":24},{"colName":"szaccountnumber","missing":0,"median":85180687441,"frequency":"","max":85212740216,"mean":85174591326.99257,"min":85079806629,"std":25366767.7049,"unidistant_date":"","unique":1338},{"colName":"szdiallednumber","missing":0,"median":737037217.5,"frequency":"","max":877364196,"mean":640316838.59064,"min":100037729,"std":247620678.01258,"unidistant_date":"","unique":1341},{"colName":"szusername","missing":0,"median":"","frequency":"","max":"","mean":"","min":"","std":"","unidistant_date":"","unique":48}],"tasks":[{"type":"upload","parentPipelineFilename":null,"currentPipelineFilename":null}],"isParent":true,"isDeleted":false,"_id":"62591bfa64a5fc00183091bf","fileSource":"upload","dataGroupId":"6259199d64a5fc00183091a9","filename":"upload-Merged_Dataset_Right_Time.pkl","fileSize":116182,"noOfRows":"1.35K","noOfCols":"22","projectId":"6259199d64a5fc00183091a8","createdBy":"6239c25c5c84bb00c656c07c","rawFileName":"upload-Merged_Dataset_Right_Time.csv","createdAt":"2022-04-15T07:17:14.241Z","updatedAt":"2022-04-15T07:17:14.241Z","__v":0,"currentEdaId":"62591c3164a5fc00183091c4"}]