[{"_id":"62591a3864a5fc00183091b8","createdBy":"6239c25c5c84bb00c656c07c","projectId":"6259199d64a5fc00183091a8","trainingId":"62591a3764a5fc00183091b5","modelMetaData":{"modelTuning":null,"algoName":"Decision Tree Classification","modelPath":"decision_tree_classification-1650006583.sav","dev":{"testScore":0.816793893129771,"losses":[{"name":"Log Loss","value":6.33},{"name":"Hamming Loss","value":0.18}],"matCoeff":0.5638627401794465,"rocScore":0.7903967797584819,"overallScore":0.6028119307799783,"f1Score":0.7809364548494984},"holdout":{"testScore":0.782608695652174,"losses":[{"name":"Log Loss","value":7.51},{"name":"Hamming Loss","value":0.22}],"matCoeff":0.4465323335112487,"rocScore":0.7194736842105263,"overallScore":0.566017780182764,"f1Score":0.723039871554723},"timeElapsed":0.2880352735519409,"bestParams":{"hpt":[{"name":"criterion","data":"gini"},{"name":"splitter","data":"best"},{"name":"max_depth","data":null},{"name":"min_samples_split","data":2},{"name":"min_samples_leaf","data":1},{"name":"min_weight_fraction_leaf","data":0},{"name":"max_features","data":null},{"name":"max_leaf_nodes","data":null},{"name":"min_impurity_decrease","data":0}]},"featureImportance":[{"colName":"dslptp","importance":0.0035},{"colName":"dttelephoneanswered","importance":0.0007},{"colName":"dttelephoneend","importance":0.0025},{"colName":"dttelephonestart","importance":0.0011},{"colName":"favintvl1","importance":0.0205},{"colName":"favintvl2","importance":0},{"colName":"favintvl3","importance":0.005},{"colName":"favintvl4","importance":0.0056},{"colName":"favintvl5","importance":0},{"colName":"ordinal","importance":0.0124},{"colName":"percent_acked","importance":0.0307},{"colName":"percent_ptp_calls","importance":0.0118},{"colName":"percent_query_dispute","importance":0.0063},{"colName":"percent_refusal","importance":0},{"colName":"percent_reminders","importance":0.0269},{"colName":"percent_unknown","importance":0},{"colName":"percent_wrong_number","importance":0.0437},{"colName":"recent_status","importance":0.0503},{"colName":"szaccountnumber","importance":0.0968},{"colName":"szdiallednumber","importance":0.0901},{"colName":"szusername","importance":0.0896}]},"trainPipeFilePath":"task_pipeline-1650006583.pkl","hptPreference":null,"reTrainFileId":null,"isDataSplitted":true,"status":"success","idealPersona":{"dslptp___1":0,"dslptp___2":1,"dttelephoneanswered___day":26,"dttelephoneanswered___day_name___1":1,"dttelephoneanswered___day_name___2":0,"dttelephoneanswered___day_name___3":1,"dttelephoneanswered___month_name___1":0,"dttelephoneanswered___month_name___2":0,"dttelephoneanswered___month_name___3":1,"dttelephoneanswered___month_name___4":0,"dttelephoneanswered___quarter":1,"dttelephoneanswered___year":2018,"dttelephoneend___day":26,"dttelephoneend___day_name___1":1,"dttelephoneend___day_name___2":0,"dttelephoneend___day_name___3":1,"dttelephoneend___month_name___1":0,"dttelephoneend___month_name___2":0,"dttelephoneend___month_name___3":1,"dttelephoneend___month_name___4":0,"dttelephoneend___quarter":1,"dttelephoneend___year":2018,"dttelephonestart___day":26,"dttelephonestart___day_name___1":1,"dttelephonestart___day_name___2":0,"dttelephonestart___day_name___3":1,"dttelephonestart___month_name___1":0,"dttelephonestart___month_name___2":0,"dttelephonestart___month_name___3":1,"dttelephonestart___month_name___4":0,"dttelephonestart___quarter":1,"dttelephonestart___year":2018,"favintvl1":1,"favintvl2":0,"favintvl3":0,"favintvl4":0,"favintvl5":0,"ordinal___1":0,"ordinal___2":1,"percent_acked":0,"percent_ptp_calls":0,"percent_query_dispute":0,"percent_refusal":0,"percent_reminders":0.08,"percent_unknown":0.16,"percent_wrong_number":0,"recent_status":0,"szaccountnumber":85194667039,"szdiallednumber":828870268,"szusername___1":0,"szusername___2":0,"szusername___3":1,"szusername___4":1,"szusername___5":1,"szusername___6":1},"transformedDatasetPath":"transformed_data_dict-1650006583.pkl","edaId":null,"createdAt":"2022-04-15T07:09:44.120Z","__v":0},{"_id":"62591a3864a5fc00183091ba","createdBy":"6239c25c5c84bb00c656c07c","projectId":"6259199d64a5fc00183091a8","trainingId":"62591a3764a5fc00183091b5","modelMetaData":{"modelTuning":null,"algoName":"Nearest Centroid Classification","modelPath":"nearest_centroid_classification-1650006584.sav","dev":{"testScore":0.44274809160305345,"losses":[{"name":"Log Loss","value":0},{"name":"Hamming Loss","value":0.56}],"matCoeff":0.1711624407334249,"rocScore":null,"overallScore":0.35375267175572517,"f1Score":0.4406621044627712},"holdout":{"testScore":0.4855072463768116,"losses":[{"name":"Log Loss","value":0},{"name":"Hamming Loss","value":0.51}],"matCoeff":0.16954642379465015,"rocScore":null,"overallScore":0.3879942028985507,"f1Score":0.4848309585151691},"timeElapsed":0.3260103464126587,"bestParams":{"hpt":[{"name":"metric","data":"euclidean"},{"name":"shrink_threshold","data":null}]}},"trainPipeFilePath":"task_pipeline-1650006583.pkl","hptPreference":null,"reTrainFileId":null,"isDataSplitted":true,"status":"success","idealPersona":null,"transformedDatasetPath":"transformed_data_dict-1650006583.pkl","edaId":null,"createdAt":"2022-04-15T07:09:44.393Z","__v":0},{"_id":"62591a3b64a5fc00183091bb","createdBy":"6239c25c5c84bb00c656c07c","projectId":"6259199d64a5fc00183091a8","trainingId":"62591a3764a5fc00183091b5","modelMetaData":{"modelTuning":null,"algoName":"Artificial Neural Network Classification","modelPath":"artificial_neural_network_classification-1650006584.h5","dev":{"testScore":0.7175572519083969,"losses":[{"name":"Log Loss","value":0.6},{"name":"Hamming Loss","value":0.28}],"matCoeff":0,"rocScore":0.5,"overallScore":0.5264023741676652,"f1Score":0.41777777777777775},"holdout":{"testScore":0.7246376811594203,"losses":[{"name":"Log Loss","value":0.59},{"name":"Hamming Loss","value":0.28}],"matCoeff":0,"rocScore":0.5,"overallScore":0.5326022594909604,"f1Score":0.4201680672268907},"timeElapsed":3.5657800436019897,"bestParams":{"hpt":[{"name":"epochs","data":100},{"name":"batch_size","data":32},{"name":"dense_activation","data":"relu"},{"name":"activation","data":"sigmoid"},{"name":"optimizer","data":"adam"},{"name":"kernel_initializer","data":"uniform"},{"name":"learning_rate","data":0.01},{"name":"dropout","data":0.1},{"name":"hidden_layers","data":3}]}},"trainPipeFilePath":"task_pipeline-1650006583.pkl","hptPreference":null,"reTrainFileId":null,"isDataSplitted":true,"status":"success","idealPersona":{"dslptp___1":1,"dslptp___2":1,"dttelephoneanswered___day":26,"dttelephoneanswered___day_name___1":1,"dttelephoneanswered___day_name___2":0,"dttelephoneanswered___day_name___3":1,"dttelephoneanswered___month_name___1":0,"dttelephoneanswered___month_name___2":0,"dttelephoneanswered___month_name___3":1,"dttelephoneanswered___month_name___4":0,"dttelephoneanswered___quarter":1,"dttelephoneanswered___year":2018,"dttelephoneend___day":26,"dttelephoneend___day_name___1":1,"dttelephoneend___day_name___2":0,"dttelephoneend___day_name___3":1,"dttelephoneend___month_name___1":0,"dttelephoneend___month_name___2":0,"dttelephoneend___month_name___3":1,"dttelephoneend___month_name___4":0,"dttelephoneend___quarter":1,"dttelephoneend___year":2018,"dttelephonestart___day":26,"dttelephonestart___day_name___1":1,"dttelephonestart___day_name___2":0,"dttelephonestart___day_name___3":1,"dttelephonestart___month_name___1":0,"dttelephonestart___month_name___2":0,"dttelephonestart___month_name___3":1,"dttelephonestart___month_name___4":0,"dttelephonestart___quarter":1,"dttelephonestart___year":2018,"favintvl1":1,"favintvl2":0,"favintvl3":0,"favintvl4":0,"favintvl5":0,"ordinal___1":1,"ordinal___2":1,"percent_acked":0.05,"percent_ptp_calls":0.13,"percent_query_dispute":0,"percent_refusal":0,"percent_reminders":0.03,"percent_unknown":0.34,"percent_wrong_number":0,"recent_status":0,"szaccountnumber":85189891001,"szdiallednumber":780836747,"szusername___1":0,"szusername___2":0,"szusername___3":0,"szusername___4":0,"szusername___5":1,"szusername___6":1},"transformedDatasetPath":"transformed_data_dict-1650006583.pkl","edaId":null,"createdAt":"2022-04-15T07:09:47.685Z","__v":0},{"_id":"62591c5164a5fc00183091cb","createdBy":"6239c25c5c84bb00c656c07c","projectId":"6259199d64a5fc00183091a8","trainingId":"62591c5064a5fc00183091c7","modelMetaData":{"modelTuning":null,"algoName":"Decision Tree Classification","modelPath":"decision_tree_classification-1650007120.sav","dev":{"testScore":0.8181818181818182,"losses":[{"name":"Log Loss","value":6.28},{"name":"Hamming Loss","value":0.18}],"matCoeff":0.5726758191488126,"rocScore":0.7843741624229429,"overallScore":0.6043057797892208,"f1Score":0.7862780813600485},"holdout":{"testScore":0.8436363636363636,"losses":[{"name":"Log Loss","value":5.4},{"name":"Hamming Loss","value":0.16}],"matCoeff":0.6260240370065441,"rocScore":0.8006952134859111,"overallScore":0.6317029706187298,"f1Score":0.8111897044500151},"timeElapsed":0.8603637218475342,"bestParams":{"hpt":[{"name":"criterion","data":"gini"},{"name":"splitter","data":"best"},{"name":"max_depth","data":null},{"name":"min_samples_split","data":2},{"name":"min_samples_leaf","data":1},{"name":"min_weight_fraction_leaf","data":0},{"name":"max_features","data":null},{"name":"max_leaf_nodes","data":null},{"name":"min_impurity_decrease","data":0}]},"featureImportance":[{"colName":"dslptp","importance":0},{"colName":"dttelephoneanswered","importance":0.0013},{"colName":"dttelephoneend","importance":0.0036},{"colName":"dttelephonestart","importance":0.0049},{"colName":"favintvl1","importance":0.0055},{"colName":"favintvl2","importance":0.0023},{"colName":"favintvl3","importance":0.0016},{"colName":"favintvl4","importance":0},{"colName":"favintvl5","importance":0.0026},{"colName":"percent_acked","importance":0.0028},{"colName":"percent_ptp_calls","importance":0.0301},{"colName":"percent_query_dispute","importance":0.0044},{"colName":"percent_refusal","importance":0},{"colName":"percent_reminders","importance":0.0339},{"colName":"percent_unknown","importance":0.0287},{"colName":"percent_wrong_number","importance":0.0202},{"colName":"recent_status","importance":0.0066},{"colName":"szaccountnumber","importance":0.0386},{"colName":"szdiallednumber","importance":0.0781},{"colName":"szusername","importance":0.1078}]},"trainPipeFilePath":"task_pipeline-1650007120.pkl","hptPreference":null,"reTrainFileId":null,"isDataSplitted":true,"status":"success","idealPersona":{"dslptp___1":1,"dslptp___2":0,"dttelephoneanswered___day":3,"dttelephoneanswered___day_name___1":0,"dttelephoneanswered___day_name___2":1,"dttelephoneanswered___day_name___3":1,"dttelephoneanswered___month_name___1":0,"dttelephoneanswered___month_name___2":0,"dttelephoneanswered___month_name___3":1,"dttelephoneanswered___month_name___4":1,"dttelephoneanswered___quarter":3,"dttelephoneanswered___year":2018,"dttelephoneend___day":3,"dttelephoneend___day_name___1":0,"dttelephoneend___day_name___2":1,"dttelephoneend___day_name___3":1,"dttelephoneend___month_name___1":0,"dttelephoneend___month_name___2":0,"dttelephoneend___month_name___3":1,"dttelephoneend___month_name___4":1,"dttelephoneend___quarter":3,"dttelephoneend___year":2018,"dttelephonestart___day":3,"dttelephonestart___day_name___1":0,"dttelephonestart___day_name___2":1,"dttelephonestart___day_name___3":1,"dttelephonestart___month_name___1":0,"dttelephonestart___month_name___2":0,"dttelephonestart___month_name___3":1,"dttelephonestart___month_name___4":1,"dttelephonestart___quarter":3,"dttelephonestart___year":2018,"favintvl1":1,"favintvl2":1,"favintvl3":1,"favintvl4":0,"favintvl5":0,"percent_acked":0.02,"percent_ptp_calls":0.05,"percent_query_dispute":0,"percent_refusal":0,"percent_reminders":0.01,"percent_unknown":0.46,"percent_wrong_number":0,"recent_status":0,"szaccountnumber":85166624732,"szdiallednumber":780828237,"szusername___1":0,"szusername___2":0,"szusername___3":0,"szusername___4":1,"szusername___5":0,"szusername___6":0},"transformedDatasetPath":"transformed_data_dict-1650007120.pkl","edaId":null,"createdAt":"2022-04-15T07:18:41.559Z","__v":0},{"_id":"62591c5164a5fc00183091cc","createdBy":"6239c25c5c84bb00c656c07c","projectId":"6259199d64a5fc00183091a8","trainingId":"62591c5064a5fc00183091c7","modelMetaData":{"modelTuning":null,"algoName":"Logistic Regression with Cross Validation","modelPath":"logistic_regression_with_cross_validation-1650007121.sav","dev":{"testScore":0.4583333333333333,"losses":[{"name":"Log Loss","value":0.68},{"name":"Hamming Loss","value":0.54}],"matCoeff":0.08854538006789835,"rocScore":0.5318279281693915,"overallScore":0.31213849438200775,"f1Score":0.4581389674326477},"holdout":{"testScore":0.48727272727272725,"losses":[{"name":"Log Loss","value":0.67},{"name":"Hamming Loss","value":0.51}],"matCoeff":0.17131387801593856,"rocScore":0.566568229358927,"overallScore":0.3359469408649648,"f1Score":0.4865938430983119},"timeElapsed":0.9196712970733643,"bestParams":{"hpt":[{"name":"Cs","data":10},{"name":"cv","data":null},{"name":"penalty","data":"l2"},{"name":"tol","data":0.0001},{"name":"refit","data":true}]},"featureCoefficient":[{"colName":"dslptp","coefficient":0},{"colName":"dttelephoneanswered","coefficient":0},{"colName":"szdiallednumber","coefficient":0},{"colName":"szaccountnumber","coefficient":0},{"colName":"recent_status","coefficient":0},{"colName":"percent_wrong_number","coefficient":0},{"colName":"percent_unknown","coefficient":0},{"colName":"percent_reminders","coefficient":0},{"colName":"percent_refusal","coefficient":0},{"colName":"percent_query_dispute","coefficient":0},{"colName":"percent_ptp_calls","coefficient":0},{"colName":"percent_acked","coefficient":0},{"colName":"favintvl5","coefficient":0},{"colName":"favintvl4","coefficient":0},{"colName":"favintvl3","coefficient":0},{"colName":"favintvl2","coefficient":0},{"colName":"favintvl1","coefficient":0},{"colName":"dttelephonestart","coefficient":0},{"colName":"dttelephoneend","coefficient":0},{"colName":"szusername","coefficient":0}]},"trainPipeFilePath":"task_pipeline-1650007120.pkl","hptPreference":null,"reTrainFileId":null,"isDataSplitted":true,"status":"success","idealPersona":{"dslptp___1":0,"dslptp___2":1,"dttelephoneanswered___day":16,"dttelephoneanswered___day_name___1":1,"dttelephoneanswered___day_name___2":0,"dttelephoneanswered___day_name___3":1,"dttelephoneanswered___month_name___1":0,"dttelephoneanswered___month_name___2":0,"dttelephoneanswered___month_name___3":0,"dttelephoneanswered___month_name___4":1,"dttelephoneanswered___quarter":1,"dttelephoneanswered___year":2018,"dttelephoneend___day":16,"dttelephoneend___day_name___1":1,"dttelephoneend___day_name___2":0,"dttelephoneend___day_name___3":1,"dttelephoneend___month_name___1":0,"dttelephoneend___month_name___2":0,"dttelephoneend___month_name___3":0,"dttelephoneend___month_name___4":1,"dttelephoneend___quarter":1,"dttelephoneend___year":2018,"dttelephonestart___day":16,"dttelephonestart___day_name___1":1,"dttelephonestart___day_name___2":0,"dttelephonestart___day_name___3":1,"dttelephonestart___month_name___1":0,"dttelephonestart___month_name___2":0,"dttelephonestart___month_name___3":0,"dttelephonestart___month_name___4":1,"dttelephonestart___quarter":1,"dttelephonestart___year":2018,"favintvl1":1,"favintvl2":1,"favintvl3":0,"favintvl4":1,"favintvl5":0,"percent_acked":0,"percent_ptp_calls":0.04,"percent_query_dispute":0,"percent_refusal":0,"percent_reminders":0,"percent_unknown":0.31,"percent_wrong_number":0,"recent_status":10,"szaccountnumber":85176537462,"szdiallednumber":847778408,"szusername___1":0,"szusername___2":0,"szusername___3":0,"szusername___4":1,"szusername___5":0,"szusername___6":0},"transformedDatasetPath":"transformed_data_dict-1650007120.pkl","edaId":null,"createdAt":"2022-04-15T07:18:41.932Z","__v":0},{"_id":"62591c5664a5fc00183091cd","createdBy":"6239c25c5c84bb00c656c07c","projectId":"6259199d64a5fc00183091a8","trainingId":"62591c5064a5fc00183091c7","modelMetaData":{"modelTuning":null,"algoName":"Artificial Neural Network Classification","modelPath":"artificial_neural_network_classification-1650007121.h5","dev":{"testScore":0.6893939393939394,"losses":[{"name":"Log Loss","value":0.62},{"name":"Hamming Loss","value":0.31}],"matCoeff":0,"rocScore":0.5,"overallScore":0.5019233355779972,"f1Score":0.4080717488789238},"holdout":{"testScore":0.6872727272727273,"losses":[{"name":"Log Loss","value":0.62},{"name":"Hamming Loss","value":0.31}],"matCoeff":0,"rocScore":0.5,"overallScore":0.5000901009116607,"f1Score":0.4073275862068965},"timeElapsed":4.616365671157837,"bestParams":{"hpt":[{"name":"epochs","data":100},{"name":"batch_size","data":32},{"name":"dense_activation","data":"relu"},{"name":"activation","data":"sigmoid"},{"name":"optimizer","data":"adam"},{"name":"kernel_initializer","data":"uniform"},{"name":"learning_rate","data":0.01},{"name":"dropout","data":0.1},{"name":"hidden_layers","data":3}]}},"trainPipeFilePath":"task_pipeline-1650007120.pkl","hptPreference":null,"reTrainFileId":null,"isDataSplitted":true,"status":"success","idealPersona":{"dslptp___1":1,"dslptp___2":0,"dttelephoneanswered___day":3,"dttelephoneanswered___day_name___1":0,"dttelephoneanswered___day_name___2":1,"dttelephoneanswered___day_name___3":1,"dttelephoneanswered___month_name___1":0,"dttelephoneanswered___month_name___2":0,"dttelephoneanswered___month_name___3":1,"dttelephoneanswered___month_name___4":1,"dttelephoneanswered___quarter":3,"dttelephoneanswered___year":2018,"dttelephoneend___day":3,"dttelephoneend___day_name___1":0,"dttelephoneend___day_name___2":1,"dttelephoneend___day_name___3":1,"dttelephoneend___month_name___1":0,"dttelephoneend___month_name___2":0,"dttelephoneend___month_name___3":1,"dttelephoneend___month_name___4":1,"dttelephoneend___quarter":3,"dttelephoneend___year":2018,"dttelephonestart___day":3,"dttelephonestart___day_name___1":0,"dttelephonestart___day_name___2":1,"dttelephonestart___day_name___3":1,"dttelephonestart___month_name___1":0,"dttelephonestart___month_name___2":0,"dttelephonestart___month_name___3":1,"dttelephonestart___month_name___4":1,"dttelephonestart___quarter":3,"dttelephonestart___year":2018,"favintvl1":1,"favintvl2":1,"favintvl3":1,"favintvl4":0,"favintvl5":0,"percent_acked":0.02,"percent_ptp_calls":0.05,"percent_query_dispute":0,"percent_refusal":0,"percent_reminders":0.01,"percent_unknown":0.46,"percent_wrong_number":0,"recent_status":0,"szaccountnumber":85166624732,"szdiallednumber":780828237,"szusername___1":0,"szusername___2":0,"szusername___3":0,"szusername___4":1,"szusername___5":0,"szusername___6":0},"transformedDatasetPath":"transformed_data_dict-1650007120.pkl","edaId":null,"createdAt":"2022-04-15T07:18:46.128Z","__v":0},{"_id":"625d0085c73e7b0023477b21","createdBy":"6239c25c5c84bb00c656c07c","projectId":"6259199d64a5fc00183091a8","trainingId":"625d0084c73e7b0023477b1f","modelMetaData":{"modelTuning":null,"algoName":"Decision Tree Classification","modelPath":"decision_tree_classification-1650262149.sav","dev":{"testScore":0.8181818181818182,"losses":[{"name":"Log Loss","value":6.28},{"name":"Hamming Loss","value":0.18}],"matCoeff":0.5726758191488126,"rocScore":0.7843741624229429,"overallScore":0.6043057797892208,"f1Score":0.7862780813600485},"holdout":{"testScore":0.8436363636363636,"losses":[{"name":"Log Loss","value":5.4},{"name":"Hamming Loss","value":0.16}],"matCoeff":0.6260240370065441,"rocScore":0.8006952134859111,"overallScore":0.6317029706187298,"f1Score":0.8111897044500151},"timeElapsed":0.3906462788581848,"bestParams":{"hpt":[{"name":"criterion","data":"gini"},{"name":"splitter","data":"best"},{"name":"max_depth","data":null},{"name":"min_samples_split","data":2},{"name":"min_samples_leaf","data":1},{"name":"min_weight_fraction_leaf","data":0},{"name":"max_features","data":null},{"name":"max_leaf_nodes","data":null},{"name":"min_impurity_decrease","data":0}]},"featureImportance":[{"colName":"dslptp","importance":0},{"colName":"dttelephoneanswered","importance":0.0013},{"colName":"dttelephoneend","importance":0.0036},{"colName":"dttelephonestart","importance":0.0049},{"colName":"favintvl1","importance":0.0055},{"colName":"favintvl2","importance":0.0023},{"colName":"favintvl3","importance":0.0016},{"colName":"favintvl4","importance":0},{"colName":"favintvl5","importance":0.0026},{"colName":"percent_acked","importance":0.0028},{"colName":"percent_ptp_calls","importance":0.0301},{"colName":"percent_query_dispute","importance":0.0044},{"colName":"percent_refusal","importance":0},{"colName":"percent_reminders","importance":0.0339},{"colName":"percent_unknown","importance":0.0287},{"colName":"percent_wrong_number","importance":0.0202},{"colName":"recent_status","importance":0.0066},{"colName":"szaccountnumber","importance":0.0386},{"colName":"szdiallednumber","importance":0.0781},{"colName":"szusername","importance":0.1078}]},"trainPipeFilePath":"task_pipeline-1650262148.pkl","hptPreference":null,"reTrainFileId":null,"isDataSplitted":true,"status":"success","idealPersona":{"dslptp___1":1,"dslptp___2":0,"dttelephoneanswered___day":3,"dttelephoneanswered___day_name___1":0,"dttelephoneanswered___day_name___2":1,"dttelephoneanswered___day_name___3":1,"dttelephoneanswered___month_name___1":0,"dttelephoneanswered___month_name___2":0,"dttelephoneanswered___month_name___3":1,"dttelephoneanswered___month_name___4":1,"dttelephoneanswered___quarter":3,"dttelephoneanswered___year":2018,"dttelephoneend___day":3,"dttelephoneend___day_name___1":0,"dttelephoneend___day_name___2":1,"dttelephoneend___day_name___3":1,"dttelephoneend___month_name___1":0,"dttelephoneend___month_name___2":0,"dttelephoneend___month_name___3":1,"dttelephoneend___month_name___4":1,"dttelephoneend___quarter":3,"dttelephoneend___year":2018,"dttelephonestart___day":3,"dttelephonestart___day_name___1":0,"dttelephonestart___day_name___2":1,"dttelephonestart___day_name___3":1,"dttelephonestart___month_name___1":0,"dttelephonestart___month_name___2":0,"dttelephonestart___month_name___3":1,"dttelephonestart___month_name___4":1,"dttelephonestart___quarter":3,"dttelephonestart___year":2018,"favintvl1":1,"favintvl2":1,"favintvl3":1,"favintvl4":0,"favintvl5":0,"percent_acked":0.02,"percent_ptp_calls":0.05,"percent_query_dispute":0,"percent_refusal":0,"percent_reminders":0.01,"percent_unknown":0.46,"percent_wrong_number":0,"recent_status":0,"szaccountnumber":85166624732,"szdiallednumber":780828237,"szusername___1":0,"szusername___2":0,"szusername___3":0,"szusername___4":1,"szusername___5":0,"szusername___6":0},"transformedDatasetPath":"transformed_data_dict-1650262148.pkl","edaId":null,"createdAt":"2022-04-18T06:09:09.423Z","__v":0},{"_id":"625d0085c73e7b0023477b22","createdBy":"6239c25c5c84bb00c656c07c","projectId":"6259199d64a5fc00183091a8","trainingId":"625d0084c73e7b0023477b1f","modelMetaData":{"modelTuning":null,"algoName":"Logistic Regression","modelPath":"logistic_regression-1650262149.sav","dev":{"testScore":0.4583333333333333,"losses":[{"name":"Log Loss","value":0.68},{"name":"Hamming Loss","value":0.54}],"matCoeff":0.08854538006789835,"rocScore":0.5318279281693915,"overallScore":0.31213849438200775,"f1Score":0.4581389674326477},"holdout":{"testScore":0.48727272727272725,"losses":[{"name":"Log Loss","value":0.67},{"name":"Hamming Loss","value":0.51}],"matCoeff":0.17131387801593856,"rocScore":0.566568229358927,"overallScore":0.3359469408649648,"f1Score":0.4865938430983119},"timeElapsed":0.41082578897476196,"bestParams":{"hpt":[{"name":"penalty","data":"l2"},{"name":"tol","data":0.018},{"name":"C","data":1}]},"featureCoefficient":[{"colName":"dslptp","coefficient":0},{"colName":"dttelephoneanswered","coefficient":0},{"colName":"szdiallednumber","coefficient":0},{"colName":"szaccountnumber","coefficient":0},{"colName":"recent_status","coefficient":0},{"colName":"percent_wrong_number","coefficient":0},{"colName":"percent_unknown","coefficient":0},{"colName":"percent_reminders","coefficient":0},{"colName":"percent_refusal","coefficient":0},{"colName":"percent_query_dispute","coefficient":0},{"colName":"percent_ptp_calls","coefficient":0},{"colName":"percent_acked","coefficient":0},{"colName":"favintvl5","coefficient":0},{"colName":"favintvl4","coefficient":0},{"colName":"favintvl3","coefficient":0},{"colName":"favintvl2","coefficient":0},{"colName":"favintvl1","coefficient":0},{"colName":"dttelephonestart","coefficient":0},{"colName":"dttelephoneend","coefficient":0},{"colName":"szusername","coefficient":0}]},"trainPipeFilePath":"task_pipeline-1650262148.pkl","hptPreference":null,"reTrainFileId":null,"isDataSplitted":true,"status":"success","idealPersona":{"dslptp___1":0,"dslptp___2":1,"dttelephoneanswered___day":16,"dttelephoneanswered___day_name___1":1,"dttelephoneanswered___day_name___2":0,"dttelephoneanswered___day_name___3":1,"dttelephoneanswered___month_name___1":0,"dttelephoneanswered___month_name___2":0,"dttelephoneanswered___month_name___3":0,"dttelephoneanswered___month_name___4":1,"dttelephoneanswered___quarter":1,"dttelephoneanswered___year":2018,"dttelephoneend___day":16,"dttelephoneend___day_name___1":1,"dttelephoneend___day_name___2":0,"dttelephoneend___day_name___3":1,"dttelephoneend___month_name___1":0,"dttelephoneend___month_name___2":0,"dttelephoneend___month_name___3":0,"dttelephoneend___month_name___4":1,"dttelephoneend___quarter":1,"dttelephoneend___year":2018,"dttelephonestart___day":16,"dttelephonestart___day_name___1":1,"dttelephonestart___day_name___2":0,"dttelephonestart___day_name___3":1,"dttelephonestart___month_name___1":0,"dttelephonestart___month_name___2":0,"dttelephonestart___month_name___3":0,"dttelephonestart___month_name___4":1,"dttelephonestart___quarter":1,"dttelephonestart___year":2018,"favintvl1":1,"favintvl2":1,"favintvl3":0,"favintvl4":1,"favintvl5":0,"percent_acked":0,"percent_ptp_calls":0.04,"percent_query_dispute":0,"percent_refusal":0,"percent_reminders":0,"percent_unknown":0.31,"percent_wrong_number":0,"recent_status":10,"szaccountnumber":85176537462,"szdiallednumber":847778408,"szusername___1":0,"szusername___2":0,"szusername___3":0,"szusername___4":1,"szusername___5":0,"szusername___6":0},"transformedDatasetPath":"transformed_data_dict-1650262148.pkl","edaId":null,"createdAt":"2022-04-18T06:09:09.450Z","__v":0},{"_id":"625d0085c73e7b0023477b24","createdBy":"6239c25c5c84bb00c656c07c","projectId":"6259199d64a5fc00183091a8","trainingId":"625d0084c73e7b0023477b1f","modelMetaData":{"modelTuning":null,"algoName":"Nearest Centroid Classification","modelPath":"nearest_centroid_classification-1650262149.sav","dev":{"testScore":0.4583333333333333,"losses":[{"name":"Log Loss","value":0},{"name":"Hamming Loss","value":0.54}],"matCoeff":0.08854538006789835,"rocScore":null,"overallScore":0.3662333333333333,"f1Score":0.4581389674326477},"holdout":{"testScore":0.48727272727272725,"losses":[{"name":"Log Loss","value":0},{"name":"Hamming Loss","value":0.51}],"matCoeff":0.17131387801593856,"rocScore":null,"overallScore":0.389408,"f1Score":0.4865938430983119},"timeElapsed":0.45157796144485474,"bestParams":{"hpt":[{"name":"metric","data":"euclidean"},{"name":"shrink_threshold","data":null}]}},"trainPipeFilePath":"task_pipeline-1650262148.pkl","hptPreference":null,"reTrainFileId":null,"isDataSplitted":true,"status":"success","idealPersona":null,"transformedDatasetPath":"transformed_data_dict-1650262148.pkl","edaId":null,"createdAt":"2022-04-18T06:09:09.788Z","__v":0},{"_id":"625d00b4c73e7b0023477b2f","createdBy":"6239c25c5c84bb00c656c07c","projectId":"6259199d64a5fc00183091a8","trainingId":"625d00b3c73e7b0023477b2b","modelMetaData":{"modelTuning":null,"algoName":"KNN Classification","modelPath":"knn_classification-1650262195.sav","dev":{"testScore":0.6515151515151515,"losses":[{"name":"Log Loss","value":2.75},{"name":"Hamming Loss","value":0.35}],"matCoeff":0.11225182595520115,"rocScore":0.5551125703564728,"overallScore":0.49923337066250695,"f1Score":0.5487179487179488},"holdout":{"testScore":0.6254545454545455,"losses":[{"name":"Log Loss","value":2.79},{"name":"Hamming Loss","value":0.37}],"matCoeff":0.028345982670936437,"rocScore":0.5484803740617694,"overallScore":0.4780670574192846,"f1Score":0.5041922666246564},"timeElapsed":0.7187812805175782,"bestParams":{"hpt":[{"name":"n_neighbors","data":5},{"name":"weights","data":"uniform"},{"name":"algorithm","data":"auto"},{"name":"leaf_size","data":30},{"name":"p","data":2},{"name":"metric","data":"minkowski"}]}},"trainPipeFilePath":"task_pipeline-1650262195.pkl","hptPreference":null,"reTrainFileId":null,"isDataSplitted":true,"status":"success","idealPersona":{"dslptp___1":1,"dslptp___2":0,"dttelephoneanswered___day":3,"dttelephoneanswered___day_name___1":0,"dttelephoneanswered___day_name___2":1,"dttelephoneanswered___day_name___3":1,"dttelephoneanswered___month_name___1":0,"dttelephoneanswered___month_name___2":0,"dttelephoneanswered___month_name___3":1,"dttelephoneanswered___month_name___4":1,"dttelephoneanswered___quarter":3,"dttelephoneanswered___year":2018,"dttelephoneend___day":3,"dttelephoneend___day_name___1":0,"dttelephoneend___day_name___2":1,"dttelephoneend___day_name___3":1,"dttelephoneend___month_name___1":0,"dttelephoneend___month_name___2":0,"dttelephoneend___month_name___3":1,"dttelephoneend___month_name___4":1,"dttelephoneend___quarter":3,"dttelephoneend___year":2018,"dttelephonestart___day":3,"dttelephonestart___day_name___1":0,"dttelephonestart___day_name___2":1,"dttelephonestart___day_name___3":1,"dttelephonestart___month_name___1":0,"dttelephonestart___month_name___2":0,"dttelephonestart___month_name___3":1,"dttelephonestart___month_name___4":1,"dttelephonestart___quarter":3,"dttelephonestart___year":2018,"favintvl1":1,"favintvl2":0,"favintvl3":0,"favintvl4":0,"favintvl5":0,"percent_acked":0,"percent_ptp_calls":0.04,"percent_query_dispute":0,"percent_refusal":0,"percent_reminders":0,"percent_unknown":0.43,"percent_wrong_number":0.04,"recent_status":18,"szaccountnumber":85181756728,"szdiallednumber":765698123,"szusername___1":0,"szusername___2":0,"szusername___3":0,"szusername___4":1,"szusername___5":0,"szusername___6":0},"transformedDatasetPath":"transformed_data_dict-1650262195.pkl","edaId":null,"createdAt":"2022-04-18T06:09:56.270Z","__v":0},{"_id":"625d00b4c73e7b0023477b30","createdBy":"6239c25c5c84bb00c656c07c","projectId":"6259199d64a5fc00183091a8","trainingId":"625d00b3c73e7b0023477b2b","modelMetaData":{"modelTuning":null,"algoName":"Decision Tree Classification","modelPath":"decision_tree_classification-1650262196.sav","dev":{"testScore":0.8181818181818182,"losses":[{"name":"Log Loss","value":6.28},{"name":"Hamming Loss","value":0.18}],"matCoeff":0.5726758191488126,"rocScore":0.7843741624229429,"overallScore":0.6043057797892208,"f1Score":0.7862780813600485},"holdout":{"testScore":0.8436363636363636,"losses":[{"name":"Log Loss","value":5.4},{"name":"Hamming Loss","value":0.16}],"matCoeff":0.6260240370065441,"rocScore":0.8006952134859111,"overallScore":0.6317029706187298,"f1Score":0.8111897044500151},"timeElapsed":0.4321132183074951,"bestParams":{"hpt":[{"name":"criterion","data":"gini"},{"name":"splitter","data":"best"},{"name":"max_depth","data":null},{"name":"min_samples_split","data":2},{"name":"min_samples_leaf","data":1},{"name":"min_weight_fraction_leaf","data":0},{"name":"max_features","data":null},{"name":"max_leaf_nodes","data":null},{"name":"min_impurity_decrease","data":0}]},"featureImportance":[{"colName":"dslptp","importance":0},{"colName":"dttelephoneanswered","importance":0.0013},{"colName":"dttelephoneend","importance":0.0036},{"colName":"dttelephonestart","importance":0.0049},{"colName":"favintvl1","importance":0.0055},{"colName":"favintvl2","importance":0.0023},{"colName":"favintvl3","importance":0.0016},{"colName":"favintvl4","importance":0},{"colName":"favintvl5","importance":0.0026},{"colName":"percent_acked","importance":0.0028},{"colName":"percent_ptp_calls","importance":0.0301},{"colName":"percent_query_dispute","importance":0.0044},{"colName":"percent_refusal","importance":0},{"colName":"percent_reminders","importance":0.0339},{"colName":"percent_unknown","importance":0.0287},{"colName":"percent_wrong_number","importance":0.0202},{"colName":"recent_status","importance":0.0066},{"colName":"szaccountnumber","importance":0.0386},{"colName":"szdiallednumber","importance":0.0781},{"colName":"szusername","importance":0.1078}]},"trainPipeFilePath":"task_pipeline-1650262195.pkl","hptPreference":null,"reTrainFileId":null,"isDataSplitted":true,"status":"success","idealPersona":{"dslptp___1":1,"dslptp___2":0,"dttelephoneanswered___day":3,"dttelephoneanswered___day_name___1":0,"dttelephoneanswered___day_name___2":1,"dttelephoneanswered___day_name___3":1,"dttelephoneanswered___month_name___1":0,"dttelephoneanswered___month_name___2":0,"dttelephoneanswered___month_name___3":1,"dttelephoneanswered___month_name___4":1,"dttelephoneanswered___quarter":3,"dttelephoneanswered___year":2018,"dttelephoneend___day":3,"dttelephoneend___day_name___1":0,"dttelephoneend___day_name___2":1,"dttelephoneend___day_name___3":1,"dttelephoneend___month_name___1":0,"dttelephoneend___month_name___2":0,"dttelephoneend___month_name___3":1,"dttelephoneend___month_name___4":1,"dttelephoneend___quarter":3,"dttelephoneend___year":2018,"dttelephonestart___day":3,"dttelephonestart___day_name___1":0,"dttelephonestart___day_name___2":1,"dttelephonestart___day_name___3":1,"dttelephonestart___month_name___1":0,"dttelephonestart___month_name___2":0,"dttelephonestart___month_name___3":1,"dttelephonestart___month_name___4":1,"dttelephonestart___quarter":3,"dttelephonestart___year":2018,"favintvl1":1,"favintvl2":1,"favintvl3":1,"favintvl4":0,"favintvl5":0,"percent_acked":0.02,"percent_ptp_calls":0.05,"percent_query_dispute":0,"percent_refusal":0,"percent_reminders":0.01,"percent_unknown":0.46,"percent_wrong_number":0,"recent_status":0,"szaccountnumber":85166624732,"szdiallednumber":780828237,"szusername___1":0,"szusername___2":0,"szusername___3":0,"szusername___4":1,"szusername___5":0,"szusername___6":0},"transformedDatasetPath":"transformed_data_dict-1650262195.pkl","edaId":null,"createdAt":"2022-04-18T06:09:56.380Z","__v":0},{"_id":"625d00b4c73e7b0023477b31","createdBy":"6239c25c5c84bb00c656c07c","projectId":"6259199d64a5fc00183091a8","trainingId":"625d00b3c73e7b0023477b2b","modelMetaData":{"modelTuning":null,"algoName":"Ensemble Extra Trees Classification","modelPath":"ensemble_extra_trees_classification-1650262196.sav","dev":{"testScore":0.8106060606060606,"losses":[{"name":"Log Loss","value":0.44},{"name":"Hamming Loss","value":0.19}],"matCoeff":0.5405772634367962,"rocScore":0.9138970785312248,"overallScore":0.6132788448683637,"f1Score":0.7671957671957672},"holdout":{"testScore":0.7963636363636364,"losses":[{"name":"Log Loss","value":0.35},{"name":"Hamming Loss","value":0.2}],"matCoeff":0.512729808402878,"rocScore":0.8996554694229113,"overallScore":0.6092304201084443,"f1Score":0.7549955453735522},"timeElapsed":0.3955648422241211,"bestParams":{"hpt":[{"name":"criterion","data":"gini"},{"name":"max_depth","data":null},{"name":"min_samples_split","data":2},{"name":"min_samples_leaf","data":1},{"name":"min_weight_fraction_leaf","data":0},{"name":"max_features","data":"auto"},{"name":"max_leaf_nodes","data":null},{"name":"min_impurity_decrease","data":0},{"name":"n_estimators","data":10},{"name":"bootstrap","data":false}]},"featureImportance":[{"colName":"dslptp","importance":0.0118},{"colName":"dttelephoneanswered","importance":0.0076},{"colName":"dttelephoneend","importance":0.0071},{"colName":"dttelephonestart","importance":0.0072},{"colName":"favintvl1","importance":0.0147},{"colName":"favintvl2","importance":0.0151},{"colName":"favintvl3","importance":0.0086},{"colName":"favintvl4","importance":0.0134},{"colName":"favintvl5","importance":0.0022},{"colName":"percent_acked","importance":0.0109},{"colName":"percent_ptp_calls","importance":0.0296},{"colName":"percent_query_dispute","importance":0.0115},{"colName":"percent_refusal","importance":0.0028},{"colName":"percent_reminders","importance":0.0326},{"colName":"percent_unknown","importance":0.0271},{"colName":"percent_wrong_number","importance":0.014},{"colName":"recent_status","importance":0.0297},{"colName":"szaccountnumber","importance":0.0224},{"colName":"szdiallednumber","importance":0.0347},{"colName":"szusername","importance":0.0814}]},"trainPipeFilePath":"task_pipeline-1650262195.pkl","hptPreference":null,"reTrainFileId":null,"isDataSplitted":true,"status":"success","idealPersona":{"dslptp___1":0,"dslptp___2":1,"dttelephoneanswered___day":3,"dttelephoneanswered___day_name___1":1,"dttelephoneanswered___day_name___2":1,"dttelephoneanswered___day_name___3":0,"dttelephoneanswered___month_name___1":1,"dttelephoneanswered___month_name___2":0,"dttelephoneanswered___month_name___3":0,"dttelephoneanswered___month_name___4":1,"dttelephoneanswered___quarter":2,"dttelephoneanswered___year":2018,"dttelephoneend___day":3,"dttelephoneend___day_name___1":1,"dttelephoneend___day_name___2":1,"dttelephoneend___day_name___3":0,"dttelephoneend___month_name___1":1,"dttelephoneend___month_name___2":0,"dttelephoneend___month_name___3":0,"dttelephoneend___month_name___4":1,"dttelephoneend___quarter":2,"dttelephoneend___year":2018,"dttelephonestart___day":3,"dttelephonestart___day_name___1":1,"dttelephonestart___day_name___2":1,"dttelephonestart___day_name___3":0,"dttelephonestart___month_name___1":1,"dttelephonestart___month_name___2":0,"dttelephonestart___month_name___3":0,"dttelephonestart___month_name___4":1,"dttelephonestart___quarter":2,"dttelephonestart___year":2018,"favintvl1":0,"favintvl2":0,"favintvl3":0,"favintvl4":1,"favintvl5":0,"percent_acked":0.02,"percent_ptp_calls":0.06,"percent_query_dispute":0,"percent_refusal":0,"percent_reminders":0.06,"percent_unknown":0.59,"percent_wrong_number":0,"recent_status":6,"szaccountnumber":85178549623,"szdiallednumber":829275346,"szusername___1":0,"szusername___2":0,"szusername___3":1,"szusername___4":1,"szusername___5":0,"szusername___6":1},"transformedDatasetPath":"transformed_data_dict-1650262195.pkl","edaId":null,"createdAt":"2022-04-18T06:09:56.639Z","__v":0}]