[{"fileEncoding":"utf_8","isDeleted":false,"_id":"625919dd64a5fc00183091ac","createdBy":"6239c25c5c84bb00c656c07c","dataGroupId":"6259199d64a5fc00183091a9","filename":"upload-right_time_to_call_train-1650006492904.xlsx","fileSize":"104820","fileSource":"upload","projectId":"6259199d64a5fc00183091a8","parsed":true,"message":"Valid data","updatedAt":"2022-04-15T07:08:13.874Z","createdAt":"2022-04-15T07:08:13.874Z","__v":0},{"fileEncoding":"utf_8","isDeleted":false,"_id":"625919ea64a5fc00183091ae","createdBy":"6239c25c5c84bb00c656c07c","dataGroupId":"6259199d64a5fc00183091a9","filename":"upload-right_time_to_call_test-1650006505518.xlsx","fileSize":"107140","fileSource":"upload","projectId":"6259199d64a5fc00183091a8","parsed":true,"message":"Valid data","updatedAt":"2022-04-15T07:08:26.317Z","createdAt":"2022-04-15T07:08:26.317Z","__v":0},{"fileEncoding":"utf_8","isDeleted":false,"_id":"62591bfa64a5fc00183091c0","createdBy":"6239c25c5c84bb00c656c07c","dataGroupId":"6259199d64a5fc00183091a9","filename":"upload-Merged_Dataset_Right_Time.csv","fileSize":"212253","fileSource":"upload","projectId":"6259199d64a5fc00183091a8","parsed":true,"message":"Valid data","updatedAt":"2022-04-15T07:17:14.241Z","createdAt":"2022-04-15T07:17:14.241Z","__v":0}]