[{"sampling":"none","dropOriginal":false,"_id":"625d0084c73e7b0023477b1f","targetType":"Binary","originalFileId":"62591bfa64a5fc00183091bf","depVariable":"isrpc","indepVariable":[{"colName":"szaccountnumber"},{"colName":"recent_status"},{"colName":"percent_ptp_calls"},{"colName":"percent_query_dispute"},{"colName":"percent_unknown"},{"colName":"percent_acked"},{"colName":"percent_wrong_number"},{"colName":"percent_refusal"},{"colName":"dttelephonestart"},{"colName":"dttelephoneanswered"},{"colName":"dttelephoneend"},{"colName":"szdiallednumber"},{"colName":"szusername"},{"colName":"percent_reminders"},{"colName":"dslptp"},{"colName":"favintvl1"},{"colName":"favintvl2"},{"colName":"favintvl3"},{"colName":"favintvl4"},{"colName":"favintvl5"}],"algorithms":["Logistic Regression","Decision Tree Classification","Nearest Centroid Classification"],"algoType":"classification","isMultilabel":false,"edaId":"62591c3164a5fc00183091c4","problemType":"predictive_modeling","autoFeatureGenTasks":null,"categoricalEncoders":{"szusername":"Binary encoder","dslptp":"Binary encoder"},"ordinalEncoderMap":[],"classNames":[0,1],"predictiveModelingInfo":{"featuresToTransform":[],"applyToTarget":false,"decomposition":"none","components":2,"featureSelectionMethod":"none","scoringFunction":"none","featurePercentage":70,"nFeaturesToSelect":70,"step":"none","customFeatures":[],"featureScaling":"none","normalizationMethod":"none","featureSelectionEstimator":"none","featureSelectionStep":"none","featureSelectionCV":"none"},"nlpConfigs":[],"createdBy":"6239c25c5c84bb00c656c07c","projectId":"6259199d64a5fc00183091a8","fileEncoding":"utf_8","name":"Model : Right Time To Call","metaInfo":{"fileName":"upload-Merged_Dataset_Right_Time.pkl"},"noOfFeatures":20,"afterEdaFileId":"62591bfa64a5fc00183091bf","createdAt":"2022-04-18T06:09:08.496Z","__v":1},{"sampling":"none","dropOriginal":false,"_id":"625d00b3c73e7b0023477b2b","targetType":"Binary","originalFileId":"62591bfa64a5fc00183091bf","depVariable":"isrpc","indepVariable":[{"colName":"szaccountnumber"},{"colName":"recent_status"},{"colName":"percent_ptp_calls"},{"colName":"percent_query_dispute"},{"colName":"percent_unknown"},{"colName":"percent_acked"},{"colName":"percent_wrong_number"},{"colName":"percent_refusal"},{"colName":"dttelephonestart"},{"colName":"dttelephoneanswered"},{"colName":"dttelephoneend"},{"colName":"szdiallednumber"},{"colName":"szusername"},{"colName":"percent_reminders"},{"colName":"dslptp"},{"colName":"favintvl1"},{"colName":"favintvl2"},{"colName":"favintvl3"},{"colName":"favintvl4"},{"colName":"favintvl5"}],"algorithms":["KNN Classification","Decision Tree Classification","Ensemble Extra Trees Classification"],"algoType":"classification","isMultilabel":false,"edaId":"62591c3164a5fc00183091c4","problemType":"predictive_modeling","autoFeatureGenTasks":null,"categoricalEncoders":{"szusername":"Binary encoder","dslptp":"Binary encoder"},"ordinalEncoderMap":[],"classNames":[0,1],"predictiveModelingInfo":{"featuresToTransform":[],"applyToTarget":false,"decomposition":"none","components":2,"featureSelectionMethod":"none","scoringFunction":"none","featurePercentage":70,"nFeaturesToSelect":70,"step":"none","customFeatures":[],"featureScaling":"none","normalizationMethod":"none","featureSelectionEstimator":"none","featureSelectionStep":"none","featureSelectionCV":"none"},"nlpConfigs":[],"createdBy":"6239c25c5c84bb00c656c07c","projectId":"6259199d64a5fc00183091a8","fileEncoding":"utf_8","name":"Model : Right Time To Call","metaInfo":{"fileName":"upload-Merged_Dataset_Right_Time.pkl"},"noOfFeatures":20,"afterEdaFileId":"62591bfa64a5fc00183091bf","createdAt":"2022-04-18T06:09:55.114Z","__v":2}]