[{"isHighDimensional":false,"usingGPU":false,"tasks":[{"currentPipelineFilename":"eda_pipeline-1650013588.pkl","type":"eda","parentPipelineFilename":null}],"_id":"6259359464a5fc001830924d","fileId":"6259357764a5fc0018309248","dataSetInfo":{"trainSize":60,"devSize":20,"holdoutSize":20,"holdoutFilename":"none","splitDateWise":false},"depVariable":"univ_gpa","algoType":"regression","isMultilabel":false,"paragraphColNames":[],"datetimeColumnName":[],"blankColumn":[],"correctedData":"imputed_dataset-1650013588.csv","imputedDatasetFilepath":"temp_eda-1650013588.csv","outlierPreviewFilepath":"outlier_imputed_dataset-1650013588.csv","indexPath":"indexes-1650013588.pkl","edaSummary":[{"missing":0,"unique":72,"max":4,"median":3.15,"min":2.03,"std":0.51224,"mean":3.07962,"missingProportion":0,"mostlyMissing":false,"colName":"high_gpa","outlierCorrectionStrategy":"Ignore outlier","outlierDetectionStrategy":"Inter-Quartile Range","imputationStrategy":"Mean","isVarTypeChanged":false,"outlierCount":0,"constantFeature":false,"customVarType":"Decimal","dataType":"Decimal","dateComponent":[]},{"missing":0,"unique":59,"max":718,"median":617,"min":516,"std":52.43276,"mean":621.51429,"missingProportion":0,"mostlyMissing":false,"colName":"math_sat","outlierCorrectionStrategy":"Ignore outlier","outlierDetectionStrategy":"Inter-Quartile Range","imputationStrategy":"Median","isVarTypeChanged":false,"outlierCount":0,"constantFeature":false,"customVarType":"Integer","dataType":"Integer","dateComponent":[]},{"missing":0,"unique":68,"max":732,"median":600,"min":480,"std":62.22159,"mean":598.38095,"missingProportion":0,"mostlyMissing":false,"colName":"verb_sat","outlierCorrectionStrategy":"Ignore outlier","outlierDetectionStrategy":"Inter-Quartile Range","imputationStrategy":"Median","isVarTypeChanged":false,"outlierCount":0,"constantFeature":false,"customVarType":"Integer","dataType":"Integer","dateComponent":[]},{"missing":0,"unique":68,"max":4,"median":3.2,"min":2.07,"std":0.48295,"mean":3.14054,"missingProportion":0,"mostlyMissing":false,"colName":"comp_gpa","outlierCorrectionStrategy":"Ignore outlier","outlierDetectionStrategy":"Inter-Quartile Range","imputationStrategy":"Mean","isVarTypeChanged":false,"outlierCount":7,"constantFeature":false,"customVarType":"Decimal","dataType":"Decimal","dateComponent":[]},{"missing":0,"unique":59,"max":3.81,"median":3.28,"min":2.08,"std":0.44473,"mean":3.16788,"missingProportion":0,"mostlyMissing":false,"colName":"univ_gpa","outlierCorrectionStrategy":"Ignore outlier","outlierDetectionStrategy":"Inter-Quartile Range","imputationStrategy":"Mean","isVarTypeChanged":false,"outlierCount":3,"constantFeature":false,"customVarType":"Decimal","dataType":"Decimal","dateComponent":[]}],"edaDuration":"0.20541800000000077","edaMode":"eda","dimReductionFitSize":1,"classNames":null,"createdBy":"6239c25c5c84bb00c656c07c","projectId":"6259354a64a5fc0018309245","createdAt":"2022-04-15T09:06:28.476Z","__v":0}]