[{"fileEncoding":"utf_8","fileSchema":[{"colName":"high_gpa","dataType":"Decimal","originalColName":"high_GPA","isAutoGenerated":false},{"colName":"math_sat","dataType":"Integer","originalColName":"math_SAT","isAutoGenerated":false},{"colName":"verb_sat","dataType":"Integer","originalColName":"verb_SAT","isAutoGenerated":false},{"colName":"comp_gpa","dataType":"Decimal","originalColName":"comp_GPA","isAutoGenerated":false},{"colName":"univ_gpa","dataType":"Decimal","originalColName":"univ_GPA","isAutoGenerated":false}],"descriptiveStatistics":[{"colName":"high_gpa","missing":0,"mean":3.07962,"std":0.51224,"min":2.03,"median":3.15,"max":4,"unique":72},{"colName":"math_sat","missing":0,"mean":621.51429,"std":52.43276,"min":516,"median":617,"max":718,"unique":59},{"colName":"verb_sat","missing":0,"mean":598.38095,"std":62.22159,"min":480,"median":600,"max":732,"unique":68},{"colName":"comp_gpa","missing":0,"mean":3.14054,"std":0.48295,"min":2.07,"median":3.2,"max":4,"unique":68},{"colName":"univ_gpa","missing":0,"mean":3.16788,"std":0.44473,"min":2.08,"median":3.28,"max":3.81,"unique":59}],"tasks":[{"type":"upload","parentPipelineFilename":null,"currentPipelineFilename":null}],"isParent":true,"isDeleted":false,"_id":"6259357764a5fc0018309248","fileSource":"upload","dataGroupId":"6259354a64a5fc0018309246","filename":"upload-Exams-1650013559465.pkl","fileSize":2820,"noOfRows":"105","noOfCols":"5","projectId":"6259354a64a5fc0018309245","createdBy":"6239c25c5c84bb00c656c07c","rawFileName":"upload-Exams-1650013559465.csv","createdAt":"2022-04-15T09:05:59.569Z","updatedAt":"2022-04-15T09:05:59.569Z","__v":0,"currentEdaId":"6259359464a5fc001830924d"}]