[{"_id":"625935bf64a5fc0018309253","createdBy":"6239c25c5c84bb00c656c07c","projectId":"6259354a64a5fc0018309245","trainingId":"625935bf64a5fc0018309250","modelMetaData":{"modelTuning":null,"algoName":"SGD Regression","modelPath":"sgd_regression-1650013631.sav","dev":{"testScore":0.7334287112710173,"losses":[{"name":"Mean Square Error","value":0.08},{"name":"Mean Absolute Error","value":0.2},{"name":"Root Mean Square Error","value":0.28},{"name":"Median Square Error","value":0.17},{"name":"Mean Square Log Error","value":0.01}],"rSquared":0.7165620534553878,"adjustedRsq":0.6457025668192348,"overallScore":0.5851299025390655,"varianceIFactor":0.7502953690866467},"holdout":{"testScore":0.8507570632090782,"losses":[{"name":"Mean Square Error","value":0.03},{"name":"Mean Absolute Error","value":0.13},{"name":"Root Mean Square Error","value":0.16},{"name":"Median Square Error","value":0.1},{"name":"Mean Square Log Error","value":0}],"rSquared":0.8506383956026858,"adjustedRsq":0.8132979945033573,"overallScore":0.6795878953342246,"varianceIFactor":0.8508757308154706},"timeElapsed":0.2196754813194275,"bestParams":{"hpt":[{"name":"loss","data":"squared_error"},{"name":"penalty","data":"l2"},{"name":"alpha","data":0.0001},{"name":"tol","data":0.001},{"name":"l1_ratio","data":0.15},{"name":"shuffle","data":true},{"name":"early_stopping","data":false},{"name":"average","data":false},{"name":"max_iter","data":1000},{"name":"validation_fraction","data":0.1},{"name":"n_iter_no_change","data":5},{"name":"epsilon","data":0.1},{"name":"eta0","data":0.01},{"name":"learning_rate","data":"invscaling"}]},"featureCoefficient":[{"colName":"comp_gpa","coefficient":0.4836},{"colName":"high_gpa","coefficient":0.232},{"colName":"verb_sat","coefficient":0.1476},{"colName":"math_sat","coefficient":0.1149}],"cvData":{"cvScore":-0.08421980187718332,"status":"done"}},"trainPipeFilePath":"task_pipeline-1650013631.pkl","hptPreference":null,"reTrainFileId":null,"isDataSplitted":true,"status":"success","idealPersona":null,"transformedDatasetPath":"transformed_data_dict-1650013631.pkl","edaId":null,"createdAt":"2022-04-15T09:07:11.393Z","__v":0,"validationStrategy":{"metric":"neg_mean_squared_error","technique":"kFold","nSplit":5}},{"_id":"625935bf64a5fc0018309255","createdBy":"6239c25c5c84bb00c656c07c","projectId":"6259354a64a5fc0018309245","trainingId":"625935bf64a5fc0018309250","modelMetaData":{"modelTuning":null,"algoName":"Ridge CV Regression","modelPath":"ridge_cv_regression-1650013631.sav","dev":{"testScore":0.71839436656626,"losses":[{"name":"Mean Square Error","value":0.08},{"name":"Mean Absolute Error","value":0.2},{"name":"Root Mean Square Error","value":0.28},{"name":"Median Square Error","value":0.14},{"name":"Mean Square Log Error","value":0.01}],"rSquared":0.7030094535035757,"adjustedRsq":0.6287618168794696,"overallScore":0.5730819315081,"varianceIFactor":0.7337792796289442},"holdout":{"testScore":0.8470770509432247,"losses":[{"name":"Mean Square Error","value":0.03},{"name":"Mean Absolute Error","value":0.13},{"name":"Root Mean Square Error","value":0.16},{"name":"Median Square Error","value":0.09},{"name":"Mean Square Log Error","value":0}],"rSquared":0.8464912508414375,"adjustedRsq":0.8081140635517969,"overallScore":0.6766388569573794,"varianceIFactor":0.8476628510450119},"timeElapsed":0.2865263819694519,"bestParams":{"hpt":[{"name":"alphas","data":[0.1,1,10]},{"name":"cv","data":null},{"name":"gcv_mode","data":"auto"}]},"featureCoefficient":[{"colName":"comp_gpa","coefficient":0.4703},{"colName":"high_gpa","coefficient":0.2353},{"colName":"verb_sat","coefficient":0.1103},{"colName":"math_sat","coefficient":0.0871}]},"trainPipeFilePath":"task_pipeline-1650013631.pkl","hptPreference":null,"reTrainFileId":null,"isDataSplitted":true,"status":"success","idealPersona":null,"transformedDatasetPath":"transformed_data_dict-1650013631.pkl","edaId":null,"createdAt":"2022-04-15T09:07:11.710Z","__v":0},{"_id":"625935c064a5fc0018309256","createdBy":"6239c25c5c84bb00c656c07c","projectId":"6259354a64a5fc0018309245","trainingId":"625935bf64a5fc0018309250","modelMetaData":{"modelTuning":null,"algoName":"LightGBM Regression","modelPath":"lightgbm_regression-1650013631.sav","dev":{"testScore":0.7357557591209779,"losses":[{"name":"Mean Square Error","value":0.07},{"name":"Mean Absolute Error","value":0.24},{"name":"Root Mean Square Error","value":0.27},{"name":"Median Square Error","value":0.19},{"name":"Mean Square Log Error","value":0.01}],"rSquared":0.7324627168475217,"adjustedRsq":0.6655783960594022,"overallScore":0.5867031979836894,"varianceIFactor":0.7390488013944341},"holdout":{"testScore":0.6209136253515023,"losses":[{"name":"Mean Square Error","value":0.07},{"name":"Mean Absolute Error","value":0.2},{"name":"Root Mean Square Error","value":0.26},{"name":"Median Square Error","value":0.19},{"name":"Mean Square Log Error","value":0}],"rSquared":0.613224004800516,"adjustedRsq":0.516530006000645,"overallScore":0.4951175259787465,"varianceIFactor":0.6286032459024886},"timeElapsed":0.609696090221405,"bestParams":{"hpt":[{"name":"learning_rate","data":0.1},{"name":"boosting_type","data":"gbdt"},{"name":"num_leaves","data":31},{"name":"max_depth","data":1},{"name":"n_estimators","data":100}]},"featureImportance":[{"colName":"comp_gpa","importance":23},{"colName":"high_gpa","importance":11},{"colName":"math_sat","importance":17},{"colName":"verb_sat","importance":49}]},"trainPipeFilePath":"task_pipeline-1650013631.pkl","hptPreference":null,"reTrainFileId":null,"isDataSplitted":true,"status":"success","idealPersona":null,"transformedDatasetPath":"transformed_data_dict-1650013631.pkl","edaId":null,"createdAt":"2022-04-15T09:07:12.041Z","__v":0},{"_id":"6259360064a5fc001830925d","createdBy":"6239c25c5c84bb00c656c07c","projectId":"6259354a64a5fc0018309245","trainingId":"625935ff64a5fc0018309259","modelMetaData":{"modelTuning":null,"algoName":"Ridge CV Regression","modelPath":"ridge_cv_regression-1650013695.sav","dev":{"testScore":0.7226616937387264,"losses":[{"name":"Mean Square Error","value":0.08},{"name":"Mean Absolute Error","value":0.2},{"name":"Root Mean Square Error","value":0.28},{"name":"Median Square Error","value":0.19},{"name":"Mean Square Log Error","value":0.01}],"rSquared":0.7051386607771788,"adjustedRsq":0.6531043067966809,"overallScore":0.5764903837222637,"varianceIFactor":0.7401847267002739},"holdout":{"testScore":0.8336466832159126,"losses":[{"name":"Mean Square Error","value":0.03},{"name":"Mean Absolute Error","value":0.14},{"name":"Root Mean Square Error","value":0.17},{"name":"Median Square Error","value":0.11},{"name":"Mean Square Log Error","value":0}],"rSquared":0.8334914004155223,"adjustedRsq":0.8041075299006144,"overallScore":0.665833229427664,"varianceIFactor":0.8338019660163029},"timeElapsed":0.26702213287353516,"bestParams":{"hpt":[{"name":"alphas","data":[0.1,1,10]},{"name":"cv","data":null},{"name":"gcv_mode","data":"auto"}]},"featureCoefficient":[{"colName":"comp_gpa","coefficient":0.5066},{"colName":"high_gpa","coefficient":0.2103},{"colName":"math_sat","coefficient":0.0007}],"cvData":{"cvScore":-0.13057937211040746,"status":"done"}},"trainPipeFilePath":"task_pipeline-1650013695.pkl","hptPreference":null,"reTrainFileId":null,"isDataSplitted":true,"status":"success","idealPersona":null,"transformedDatasetPath":"transformed_data_dict-1650013695.pkl","edaId":null,"createdAt":"2022-04-15T09:08:16.148Z","__v":0,"validationStrategy":{"metric":"neg_mean_squared_error","technique":"kFold","nSplit":5}},{"_id":"6259360064a5fc001830925e","createdBy":"6239c25c5c84bb00c656c07c","projectId":"6259354a64a5fc0018309245","trainingId":"625935ff64a5fc0018309259","modelMetaData":{"modelTuning":null,"algoName":"Kernel Ridge Regression","modelPath":"kernel_ridge_regression-1650013695.sav","dev":{"testScore":0.7469815587179389,"losses":[{"name":"Mean Square Error","value":0.07000000029802322},{"name":"Mean Absolute Error","value":0.20000000298023224},{"name":"Root Mean Square Error","value":0.25999999046325684},{"name":"Median Square Error","value":0.15000000596046448},{"name":"Mean Square Log Error","value":0}],"rSquared":0.746850843265956,"adjustedRsq":0.7021774626658306,"overallScore":0.5959951896013043,"varianceIFactor":0.7471122741699219},"holdout":{"testScore":0.8048911821759475,"losses":[{"name":"Mean Square Error","value":0.03999999910593033},{"name":"Mean Absolute Error","value":0.15000000596046448},{"name":"Root Mean Square Error","value":0.1899999976158142},{"name":"Median Square Error","value":0.14000000059604645},{"name":"Mean Square Log Error","value":0}],"rSquared":0.7913116478754545,"adjustedRsq":0.7544842916181818,"overallScore":0.6426900476151096,"varianceIFactor":0.8184707164764404},"timeElapsed":0.5806281566619873,"bestParams":{"hpt":[{"name":"alpha","data":1},{"name":"gamma","data":null},{"name":"degree","data":3},{"name":"coef0","data":1},{"name":"kernel","data":"linear"}]}},"trainPipeFilePath":"task_pipeline-1650013695.pkl","hptPreference":null,"reTrainFileId":null,"isDataSplitted":true,"status":"success","idealPersona":null,"transformedDatasetPath":"transformed_data_dict-1650013695.pkl","edaId":null,"createdAt":"2022-04-15T09:08:16.209Z","__v":0},{"_id":"6259360264a5fc001830925f","createdBy":"6239c25c5c84bb00c656c07c","projectId":"6259354a64a5fc0018309245","trainingId":"625935ff64a5fc0018309259","modelMetaData":{"modelTuning":null,"algoName":"LightGBM Regression","modelPath":"lightgbm_regression-1650013698.sav","dev":{"testScore":0.7184505433226503,"losses":[{"name":"Mean Square Error","value":0.08},{"name":"Mean Absolute Error","value":0.24},{"name":"Root Mean Square Error","value":0.28},{"name":"Median Square Error","value":0.19},{"name":"Mean Square Log Error","value":0.01}],"rSquared":0.7145966685896941,"adjustedRsq":0.6642313748114048,"overallScore":0.5728463778131728,"varianceIFactor":0.7223044180556066},"holdout":{"testScore":0.6214340161130991,"losses":[{"name":"Mean Square Error","value":0.06},{"name":"Mean Absolute Error","value":0.2},{"name":"Root Mean Square Error","value":0.25},{"name":"Median Square Error","value":0.16},{"name":"Mean Square Log Error","value":0}],"rSquared":0.6180756351675888,"adjustedRsq":0.5506772178442221,"overallScore":0.49551113391331225,"varianceIFactor":0.6247923970586093},"timeElapsed":0.22536063194274902,"bestParams":{"hpt":[{"name":"learning_rate","data":0.1},{"name":"boosting_type","data":"gbdt"},{"name":"num_leaves","data":31},{"name":"max_depth","data":1},{"name":"n_estimators","data":100}]},"featureImportance":[{"colName":"comp_gpa","importance":73},{"colName":"high_gpa","importance":15},{"colName":"math_sat","importance":12}]},"trainPipeFilePath":"task_pipeline-1650013695.pkl","hptPreference":null,"reTrainFileId":null,"isDataSplitted":true,"status":"success","idealPersona":null,"transformedDatasetPath":"transformed_data_dict-1650013695.pkl","edaId":null,"createdAt":"2022-04-15T09:08:18.890Z","__v":0},{"_id":"625cff8fc73e7b0023477b0d","createdBy":"6239c25c5c84bb00c656c07c","projectId":"6259354a64a5fc0018309245","trainingId":"625cff8fc73e7b0023477b0b","modelMetaData":{"modelTuning":null,"algoName":"Linear Regression","modelPath":"linear_regression-1650261903.sav","dev":{"testScore":0.7308168190088844,"losses":[{"name":"Mean Square Error","value":0.08},{"name":"Mean Absolute Error","value":0.2},{"name":"Root Mean Square Error","value":0.28},{"name":"Median Square Error","value":0.15},{"name":"Mean Square Log Error","value":0.01}],"rSquared":0.7129782254059653,"adjustedRsq":0.6412227817574567,"overallScore":0.5830409602378577,"varianceIFactor":0.7486554126118035},"holdout":{"testScore":0.8766147772205676,"losses":[{"name":"Mean Square Error","value":0.02},{"name":"Mean Absolute Error","value":0.12},{"name":"Root Mean Square Error","value":0.14},{"name":"Median Square Error","value":0.09},{"name":"Mean Square Log Error","value":0}],"rSquared":0.8765321695031558,"adjustedRsq":0.8456652118789447,"overallScore":0.7003449673185626,"varianceIFactor":0.8766973849379793},"timeElapsed":0.24788538614908853,"bestParams":{"hpt":[{"name":"positive","data":false}]},"featureCoefficient":[{"colName":"comp_gpa","coefficient":0.54},{"colName":"high_gpa","coefficient":0.3014},{"colName":"verb_sat","coefficient":0.0968},{"colName":"math_sat","coefficient":-0.0047}]},"trainPipeFilePath":"task_pipeline-1650261903.pkl","hptPreference":null,"reTrainFileId":null,"isDataSplitted":true,"status":"success","idealPersona":null,"transformedDatasetPath":"transformed_data_dict-1650261903.pkl","edaId":null,"createdAt":"2022-04-18T06:05:03.604Z","__v":0},{"_id":"625cff8fc73e7b0023477b0e","createdBy":"6239c25c5c84bb00c656c07c","projectId":"6259354a64a5fc0018309245","trainingId":"625cff8fc73e7b0023477b0b","modelMetaData":{"modelTuning":null,"algoName":"Random Forest Regression","modelPath":"random_forest_regression-1650261903.sav","dev":{"testScore":0.7457378466648905,"losses":[{"name":"Mean Square Error","value":0.07},{"name":"Mean Absolute Error","value":0.2},{"name":"Root Mean Square Error","value":0.26},{"name":"Median Square Error","value":0.14},{"name":"Mean Square Log Error","value":0}],"rSquared":0.7422177638180895,"adjustedRsq":0.6777722047726118,"overallScore":0.5949807535223886,"varianceIFactor":0.7492579295116917},"holdout":{"testScore":0.7571751544961967,"losses":[{"name":"Mean Square Error","value":0.04},{"name":"Mean Absolute Error","value":0.16},{"name":"Root Mean Square Error","value":0.2},{"name":"Median Square Error","value":0.11},{"name":"Mean Square Log Error","value":0}],"rSquared":0.753261787764871,"adjustedRsq":0.6915772347060887,"overallScore":0.604436463565684,"varianceIFactor":0.7610885212275224},"timeElapsed":0.26256124178568524,"bestParams":{"hpt":[{"name":"n_estimators","data":10},{"name":"criterion","data":"squared_error"},{"name":"max_depth","data":null},{"name":"min_samples_split","data":2},{"name":"min_samples_leaf","data":1},{"name":"min_weight_fraction_leaf","data":0},{"name":"max_features","data":"auto"},{"name":"max_leaf_nodes","data":null},{"name":"min_impurity_decrease","data":0}]},"featureImportance":[{"colName":"comp_gpa","importance":0.4299},{"colName":"high_gpa","importance":0.2568},{"colName":"math_sat","importance":0.2379},{"colName":"verb_sat","importance":0.0754}]},"trainPipeFilePath":"task_pipeline-1650261903.pkl","hptPreference":null,"reTrainFileId":null,"isDataSplitted":true,"status":"success","idealPersona":null,"transformedDatasetPath":"transformed_data_dict-1650261903.pkl","edaId":null,"createdAt":"2022-04-18T06:05:03.622Z","__v":0},{"_id":"625cff8fc73e7b0023477b10","createdBy":"6239c25c5c84bb00c656c07c","projectId":"6259354a64a5fc0018309245","trainingId":"625cff8fc73e7b0023477b0b","modelMetaData":{"modelTuning":null,"algoName":"XGBoost Regression","modelPath":"xgboost_regression-1650261903.sav","dev":{"testScore":0.6618415842673513,"losses":[{"name":"Mean Square Error","value":0.09000000357627869},{"name":"Mean Absolute Error","value":0.2199999988079071},{"name":"Root Mean Square Error","value":0.30000001192092896},{"name":"Median Square Error","value":0.12999999523162842},{"name":"Mean Square Log Error","value":0.009999999776482582}],"rSquared":0.661807741765446,"adjustedRsq":0.5772596772068075,"overallScore":0.527745990969446,"varianceIFactor":0.6618754267692566},"holdout":{"testScore":0.7748986172497809,"losses":[{"name":"Mean Square Error","value":0.03999999910593033},{"name":"Mean Absolute Error","value":0.14000000059604645},{"name":"Root Mean Square Error","value":0.20000000298023224},{"name":"Median Square Error","value":0.10999999940395355},{"name":"Mean Square Log Error","value":0}],"rSquared":0.7606136178613784,"adjustedRsq":0.7007670223267229,"overallScore":0.618817290649457,"varianceIFactor":0.7891836166381836},"timeElapsed":0.30612651507059735,"bestParams":{"hpt":[{"name":"max_depth","data":3},{"name":"learning_rate","data":0.1},{"name":"n_estimators","data":100},{"name":"colsample_bytree","data":1},{"name":"gamma","data":0},{"name":"subsample","data":1},{"name":"reg_alpha","data":0},{"name":"scale_pos_weight","data":1}]},"featureImportance":[{"colName":"comp_gpa","importance":0.519599974155426},{"colName":"high_gpa","importance":0.19509999454021454},{"colName":"math_sat","importance":0.2551000118255615},{"colName":"verb_sat","importance":0.03020000085234642}]},"trainPipeFilePath":"task_pipeline-1650261903.pkl","hptPreference":null,"reTrainFileId":null,"isDataSplitted":true,"status":"success","idealPersona":null,"transformedDatasetPath":"transformed_data_dict-1650261903.pkl","edaId":null,"createdAt":"2022-04-18T06:05:03.957Z","__v":0}]