[{"sampling":"none","dropOriginal":false,"_id":"625cff8fc73e7b0023477b0b","targetType":"Continuous","originalFileId":"6259357764a5fc0018309248","depVariable":"univ_gpa","indepVariable":[{"colName":"high_gpa"},{"colName":"math_sat"},{"colName":"verb_sat"},{"colName":"comp_gpa"}],"algorithms":["Linear Regression","Random Forest Regression","XGBoost Regression"],"algoType":"regression","isMultilabel":false,"edaId":"6259359464a5fc001830924d","problemType":"predictive_modeling","autoFeatureGenTasks":null,"ordinalEncoderMap":[],"classNames":null,"predictiveModelingInfo":{"featuresToTransform":[],"applyToTarget":true,"decomposition":"none","components":2,"featureSelectionMethod":"none","scoringFunction":"none","featurePercentage":70,"nFeaturesToSelect":70,"step":"none","customFeatures":[],"featureScaling":"robust_scaler","normalizationMethod":"none","featureSelectionEstimator":"none","featureSelectionStep":"none","featureSelectionCV":"none"},"nlpConfigs":[],"createdBy":"6239c25c5c84bb00c656c07c","projectId":"6259354a64a5fc0018309245","fileEncoding":"utf_8","name":"Model : Exam Score","metaInfo":{"fileName":"upload-Exams-1650013559465.pkl"},"noOfFeatures":4,"afterEdaFileId":"6259357764a5fc0018309248","createdAt":"2022-04-18T06:05:03.274Z","__v":0}]