[{"_id":"6258fa6a03e6935913f5a996","projectId":"6258fa6a03e6935913f5a994","userId":"6200b98e095f6011bdade607","level":"info","message":"project directory created","createdAt":"2022-04-15T04:54:02.846Z","__v":0},{"_id":"6258fa7503e6935913f5a99b","projectId":"6258fa6a03e6935913f5a994","userId":"6200b98e095f6011bdade607","level":"info","message":"auto Eda started","createdAt":"2022-04-15T04:54:13.645Z","__v":0},{"_id":"6258fa7503e6935913f5a99a","projectId":"6258fa6a03e6935913f5a994","userId":"6200b98e095f6011bdade607","level":"error","message":"Initialized eda progress.","createdAt":"2022-04-15T04:54:13.644Z","__v":0},{"_id":"6258fa7503e6935913f5a99d","projectId":"6258fa6a03e6935913f5a994","userId":"6200b98e095f6011bdade607","level":"info","message":"eda eda completed and data saved to database","createdAt":"2022-04-15T04:54:13.912Z","__v":0},{"_id":"6258fa7803e6935913f5a99e","projectId":"6258fa6a03e6935913f5a994","userId":"6200b98e095f6011bdade607","level":"info","message":"Listing models","createdAt":"2022-04-15T04:54:16.510Z","__v":0},{"_id":"6258fa9003e6935913f5a9a0","projectId":"6258fa6a03e6935913f5a994","userId":"6200b98e095f6011bdade607","level":"info","message":"Listing models","createdAt":"2022-04-15T04:54:40.815Z","__v":0},{"_id":"6258faac03e6935913f5a9a2","projectId":"6258fa6a03e6935913f5a994","userId":"6200b98e095f6011bdade607","level":"info","message":"Training started","createdAt":"2022-04-15T04:55:08.724Z","__v":0},{"_id":"6258faad03e6935913f5a9a4","projectId":"6258fa6a03e6935913f5a994","userId":"6200b98e095f6011bdade607","level":"info","message":"Listing trainings","createdAt":"2022-04-15T04:55:09.295Z","__v":0},{"_id":"6258fb0f03e6935913f5a9a8","projectId":"6258fa6a03e6935913f5a994","userId":"6200b98e095f6011bdade607","level":"info","message":"Listing trainings","createdAt":"2022-04-15T04:56:47.673Z","__v":0},{"_id":"6258fb8f03e6935913f5a9a9","projectId":"6258fa6a03e6935913f5a994","userId":"6200b98e095f6011bdade607","level":"info","message":"Listing trainings","createdAt":"2022-04-15T04:58:55.400Z","__v":0},{"_id":"6258fbba03e6935913f5a9aa","projectId":"6258fa6a03e6935913f5a994","userId":"6200b98e095f6011bdade607","level":"info","message":"Listing trainings","createdAt":"2022-04-15T04:59:38.865Z","__v":0},{"_id":"6258fbbd03e6935913f5a9ab","projectId":"6258fa6a03e6935913f5a994","userId":"6200b98e095f6011bdade607","level":"info","message":"Listing models","createdAt":"2022-04-15T04:59:41.549Z","__v":0},{"_id":"6258fbca03e6935913f5a9ac","projectId":"6258fa6a03e6935913f5a994","userId":"6200b98e095f6011bdade607","level":"info","message":"Listing models","createdAt":"2022-04-15T04:59:54.384Z","__v":0}]