[{"isHighDimensional":false,"usingGPU":false,"tasks":[{"currentPipelineFilename":"eda_pipeline-1649998453.pkl","type":"eda","parentPipelineFilename":null}],"_id":"6258fa7503e6935913f5a99c","fileId":"6258fa6f03e6935913f5a997","dataSetInfo":{"trainSize":0,"devSize":null,"holdoutSize":0,"holdoutFilename":"none","splitDateWise":false},"paragraphColNames":[],"datetimeColumnName":[],"blankColumn":[],"correctedData":"imputed_dataset-1649998453.csv","imputedDatasetFilepath":"temp_eda-1649998453.csv","outlierPreviewFilepath":"outlier_imputed_dataset-1649998453.csv","edaSummary":[{"missing":0,"unique":200,"max":200,"median":100.5,"min":1,"std":57.87918,"mean":100.5,"missingProportion":0,"mostlyMissing":false,"colName":"customerid","outlierCorrectionStrategy":"Ignore outlier","outlierDetectionStrategy":"Inter-Quartile Range","imputationStrategy":"Median","isVarTypeChanged":false,"outlierCount":0,"constantFeature":false,"customVarType":"Integer","dataType":"Integer","dateComponent":[]},{"missing":0,"unique":2,"max":"","median":"","min":"","std":"","mean":"","missingProportion":0,"mostlyMissing":false,"colName":"gender","outlierCorrectionStrategy":"","outlierDetectionStrategy":"","imputationStrategy":"Mode","isVarTypeChanged":false,"outlierCount":"","constantFeature":false,"customVarType":"Categorical","dataType":"Categorical","dateComponent":[]},{"missing":0,"unique":51,"max":70,"median":36,"min":18,"std":13.96901,"mean":38.85,"missingProportion":0,"mostlyMissing":false,"colName":"age","outlierCorrectionStrategy":"Ignore outlier","outlierDetectionStrategy":"Inter-Quartile Range","imputationStrategy":"Median","isVarTypeChanged":false,"outlierCount":0,"constantFeature":false,"customVarType":"Integer","dataType":"Integer","dateComponent":[]},{"missing":0,"unique":64,"max":137,"median":61.5,"min":15,"std":26.26472,"mean":60.56,"missingProportion":0,"mostlyMissing":false,"colName":"annual_income_(k$)","outlierCorrectionStrategy":"Ignore outlier","outlierDetectionStrategy":"Inter-Quartile Range","imputationStrategy":"Median","isVarTypeChanged":false,"outlierCount":2,"constantFeature":false,"customVarType":"Integer","dataType":"Integer","dateComponent":[]},{"missing":0,"unique":84,"max":99,"median":50,"min":1,"std":25.82352,"mean":50.2,"missingProportion":0,"mostlyMissing":false,"colName":"spending_score_(1-100)","outlierCorrectionStrategy":"Ignore outlier","outlierDetectionStrategy":"Inter-Quartile Range","imputationStrategy":"Median","isVarTypeChanged":false,"outlierCount":0,"constantFeature":false,"customVarType":"Integer","dataType":"Integer","dateComponent":[]}],"edaDuration":"0.20932600000000012","edaMode":"eda","dimReductionFitSize":1,"classNames":null,"createdBy":"6200b98e095f6011bdade607","projectId":"6258fa6a03e6935913f5a994","createdAt":"2022-04-15T04:54:13.907Z","__v":0}]