[{"fileEncoding":"utf_8","fileSchema":[{"colName":"customerid","dataType":"Integer","originalColName":"CustomerID","isAutoGenerated":false},{"colName":"gender","dataType":"Categorical","originalColName":"Gender","isAutoGenerated":false},{"colName":"age","dataType":"Integer","originalColName":"Age","isAutoGenerated":false},{"colName":"annual_income_(k$)","dataType":"Integer","originalColName":"Annual Income (k$)","isAutoGenerated":false},{"colName":"spending_score_(1-100)","dataType":"Integer","originalColName":"Spending Score (1-100)","isAutoGenerated":false}],"descriptiveStatistics":[{"colName":"age","missing":0,"mean":38.85,"std":13.96901,"min":18,"median":36,"max":70,"unique":51},{"colName":"annual_income_(k$)","missing":0,"mean":60.56,"std":26.26472,"min":15,"median":61.5,"max":137,"unique":64},{"colName":"customerid","missing":0,"mean":100.5,"std":57.87918,"min":1,"median":100.5,"max":200,"unique":200},{"colName":"gender","missing":0,"mean":"","std":"","min":"","median":"","max":"","unique":2},{"colName":"spending_score_(1-100)","missing":0,"mean":50.2,"std":25.82352,"min":1,"median":50,"max":99,"unique":84}],"tasks":[{"type":"upload","parentPipelineFilename":null,"currentPipelineFilename":null}],"isParent":true,"isDeleted":false,"_id":"6258fa6f03e6935913f5a997","fileSource":"upload","dataGroupId":"6258fa6a03e6935913f5a995","filename":"upload-Customer_segmentation-1649998446919.pkl","fileSize":2343,"noOfRows":"200","noOfCols":"5","projectId":"6258fa6a03e6935913f5a994","createdBy":"6200b98e095f6011bdade607","rawFileName":"upload-Customer_segmentation-1649998446919.csv","createdAt":"2022-04-15T04:54:07.055Z","updatedAt":"2022-04-15T04:54:07.055Z","__v":0,"currentEdaId":"6258fa7503e6935913f5a99c"}]