[{"_id":"6258faad03e6935913f5a9a3","createdBy":"6200b98e095f6011bdade607","projectId":"6258fa6a03e6935913f5a994","trainingId":"6258faac03e6935913f5a9a1","hptPreference":null,"transformedDatasetPath":"transformed_data_dict-1649998508.pkl","modelMetaData":{"algoName":"DBSCAN","timeElapsed":0.20924178759256998,"modelPath":"DBSCAN-1649998508.sav","clusteringMetricesScore":[],"treeModelOutput":[],"featureImportance":[],"analysisInfo":[],"clusterStats":[],"errorMsg":"Set appropriate eps and min_samples values for better model performance"},"trainPipeFilePath":"task_pipeline-1649998508.pkl","status":"success","createdAt":"2022-04-15T04:55:09.059Z","__v":0},{"_id":"6258faad03e6935913f5a9a5","createdBy":"6200b98e095f6011bdade607","projectId":"6258fa6a03e6935913f5a994","trainingId":"6258faac03e6935913f5a9a1","hptPreference":null,"transformedDatasetPath":"transformed_data_dict-1649998508.pkl","modelMetaData":{"algoName":"Agglomerative","timeElapsed":0.3257254759470622,"modelPath":"Agglomerative-1649998509.pkl","clusteringMetricesScore":{"silhouetteScore":0.38,"daviesBouldinScore":0.86,"calinskiHarabaszScore":111.39},"treeModelOutput":{"decision_tree_path":"decision_tree_classification_agglomerative-1649998509.sav","transformed_independents":["age","annual_income_(k$)","gender=Female","gender=Male","spending_score_(1-100)"]},"featureImportance":[{"colName":"age","importance":0},{"colName":"annual_income_(k$)","importance":0.4932},{"colName":"gender=Female","importance":0},{"colName":"gender=Male","importance":0},{"colName":"spending_score_(1-100)","importance":0.5068}],"analysisInfo":[{"clusterId":"cluster_0","clusterName":"Low_income","samplePercentage":63,"rules":["annual_income_(k$) is 25.97 % lower than overall dataset","gender=Male has a 9.81 % decrease in count in the cluster","gender=Female has a 7.71 % increase in count in the cluster"]},{"clusterId":"cluster_1","clusterName":"Low_spend_big_income","samplePercentage":17.5,"rules":["spending_score_(1-100) is 65.57 % lower than overall dataset","annual_income_(k$) is 45.69 % greater than overall dataset","gender=Male has a 29.87 % increase in count in the cluster"]},{"clusterId":"cluster_2","clusterName":"Big_spend_big_income","samplePercentage":19.5,"rules":["spending_score_(1-100) is 63.6 % greater than overall dataset","annual_income_(k$) is 42.9 % greater than overall dataset","age is 15.85 % lower than overall dataset"]}],"clusterStats":"cluster_statistics-agglomerative-1649998509.pkl","errorMsg":null,"clusteringGraphType":"scatter"},"trainPipeFilePath":"task_pipeline-1649998508.pkl","status":"success","createdAt":"2022-04-15T04:55:09.637Z","__v":0},{"_id":"6258faad03e6935913f5a9a6","createdBy":"6200b98e095f6011bdade607","projectId":"6258fa6a03e6935913f5a994","trainingId":"6258faac03e6935913f5a9a1","hptPreference":null,"transformedDatasetPath":"transformed_data_dict-1649998508.pkl","modelMetaData":{"algoName":"KMeans","timeElapsed":0.7757975260416666,"modelPath":"KMeans-1649998508.pkl","clusteringMetricesScore":{"silhouetteScore":0.44,"daviesBouldinScore":0.82,"calinskiHarabaszScore":150.85},"treeModelOutput":{"decision_tree_path":"decision_tree_classification_kmeans-1649998509.sav","transformed_independents":["age","annual_income_(k$)","gender=Female","gender=Male","spending_score_(1-100)"]},"featureImportance":[{"colName":"age","importance":0},{"colName":"annual_income_(k$)","importance":0.5},{"colName":"gender=Female","importance":0},{"colName":"gender=Male","importance":0},{"colName":"spending_score_(1-100)","importance":0.5}],"analysisInfo":[{"clusterId":"cluster_0","clusterName":"Low_spend_low_income","samplePercentage":11.5,"rules":["spending_score_(1-100) is 58.34 % lower than overall dataset","annual_income_(k$) is 56.56 % lower than overall dataset","age is 16.39 % greater than overall dataset"]},{"clusterId":"cluster_1","clusterName":"Big_spend_big_income","samplePercentage":19.5,"rules":["spending_score_(1-100) is 63.6 % greater than overall dataset","annual_income_(k$) is 42.9 % greater than overall dataset","age is 15.85 % lower than overall dataset"]},{"clusterId":"cluster_2","clusterName":"Average","samplePercentage":39.5,"rules":["age is 10.91 % greater than overall dataset","annual_income_(k$) is 8.7 % lower than overall dataset","gender=Male has a 5.06 % decrease in count in the cluster"]},{"clusterId":"cluster_3","clusterName":"Low_spend_big_income","samplePercentage":18,"rules":["spending_score_(1-100) is 64.97 % lower than overall dataset","annual_income_(k$) is 44.9 % greater than overall dataset","gender=Male has a 19.95 % increase in count in the cluster"]},{"clusterId":"cluster_4","clusterName":"Low_income_big_spend","samplePercentage":11.5,"rules":["annual_income_(k$) is 56.56 % lower than overall dataset","spending_score_(1-100) is 56.5 % greater than overall dataset","age is 34.31 % lower than overall dataset"]}],"clusterStats":"cluster_statistics-kmeans-1649998509.pkl","errorMsg":null,"clusteringGraphType":"scatter"},"trainPipeFilePath":"task_pipeline-1649998508.pkl","status":"success","createdAt":"2022-04-15T04:55:09.820Z","__v":0}]