[{"sampling":null,"dropOriginal":false,"_id":"6258faac03e6935913f5a9a1","originalFileId":"6258fa6f03e6935913f5a997","algorithms":["KMeans","DBSCAN","Agglomerative"],"algoType":"clustering","edaId":"6258fa7503e6935913f5a99c","indepVariable":[{"colName":"gender"},{"colName":"age"},{"colName":"annual_income_(k$)"},{"colName":"spending_score_(1-100)"}],"problemType":"clustering","categoricalEncoders":{"gender":"Binary encoder"},"ordinalEncoderMap":[],"classNames":null,"clusteringInfo":{"featuresToTransform":[],"normalizationMethod":"none","decomposition":"none","clusters":{"KMeans":5,"Agglomerative":3},"components":2,"numericFeatures":[{"missing":0,"unique":200,"max":200,"median":100.5,"min":1,"std":57.87918,"mean":100.5,"missingProportion":0,"mostlyMissing":false,"colName":"customerid","outlierCorrectionStrategy":"Ignore outlier","outlierDetectionStrategy":"Inter-Quartile Range","imputationStrategy":"Median","isVarTypeChanged":false,"outlierCount":0,"constantFeature":false,"customVarType":"Integer","dataType":"Integer","dateComponent":[],"encoder":"Binary encoder"},{"missing":0,"unique":51,"max":70,"median":36,"min":18,"std":13.96901,"mean":38.85,"missingProportion":0,"mostlyMissing":false,"colName":"age","outlierCorrectionStrategy":"Ignore outlier","outlierDetectionStrategy":"Inter-Quartile Range","imputationStrategy":"Median","isVarTypeChanged":false,"outlierCount":0,"constantFeature":false,"customVarType":"Integer","dataType":"Integer","dateComponent":[],"encoder":"Binary encoder"},{"missing":0,"unique":64,"max":137,"median":61.5,"min":15,"std":26.26472,"mean":60.56,"missingProportion":0,"mostlyMissing":false,"colName":"annual_income_(k$)","outlierCorrectionStrategy":"Ignore outlier","outlierDetectionStrategy":"Inter-Quartile Range","imputationStrategy":"Median","isVarTypeChanged":false,"outlierCount":2,"constantFeature":false,"customVarType":"Integer","dataType":"Integer","dateComponent":[],"encoder":"Binary encoder"},{"missing":0,"unique":84,"max":99,"median":50,"min":1,"std":25.82352,"mean":50.2,"missingProportion":0,"mostlyMissing":false,"colName":"spending_score_(1-100)","outlierCorrectionStrategy":"Ignore outlier","outlierDetectionStrategy":"Inter-Quartile Range","imputationStrategy":"Median","isVarTypeChanged":false,"outlierCount":0,"constantFeature":false,"customVarType":"Integer","dataType":"Integer","dateComponent":[],"encoder":"Binary encoder"}],"featureScaling":"none"},"nlpConfigs":[],"createdBy":"6200b98e095f6011bdade607","projectId":"6258fa6a03e6935913f5a994","fileEncoding":"utf_8","name":"Model : Mall Customer segmentation","metaInfo":{"fileName":"upload-Customer_segmentation-1649998446919.pkl"},"afterEdaFileId":"6258fa7503e6935913f5a99c","noOfFeatures":4,"createdAt":"2022-04-15T04:55:08.722Z","__v":0}]