[{"_id":"625937ec64a5fc00183092a4","projectId":"625937ec64a5fc00183092a2","userId":"6239c25c5c84bb00c656c07c","level":"info","message":"project directory created","createdAt":"2022-04-15T09:16:28.789Z","__v":0},{"_id":"6259382f64a5fc00183092a8","projectId":"625937ec64a5fc00183092a2","userId":"6239c25c5c84bb00c656c07c","level":"error","message":"Initialized eda progress.","createdAt":"2022-04-15T09:17:35.185Z","__v":0},{"_id":"6259382f64a5fc00183092a9","projectId":"625937ec64a5fc00183092a2","userId":"6239c25c5c84bb00c656c07c","level":"info","message":"auto Eda started","createdAt":"2022-04-15T09:17:35.185Z","__v":0},{"_id":"6259382f64a5fc00183092ab","projectId":"625937ec64a5fc00183092a2","userId":"6239c25c5c84bb00c656c07c","level":"info","message":"eda eda completed and data saved to database","createdAt":"2022-04-15T09:17:35.430Z","__v":0},{"_id":"6259383164a5fc00183092ac","projectId":"625937ec64a5fc00183092a2","userId":"6239c25c5c84bb00c656c07c","level":"info","message":"Listing models","createdAt":"2022-04-15T09:17:37.739Z","__v":0},{"_id":"6259385d64a5fc00183092ae","projectId":"625937ec64a5fc00183092a2","userId":"6239c25c5c84bb00c656c07c","level":"info","message":"Training started","createdAt":"2022-04-15T09:18:21.496Z","__v":0},{"_id":"6259385d64a5fc00183092b1","projectId":"625937ec64a5fc00183092a2","userId":"6239c25c5c84bb00c656c07c","level":"info","message":"Listing trainings","createdAt":"2022-04-15T09:18:21.974Z","__v":0},{"_id":"6259386064a5fc00183092b4","projectId":"625937ec64a5fc00183092a2","userId":"6239c25c5c84bb00c656c07c","level":"info","message":"Listing trainings","createdAt":"2022-04-15T09:18:24.265Z","__v":0},{"_id":"625938ce64a5fc00183092b5","projectId":"625937ec64a5fc00183092a2","userId":"6239c25c5c84bb00c656c07c","level":"info","message":"Listing trainings","createdAt":"2022-04-15T09:20:14.430Z","__v":0},{"_id":"625938f164a5fc00183092b6","projectId":"625937ec64a5fc00183092a2","userId":"6239c25c5c84bb00c656c07c","level":"info","message":"Listing trainings","createdAt":"2022-04-15T09:20:49.598Z","__v":0},{"_id":"6259391664a5fc00183092b7","projectId":"625937ec64a5fc00183092a2","userId":"6239c25c5c84bb00c656c07c","level":"info","message":"Listing trainings","createdAt":"2022-04-15T09:21:26.536Z","__v":0},{"_id":"6259391f64a5fc00183092b8","projectId":"625937ec64a5fc00183092a2","userId":"6239c25c5c84bb00c656c07c","level":"info","message":"Listing trainings","createdAt":"2022-04-15T09:21:35.211Z","__v":0},{"_id":"6259393b64a5fc00183092b9","projectId":"625937ec64a5fc00183092a2","userId":"6239c25c5c84bb00c656c07c","level":"info","message":"Listing models","createdAt":"2022-04-15T09:22:03.448Z","__v":0},{"_id":"6259394764a5fc00183092bb","projectId":"625937ec64a5fc00183092a2","userId":"6239c25c5c84bb00c656c07c","level":"info","message":"Training started","createdAt":"2022-04-15T09:22:15.777Z","__v":0},{"_id":"6259394864a5fc00183092be","projectId":"625937ec64a5fc00183092a2","userId":"6239c25c5c84bb00c656c07c","level":"info","message":"Listing trainings","createdAt":"2022-04-15T09:22:16.324Z","__v":0},{"_id":"6259394864a5fc00183092bf","projectId":"625937ec64a5fc00183092a2","userId":"6239c25c5c84bb00c656c07c","level":"info","message":"Listing trainings","createdAt":"2022-04-15T09:22:16.347Z","__v":0},{"_id":"6259395b64a5fc00183092c4","projectId":"625937ec64a5fc00183092a2","userId":"6239c25c5c84bb00c656c07c","level":"info","message":"Listing trainings","createdAt":"2022-04-15T09:22:35.637Z","__v":0},{"_id":"6259397164a5fc00183092c5","projectId":"625937ec64a5fc00183092a2","userId":"6239c25c5c84bb00c656c07c","level":"info","message":"Training data removed","createdAt":"2022-04-15T09:22:57.354Z","__v":0},{"_id":"625cf9d0c73e7b0023477aec","projectId":"625937ec64a5fc00183092a2","userId":"6239c25c5c84bb00c656c07c","level":"info","message":"Listing trainings","createdAt":"2022-04-18T05:40:32.376Z","__v":0},{"_id":"625cf9dec73e7b0023477aed","projectId":"625937ec64a5fc00183092a2","userId":"6239c25c5c84bb00c656c07c","level":"info","message":"Model data removed","createdAt":"2022-04-18T05:40:46.400Z","__v":0},{"_id":"625cf9e0c73e7b0023477aee","projectId":"625937ec64a5fc00183092a2","userId":"6239c25c5c84bb00c656c07c","level":"info","message":"Model data removed","createdAt":"2022-04-18T05:40:48.896Z","__v":0},{"_id":"625cf9e5c73e7b0023477aef","projectId":"625937ec64a5fc00183092a2","userId":"6239c25c5c84bb00c656c07c","level":"info","message":"Model data removed","createdAt":"2022-04-18T05:40:53.812Z","__v":0},{"_id":"625cf9f0c73e7b0023477af0","projectId":"625937ec64a5fc00183092a2","userId":"6239c25c5c84bb00c656c07c","level":"info","message":"Model data removed","createdAt":"2022-04-18T05:41:04.797Z","__v":0},{"_id":"625cfec1c73e7b0023477af1","projectId":"625937ec64a5fc00183092a2","userId":"6239c25c5c84bb00c656c07c","level":"info","message":"Listing models","createdAt":"2022-04-18T06:01:37.481Z","__v":0},{"_id":"625cfedfc73e7b0023477af3","projectId":"625937ec64a5fc00183092a2","userId":"6239c25c5c84bb00c656c07c","level":"info","message":"Training started","createdAt":"2022-04-18T06:02:07.978Z","__v":0},{"_id":"625cfee0c73e7b0023477af6","projectId":"625937ec64a5fc00183092a2","userId":"6239c25c5c84bb00c656c07c","level":"info","message":"Listing trainings","createdAt":"2022-04-18T06:02:08.763Z","__v":0},{"_id":"625cfee3c73e7b0023477af9","projectId":"625937ec64a5fc00183092a2","userId":"6239c25c5c84bb00c656c07c","level":"info","message":"Listing trainings","createdAt":"2022-04-18T06:02:11.448Z","__v":0},{"_id":"625cff0fc73e7b0023477afa","projectId":"625937ec64a5fc00183092a2","userId":"6239c25c5c84bb00c656c07c","level":"info","message":"Listing models","createdAt":"2022-04-18T06:02:55.664Z","__v":0},{"_id":"625cff11c73e7b0023477afb","projectId":"625937ec64a5fc00183092a2","userId":"6239c25c5c84bb00c656c07c","level":"info","message":"Listing trainings","createdAt":"2022-04-18T06:02:57.825Z","__v":0},{"_id":"625cff18c73e7b0023477afc","projectId":"625937ec64a5fc00183092a2","userId":"6239c25c5c84bb00c656c07c","level":"info","message":"Model data removed","createdAt":"2022-04-18T06:03:04.668Z","__v":0},{"_id":"625cff1ec73e7b0023477afd","projectId":"625937ec64a5fc00183092a2","userId":"6239c25c5c84bb00c656c07c","level":"info","message":"Model data removed","createdAt":"2022-04-18T06:03:10.086Z","__v":0},{"_id":"625cff23c73e7b0023477afe","projectId":"625937ec64a5fc00183092a2","userId":"6239c25c5c84bb00c656c07c","level":"info","message":"Listing models","createdAt":"2022-04-18T06:03:15.249Z","__v":0},{"_id":"625cff27c73e7b0023477b00","projectId":"625937ec64a5fc00183092a2","userId":"6239c25c5c84bb00c656c07c","level":"info","message":"Training started","createdAt":"2022-04-18T06:03:19.758Z","__v":0},{"_id":"625cff28c73e7b0023477b02","projectId":"625937ec64a5fc00183092a2","userId":"6239c25c5c84bb00c656c07c","level":"info","message":"Listing trainings","createdAt":"2022-04-18T06:03:20.327Z","__v":0},{"_id":"625cff29c73e7b0023477b05","projectId":"625937ec64a5fc00183092a2","userId":"6239c25c5c84bb00c656c07c","level":"info","message":"Listing trainings","createdAt":"2022-04-18T06:03:21.212Z","__v":0},{"_id":"625cff33c73e7b0023477b06","projectId":"625937ec64a5fc00183092a2","userId":"6239c25c5c84bb00c656c07c","level":"info","message":"Training data removed","createdAt":"2022-04-18T06:03:31.120Z","__v":0},{"_id":"625cff39c73e7b0023477b07","projectId":"625937ec64a5fc00183092a2","userId":"6239c25c5c84bb00c656c07c","level":"info","message":"Listing trainings","createdAt":"2022-04-18T06:03:37.728Z","__v":0},{"_id":"625d02ddc73e7b0023477b4d","projectId":"625937ec64a5fc00183092a2","userId":"6239c25c5c84bb00c656c07c","level":"info","message":"Listing models","createdAt":"2022-04-18T06:19:09.640Z","__v":0},{"_id":"625d02dec73e7b0023477b4e","projectId":"625937ec64a5fc00183092a2","userId":"6239c25c5c84bb00c656c07c","level":"info","message":"Listing trainings","createdAt":"2022-04-18T06:19:10.938Z","__v":0},{"_id":"625d034cc73e7b0023477b4f","projectId":"625937ec64a5fc00183092a2","userId":"6239c25c5c84bb00c656c07c","level":"info","message":"Listing trainings","createdAt":"2022-04-18T06:21:00.100Z","__v":0},{"_id":"625d302df60f4d00189096ad","projectId":"625937ec64a5fc00183092a2","userId":"6239c25c5c84bb00c656c07c","level":"info","message":"Listing trainings","createdAt":"2022-04-18T09:32:29.583Z","__v":0}]