[{"isHighDimensional":false,"usingGPU":false,"tasks":[{"currentPipelineFilename":"eda_pipeline-1650014255.pkl","type":"eda","parentPipelineFilename":null}],"_id":"6259382f64a5fc00183092aa","fileId":"6259381164a5fc00183092a5","dataSetInfo":{"trainSize":60,"devSize":20,"holdoutSize":20,"holdoutFilename":"none","splitDateWise":false},"depVariable":"insurance_claim","algoType":"classification","isMultilabel":false,"paragraphColNames":[],"datetimeColumnName":[],"blankColumn":[],"correctedData":"imputed_dataset-1650014255.csv","imputedDatasetFilepath":"temp_eda-1650014255.csv","outlierPreviewFilepath":null,"indexPath":"indexes-1650014255.pkl","edaSummary":[{"missing":0,"unique":28,"max":64,"median":36,"min":18,"std":15.21257,"mean":37.79545,"missingProportion":0,"mostlyMissing":false,"colName":"age","outlierCorrectionStrategy":"Ignore outlier","outlierDetectionStrategy":"Inter-Quartile Range","imputationStrategy":"Median","isVarTypeChanged":false,"outlierCount":0,"constantFeature":false,"customVarType":"Integer","dataType":"Integer","dateComponent":[]},{"missing":0,"unique":2,"max":"","median":"","min":"","std":"","mean":"","missingProportion":0,"mostlyMissing":false,"colName":"sex","outlierCorrectionStrategy":"","outlierDetectionStrategy":"","imputationStrategy":"Mode","isVarTypeChanged":false,"outlierCount":"","constantFeature":false,"customVarType":"Categorical","dataType":"Categorical","dateComponent":[]},{"missing":0,"unique":43,"max":39.9,"median":29.85,"min":20.42,"std":5.54742,"mean":30.5475,"missingProportion":0,"mostlyMissing":false,"colName":"bmi","outlierCorrectionStrategy":"Ignore outlier","outlierDetectionStrategy":"Inter-Quartile Range","imputationStrategy":"Mean","isVarTypeChanged":false,"outlierCount":0,"constantFeature":false,"customVarType":"Decimal","dataType":"Decimal","dateComponent":[]},{"missing":0,"unique":6,"max":5,"median":1,"min":0,"std":1.36554,"mean":1.36364,"missingProportion":0,"mostlyMissing":false,"colName":"children","outlierCorrectionStrategy":"Ignore outlier","outlierDetectionStrategy":"Inter-Quartile Range","imputationStrategy":"Median","isVarTypeChanged":false,"outlierCount":0,"constantFeature":false,"customVarType":"Integer","dataType":"Integer","dateComponent":[]},{"missing":0,"unique":2,"max":"","median":"","min":"","std":"","mean":"","missingProportion":0,"mostlyMissing":false,"colName":"smoker","outlierCorrectionStrategy":"","outlierDetectionStrategy":"","imputationStrategy":"Mode","isVarTypeChanged":false,"outlierCount":"","constantFeature":false,"customVarType":"Categorical","dataType":"Categorical","dateComponent":[]},{"missing":0,"unique":4,"max":"","median":"","min":"","std":"","mean":"","missingProportion":0,"mostlyMissing":false,"colName":"region","outlierCorrectionStrategy":"","outlierDetectionStrategy":"","imputationStrategy":"Mode","isVarTypeChanged":false,"outlierCount":"","constantFeature":false,"customVarType":"Categorical","dataType":"Categorical","dateComponent":[]},{"missing":0,"unique":2,"max":1,"median":0,"min":0,"std":0.49254,"mean":0.38636,"missingProportion":0,"mostlyMissing":false,"colName":"insurance_claim","outlierCorrectionStrategy":"","outlierDetectionStrategy":"","imputationStrategy":"Mode","isVarTypeChanged":false,"outlierCount":"","constantFeature":false,"customVarType":"Boolean","dataType":"Boolean","dateComponent":[]}],"edaDuration":"0.187195","edaMode":"eda","dimReductionFitSize":1,"classNames":[0,1],"createdBy":"6239c25c5c84bb00c656c07c","projectId":"625937ec64a5fc00183092a2","createdAt":"2022-04-15T09:17:35.417Z","__v":0}]