[{"fileEncoding":"utf_8","fileSchema":[{"colName":"age","dataType":"Integer","originalColName":"age","isAutoGenerated":false},{"colName":"sex","dataType":"Categorical","originalColName":"sex","isAutoGenerated":false},{"colName":"bmi","dataType":"Decimal","originalColName":"bmi","isAutoGenerated":false},{"colName":"children","dataType":"Integer","originalColName":"children","isAutoGenerated":false},{"colName":"smoker","dataType":"Categorical","originalColName":"smoker","isAutoGenerated":false},{"colName":"region","dataType":"Categorical","originalColName":"region","isAutoGenerated":false},{"colName":"insurance_claim","dataType":"Boolean","originalColName":"Insurance_claim","isAutoGenerated":false}],"descriptiveStatistics":[{"colName":"age","missing":0,"mean":37.79545,"std":15.21257,"min":18,"median":36,"max":64,"unique":28},{"colName":"bmi","missing":0,"mean":30.5475,"std":5.54742,"min":20.42,"median":29.85,"max":39.9,"unique":43},{"colName":"children","missing":0,"mean":1.36364,"std":1.36554,"min":0,"median":1,"max":5,"unique":6},{"colName":"insurance_claim","missing":0,"mean":0.38636,"std":0.49254,"min":0,"median":0,"max":1,"unique":2},{"colName":"region","missing":0,"mean":"","std":"","min":"","median":"","max":"","unique":4},{"colName":"sex","missing":0,"mean":"","std":"","min":"","median":"","max":"","unique":2},{"colName":"smoker","missing":0,"mean":"","std":"","min":"","median":"","max":"","unique":2}],"tasks":[{"type":"upload","parentPipelineFilename":null,"currentPipelineFilename":null}],"isParent":true,"isDeleted":false,"_id":"6259381164a5fc00183092a5","fileSource":"upload","dataGroupId":"625937ec64a5fc00183092a3","filename":"upload-Insurance-1650014225628.pkl","fileSize":1939,"noOfRows":"44","noOfCols":"7","projectId":"625937ec64a5fc00183092a2","createdBy":"6239c25c5c84bb00c656c07c","rawFileName":"upload-Insurance-1650014225628.csv","createdAt":"2022-04-15T09:17:05.774Z","updatedAt":"2022-04-15T09:17:05.774Z","__v":0,"currentEdaId":"6259382f64a5fc00183092aa"}]