[{"_id":"6259385d64a5fc00183092b0","createdBy":"6239c25c5c84bb00c656c07c","projectId":"625937ec64a5fc00183092a2","trainingId":"6259385d64a5fc00183092ad","modelMetaData":{"modelTuning":null,"algoName":"MLP Classification","modelPath":"mlp_classification-1650014301.sav","dev":{"testScore":0.5714285714285714,"losses":[{"name":"Log Loss","value":3.95},{"name":"Hamming Loss","value":0.43}],"matCoeff":0.16666666666666666,"rocScore":0.75,"overallScore":0.42556089013036424,"f1Score":0.5714285714285715},"holdout":{"testScore":0.7272727272727273,"losses":[{"name":"Log Loss","value":6.6},{"name":"Hamming Loss","value":0.27}],"matCoeff":0.5714285714285714,"rocScore":0.6785714285714286,"overallScore":0.5290349580790593,"f1Score":0.7272727272727273},"timeElapsed":0.244562029838562,"bestParams":{"hpt":[{"name":"hidden_layer_sizes","data":[100]},{"name":"activation","data":"relu"},{"name":"solver","data":"lbfgs"},{"name":"alpha","data":0.0001},{"name":"learning_rate","data":"constant"},{"name":"learning_rate_init","data":0.001},{"name":"max_iter","data":200},{"name":"shuffle","data":true},{"name":"tol","data":0.0001},{"name":"momentum","data":0.9},{"name":"early_stopping","data":false},{"name":"validation_fraction","data":0.1},{"name":"beta_1","data":0.9},{"name":"beta_2","data":0.999},{"name":"epsilon","data":1e-8}]},"cvData":{"cvScore":0.3,"status":"done"}},"trainPipeFilePath":"task_pipeline-1650014301.pkl","hptPreference":null,"reTrainFileId":null,"isDataSplitted":true,"status":"success","idealPersona":{"age":0.92,"bmi":-1.05,"children":-0.29,"region___northeast":0,"region___northwest":0,"sex___female":0,"sex___male":0},"transformedDatasetPath":"transformed_data_dict-1650014301.pkl","edaId":null,"createdAt":"2022-04-15T09:18:21.924Z","__v":0,"validationStrategy":{"metric":"accuracy","technique":"stratifiedKFold","nSplit":5}},{"_id":"6259385e64a5fc00183092b2","createdBy":"6239c25c5c84bb00c656c07c","projectId":"625937ec64a5fc00183092a2","trainingId":"6259385d64a5fc00183092ad","modelMetaData":{"modelTuning":null,"algoName":"SVM Classification","modelPath":"svm_classification-1650014301.sav","dev":{"testScore":0.5714285714285714,"losses":[{"name":"Log Loss","value":0},{"name":"Hamming Loss","value":0.43}],"matCoeff":0.3535533905932738,"rocScore":null,"overallScore":0.45679999999999993,"f1Score":0.5333333333333333},"holdout":{"testScore":0.45454545454545453,"losses":[{"name":"Log Loss","value":0},{"name":"Hamming Loss","value":0.55}],"matCoeff":0.23904572186687872,"rocScore":null,"overallScore":0.3631999999999999,"f1Score":0.41071428571428575},"timeElapsed":0.24456679821014404,"bestParams":{"hpt":[{"name":"C","data":1},{"name":"kernel","data":"rbf"},{"name":"degree","data":3},{"name":"gamma","data":"scale"},{"name":"coef0","data":0},{"name":"tol","data":0.0001},{"name":"max_iter","data":10}]}},"trainPipeFilePath":"task_pipeline-1650014301.pkl","hptPreference":null,"reTrainFileId":null,"isDataSplitted":true,"status":"success","idealPersona":null,"transformedDatasetPath":"transformed_data_dict-1650014301.pkl","edaId":null,"createdAt":"2022-04-15T09:18:22.175Z","__v":0},{"_id":"6259386064a5fc00183092b3","createdBy":"6239c25c5c84bb00c656c07c","projectId":"625937ec64a5fc00183092a2","trainingId":"6259385d64a5fc00183092ad","modelMetaData":{"modelTuning":null,"algoName":"Passive Aggressive Classification","modelPath":"passive_aggressive_classification-1650014304.sav","dev":{"testScore":0.5714285714285714,"losses":[{"name":"Log Loss","value":0},{"name":"Hamming Loss","value":0.43}],"matCoeff":0.16666666666666666,"rocScore":null,"overallScore":0.45679999999999993,"f1Score":0.5714285714285715},"holdout":{"testScore":0.36363636363636365,"losses":[{"name":"Log Loss","value":0},{"name":"Hamming Loss","value":0.64}],"matCoeff":-0.1336306209562122,"rocScore":null,"overallScore":0.29040000000000005,"f1Score":0.3418803418803419},"timeElapsed":0.21020352840423584,"bestParams":{"hpt":[{"name":"C","data":1},{"name":"max_iter","data":1000},{"name":"tol","data":0.001},{"name":"shuffle","data":true},{"name":"loss","data":"hinge"},{"name":"average","data":false}]},"featureCoefficient":[{"colName":"sex","coefficient":0},{"colName":"region","coefficient":-0.5906},{"colName":"age","coefficient":-0.9727},{"colName":"bmi","coefficient":-1.3725},{"colName":"children","coefficient":-1.4709}]},"trainPipeFilePath":"task_pipeline-1650014301.pkl","hptPreference":null,"reTrainFileId":null,"isDataSplitted":true,"status":"success","idealPersona":null,"transformedDatasetPath":"transformed_data_dict-1650014301.pkl","edaId":null,"createdAt":"2022-04-15T09:18:24.242Z","__v":0},{"_id":"6259394864a5fc00183092c3","createdBy":"6239c25c5c84bb00c656c07c","projectId":"625937ec64a5fc00183092a2","trainingId":"6259394764a5fc00183092ba","modelMetaData":{"modelTuning":null,"algoName":"XGBoost Classification","modelPath":"xgboost_classification-1650014536.sav","dev":{"testScore":0.7142857142857143,"losses":[{"name":"Log Loss","value":0.58},{"name":"Hamming Loss","value":0.29}],"matCoeff":0.4166666666666667,"rocScore":0.8333333333333333,"overallScore":0.524915170375279,"f1Score":0.7083333333333333},"holdout":{"testScore":0.45454545454545453,"losses":[{"name":"Log Loss","value":1.02},{"name":"Hamming Loss","value":0.55}],"matCoeff":-0.17857142857142858,"rocScore":0.3928571428571429,"overallScore":0.2822949550711024,"f1Score":0.4107142857142857},"timeElapsed":0.3873287041982015,"bestParams":{"hpt":[{"name":"max_depth","data":3},{"name":"learning_rate","data":0.1},{"name":"n_estimators","data":100},{"name":"colsample_bytree","data":1},{"name":"gamma","data":0},{"name":"subsample","data":1},{"name":"reg_alpha","data":0},{"name":"scale_pos_weight","data":1}]},"featureImportance":[{"colName":"age","importance":0.16599999368190765},{"colName":"bmi","importance":0.23389999568462372},{"colName":"children","importance":0.24860000610351562},{"colName":"region","importance":0.1387999951839447},{"colName":"sex","importance":0.03700000047683716}]},"trainPipeFilePath":"task_pipeline-1650014535.pkl","hptPreference":null,"reTrainFileId":null,"isDataSplitted":true,"status":"success","idealPersona":{"age":0.92,"bmi":-1.05,"children":-0.29,"region___northeast":0,"region___northwest":0,"sex___female":0,"sex___male":0},"transformedDatasetPath":"transformed_data_dict-1650014535.pkl","edaId":null,"createdAt":"2022-04-15T09:22:16.883Z","__v":0},{"_id":"625cfee1c73e7b0023477af7","createdBy":"6239c25c5c84bb00c656c07c","projectId":"625937ec64a5fc00183092a2","trainingId":"625cfedfc73e7b0023477af2","modelMetaData":{"modelTuning":null,"algoName":"XGBoost Classification","modelPath":"xgboost_classification-1650261728.sav","dev":{"testScore":0.7142857142857143,"losses":[{"name":"Log Loss","value":0.58},{"name":"Hamming Loss","value":0.29}],"matCoeff":0.4166666666666667,"rocScore":0.8333333333333333,"overallScore":0.524915170375279,"f1Score":0.7083333333333333},"holdout":{"testScore":0.45454545454545453,"losses":[{"name":"Log Loss","value":1.02},{"name":"Hamming Loss","value":0.55}],"matCoeff":-0.17857142857142858,"rocScore":0.3928571428571429,"overallScore":0.2822949550711024,"f1Score":0.4107142857142857},"timeElapsed":0.4010348916053772,"bestParams":{"hpt":[{"name":"max_depth","data":3},{"name":"learning_rate","data":0.1},{"name":"n_estimators","data":100},{"name":"colsample_bytree","data":1},{"name":"gamma","data":0},{"name":"subsample","data":1},{"name":"reg_alpha","data":0},{"name":"scale_pos_weight","data":1}]},"featureImportance":[{"colName":"age","importance":0.16599999368190765},{"colName":"bmi","importance":0.23389999568462372},{"colName":"children","importance":0.24860000610351562},{"colName":"region","importance":0.1387999951839447},{"colName":"sex","importance":0.03700000047683716}]},"trainPipeFilePath":"task_pipeline-1650261727.pkl","hptPreference":null,"reTrainFileId":null,"isDataSplitted":true,"status":"success","idealPersona":{"age":0.92,"bmi":-1.05,"children":-0.29,"region___northeast":0,"region___northwest":0,"sex___female":0,"sex___male":0},"transformedDatasetPath":"transformed_data_dict-1650261727.pkl","edaId":null,"createdAt":"2022-04-18T06:02:09.004Z","__v":0},{"_id":"625cff28c73e7b0023477b01","createdBy":"6239c25c5c84bb00c656c07c","projectId":"625937ec64a5fc00183092a2","trainingId":"625cff27c73e7b0023477aff","modelMetaData":{"modelTuning":null,"algoName":"Random Forest Classification","modelPath":"random_forest_classification-1650261799.sav","dev":{"testScore":0.7142857142857143,"losses":[{"name":"Log Loss","value":0.69},{"name":"Hamming Loss","value":0.29}],"matCoeff":0.4166666666666667,"rocScore":0.6666666666666666,"overallScore":0.5163160506553929,"f1Score":0.7083333333333333},"holdout":{"testScore":0.6363636363636364,"losses":[{"name":"Log Loss","value":0.72},{"name":"Hamming Loss","value":0.36}],"matCoeff":0,"rocScore":0.4285714285714286,"overallScore":0.45145135740461856,"f1Score":0.3888888888888889},"timeElapsed":0.31737812360127765,"bestParams":{"hpt":[{"name":"n_estimators","data":10},{"name":"criterion","data":"gini"},{"name":"max_depth","data":null},{"name":"min_samples_split","data":2},{"name":"min_samples_leaf","data":1},{"name":"min_weight_fraction_leaf","data":0},{"name":"max_features","data":"auto"},{"name":"max_leaf_nodes","data":null},{"name":"min_impurity_decrease","data":0},{"name":"bootstrap","data":true}]},"featureImportance":[{"colName":"age","importance":0.2072},{"colName":"bmi","importance":0.3269},{"colName":"children","importance":0.2309},{"colName":"region","importance":0.0823},{"colName":"sex","importance":0.0352}]},"trainPipeFilePath":"task_pipeline-1650261799.pkl","hptPreference":null,"reTrainFileId":null,"isDataSplitted":true,"status":"success","idealPersona":{"age":0.92,"bmi":-1.05,"children":-0.29,"region___northeast":0,"region___northwest":0,"sex___female":0,"sex___male":0},"transformedDatasetPath":"transformed_data_dict-1650261799.pkl","edaId":null,"createdAt":"2022-04-18T06:03:20.249Z","__v":0},{"_id":"625cff28c73e7b0023477b03","createdBy":"6239c25c5c84bb00c656c07c","projectId":"625937ec64a5fc00183092a2","trainingId":"625cff27c73e7b0023477aff","modelMetaData":{"modelTuning":null,"algoName":"XGBoost Classification","modelPath":"xgboost_classification-1650261800.sav","dev":{"testScore":0.7142857142857143,"losses":[{"name":"Log Loss","value":0.58},{"name":"Hamming Loss","value":0.29}],"matCoeff":0.4166666666666667,"rocScore":0.8333333333333333,"overallScore":0.524915170375279,"f1Score":0.7083333333333333},"holdout":{"testScore":0.45454545454545453,"losses":[{"name":"Log Loss","value":1.02},{"name":"Hamming Loss","value":0.55}],"matCoeff":-0.17857142857142858,"rocScore":0.3928571428571429,"overallScore":0.2822949550711024,"f1Score":0.4107142857142857},"timeElapsed":0.3780883153279622,"bestParams":{"hpt":[{"name":"max_depth","data":3},{"name":"learning_rate","data":0.1},{"name":"n_estimators","data":100},{"name":"colsample_bytree","data":1},{"name":"gamma","data":0},{"name":"subsample","data":1},{"name":"reg_alpha","data":0},{"name":"scale_pos_weight","data":1}]},"featureImportance":[{"colName":"age","importance":0.16599999368190765},{"colName":"bmi","importance":0.23389999568462372},{"colName":"children","importance":0.24860000610351562},{"colName":"region","importance":0.1387999951839447},{"colName":"sex","importance":0.03700000047683716}]},"trainPipeFilePath":"task_pipeline-1650261799.pkl","hptPreference":null,"reTrainFileId":null,"isDataSplitted":true,"status":"success","idealPersona":{"age":0.92,"bmi":-1.05,"children":-0.29,"region___northeast":0,"region___northwest":0,"sex___female":0,"sex___male":0},"transformedDatasetPath":"transformed_data_dict-1650261799.pkl","edaId":null,"createdAt":"2022-04-18T06:03:20.629Z","__v":0},{"_id":"625cff29c73e7b0023477b04","createdBy":"6239c25c5c84bb00c656c07c","projectId":"625937ec64a5fc00183092a2","trainingId":"625cff27c73e7b0023477aff","modelMetaData":{"modelTuning":null,"algoName":"Ensemble Extra Trees Classification","modelPath":"ensemble_extra_trees_classification-1650261799.sav","dev":{"testScore":0.5714285714285714,"losses":[{"name":"Log Loss","value":0.88},{"name":"Hamming Loss","value":0.43}],"matCoeff":0.16666666666666666,"rocScore":0.5833333333333334,"overallScore":0.38691312676988054,"f1Score":0.5714285714285715},"holdout":{"testScore":0.8181818181818182,"losses":[{"name":"Log Loss","value":0.62},{"name":"Hamming Loss","value":0.18}],"matCoeff":0.6236095644623235,"rocScore":0.6785714285714285,"overallScore":0.604705476762447,"f1Score":0.7708333333333334},"timeElapsed":1.2407956918080647,"bestParams":{"hpt":[{"name":"criterion","data":"gini"},{"name":"max_depth","data":null},{"name":"min_samples_split","data":2},{"name":"min_samples_leaf","data":1},{"name":"min_weight_fraction_leaf","data":0},{"name":"max_features","data":"auto"},{"name":"max_leaf_nodes","data":null},{"name":"min_impurity_decrease","data":0},{"name":"n_estimators","data":10},{"name":"bootstrap","data":false}]},"featureImportance":[{"colName":"age","importance":0.2517},{"colName":"bmi","importance":0.2799},{"colName":"children","importance":0.1911},{"colName":"region","importance":0.0951},{"colName":"sex","importance":0.0435}]},"trainPipeFilePath":"task_pipeline-1650261799.pkl","hptPreference":null,"reTrainFileId":null,"isDataSplitted":true,"status":"success","idealPersona":{"age":1.44,"bmi":-0.37,"children":-0.86,"region___northeast":0,"region___northwest":1,"sex___female":-1,"sex___male":1},"transformedDatasetPath":"transformed_data_dict-1650261799.pkl","edaId":null,"createdAt":"2022-04-18T06:03:21.169Z","__v":0}]