[{"sampling":"none","dropOriginal":false,"_id":"625cff27c73e7b0023477aff","targetType":"Binary","originalFileId":"6259381164a5fc00183092a5","depVariable":"insurance_claim","indepVariable":[{"colName":"age"},{"colName":"sex"},{"colName":"bmi"},{"colName":"children"},{"colName":"smoker"},{"colName":"region"}],"algorithms":["Random Forest Classification","Ensemble Extra Trees Classification","XGBoost Classification"],"algoType":"classification","isMultilabel":false,"edaId":"6259382f64a5fc00183092aa","problemType":"predictive_modeling","autoFeatureGenTasks":null,"categoricalEncoders":{"sex":"OneHot encoder","smoker":"OneHot encoder","region":"OneHot encoder"},"ordinalEncoderMap":[],"classNames":[0,1],"predictiveModelingInfo":{"featuresToTransform":[],"applyToTarget":false,"decomposition":"none","components":2,"featureSelectionMethod":"SelectPercentile","scoringFunction":"f_classif","featurePercentage":70,"nFeaturesToSelect":70,"step":"none","customFeatures":[],"featureScaling":"robust_scaler","normalizationMethod":"none","featureSelectionEstimator":"none","featureSelectionStep":"none","featureSelectionCV":"none","featureScores":[{"colName":"age","isSelected":true,"score":0.29},{"colName":"bmi","isSelected":true,"score":2.64},{"colName":"children","isSelected":true,"score":1.11},{"colName":"region","isSelected":true,"score":0.41},{"colName":"sex","isSelected":true,"score":0.23},{"colName":"smoker","isSelected":false,"score":0.07}]},"nlpConfigs":[],"createdBy":"6239c25c5c84bb00c656c07c","projectId":"625937ec64a5fc00183092a2","fileEncoding":"utf_8","name":"Model : Insurance Claim","metaInfo":{"fileName":"upload-Insurance-1650014225628.pkl"},"noOfFeatures":6,"afterEdaFileId":"6259381164a5fc00183092a5","createdAt":"2022-04-18T06:03:19.756Z","__v":0}]