[{"_id":"6259128564a5fc00183090df","projectId":"6259128464a5fc00183090dd","userId":"6239c25c5c84bb00c656c07c","level":"info","message":"project directory created","createdAt":"2022-04-15T06:36:53.016Z","__v":0},{"_id":"6259134164a5fc00183090e5","projectId":"6259128464a5fc00183090dd","userId":"6239c25c5c84bb00c656c07c","level":"error","message":"Initialized eda progress.","createdAt":"2022-04-15T06:40:01.806Z","__v":0},{"_id":"6259134164a5fc00183090e6","projectId":"6259128464a5fc00183090dd","userId":"6239c25c5c84bb00c656c07c","level":"info","message":"auto Eda started","createdAt":"2022-04-15T06:40:01.806Z","__v":0},{"_id":"6259134264a5fc00183090e8","projectId":"6259128464a5fc00183090dd","userId":"6239c25c5c84bb00c656c07c","level":"info","message":"eda eda completed and data saved to database","createdAt":"2022-04-15T06:40:02.071Z","__v":0},{"_id":"6259134464a5fc00183090e9","projectId":"6259128464a5fc00183090dd","userId":"6239c25c5c84bb00c656c07c","level":"info","message":"Listing models","createdAt":"2022-04-15T06:40:04.394Z","__v":0},{"_id":"6259136c64a5fc00183090eb","projectId":"6259128464a5fc00183090dd","userId":"6239c25c5c84bb00c656c07c","level":"info","message":"Training started","createdAt":"2022-04-15T06:40:44.106Z","__v":0},{"_id":"6259136c64a5fc00183090ee","projectId":"6259128464a5fc00183090dd","userId":"6239c25c5c84bb00c656c07c","level":"info","message":"Listing trainings","createdAt":"2022-04-15T06:40:44.523Z","__v":0},{"_id":"6259136c64a5fc00183090f0","projectId":"6259128464a5fc00183090dd","userId":"6239c25c5c84bb00c656c07c","level":"info","message":"Listing trainings","createdAt":"2022-04-15T06:40:44.840Z","__v":0},{"_id":"6259139464a5fc00183090f1","projectId":"6259128464a5fc00183090dd","userId":"6239c25c5c84bb00c656c07c","level":"info","message":"Generating classification report","createdAt":"2022-04-15T06:41:24.082Z","__v":0},{"_id":"625913ab64a5fc00183090f2","projectId":"6259128464a5fc00183090dd","userId":"6239c25c5c84bb00c656c07c","level":"info","message":"Listing models","createdAt":"2022-04-15T06:41:47.735Z","__v":0},{"_id":"625913b064a5fc00183090f3","projectId":"6259128464a5fc00183090dd","userId":"6239c25c5c84bb00c656c07c","level":"info","message":"Listing trainings","createdAt":"2022-04-15T06:41:52.909Z","__v":0},{"_id":"625913bd64a5fc00183090f4","projectId":"6259128464a5fc00183090dd","userId":"6239c25c5c84bb00c656c07c","level":"info","message":"Listing models","createdAt":"2022-04-15T06:42:05.212Z","__v":0},{"_id":"6259509564a5fc00183092d2","metaData":{"nodeType":"python3-function","nodeId":"8ccf12b0.1a6c7","nodeName":"Concate_dataset"},"projectId":"6259128464a5fc00183090dd","userId":"6239c25c5c84bb00c656c07c","level":"error","message":"Traceback (most recent call last):\n  File \"<string>\", line 90, in <module>\n  File \"<string>\", line 73, in python_function\n  File \"/usr/local/lib/python3.7/site-packages/pandas/core/reshape/concat.py\", line 284, in concat\n","loggerId":"6259509364a5fc00183092d1","loggerType":"Uddflow","createdAt":"2022-04-15T11:01:41.825Z","__v":0},{"_id":"6259509564a5fc00183092d3","metaData":{"nodeType":"python3-function","nodeId":"8ccf12b0.1a6c7","nodeName":"Concate_dataset"},"projectId":"6259128464a5fc00183090dd","userId":"6239c25c5c84bb00c656c07c","level":"error","message":"    sort=sort,\n  File \"/usr/local/lib/python3.7/site-packages/pandas/core/reshape/concat.py\", line 359, in __init__\n    raise TypeError(msg)\nTypeError: cannot concatenate object of type '<class 'str'>'; only Series and DataFrame objs are valid\n","loggerId":"6259509364a5fc00183092d1","loggerType":"Uddflow","createdAt":"2022-04-15T11:01:41.828Z","__v":0},{"_id":"6259509564a5fc00183092d4","metaData":{"nodeType":"python3-function","nodeId":"8ccf12b0.1a6c7","nodeName":"Concate_dataset"},"projectId":"6259128464a5fc00183090dd","userId":"6239c25c5c84bb00c656c07c","level":"error","message":"Python Function process exited with code 1","loggerId":"6259509364a5fc00183092d1","loggerType":"Uddflow","createdAt":"2022-04-15T11:01:41.888Z","__v":0},{"_id":"6259514564a5fc00183092d5","metaData":{"nodeType":"python3-function","nodeId":"8ccf12b0.1a6c7","nodeName":"Concate_dataset"},"projectId":"6259128464a5fc00183090dd","userId":"6239c25c5c84bb00c656c07c","level":"error","message":"Traceback (most recent call last):\n  File \"<string>\", line 91, in <module>\n  File \"<string>\", line 72, in python_function\n  File \"/usr/local/lib/python3.7/site-packages/pandas/core/frame.py\", line 528, in __init__\n","loggerId":"6259509364a5fc00183092d1","loggerType":"Uddflow","createdAt":"2022-04-15T11:04:37.895Z","__v":0},{"_id":"6259514564a5fc00183092d6","metaData":{"nodeType":"python3-function","nodeId":"8ccf12b0.1a6c7","nodeName":"Concate_dataset"},"projectId":"6259128464a5fc00183090dd","userId":"6239c25c5c84bb00c656c07c","level":"error","message":"    raise ValueError(\"DataFrame constructor not properly called!\")\nValueError: DataFrame constructor not properly called!\n","loggerId":"6259509364a5fc00183092d1","loggerType":"Uddflow","createdAt":"2022-04-15T11:04:37.901Z","__v":0},{"_id":"6259514564a5fc00183092d7","metaData":{"nodeType":"python3-function","nodeId":"8ccf12b0.1a6c7","nodeName":"Concate_dataset"},"projectId":"6259128464a5fc00183090dd","userId":"6239c25c5c84bb00c656c07c","level":"error","message":"Python Function process exited with code 1","loggerId":"6259509364a5fc00183092d1","loggerType":"Uddflow","createdAt":"2022-04-15T11:04:37.960Z","__v":0},{"_id":"6259519e64a5fc00183092d8","metaData":{"nodeType":"python3-function","nodeId":"8ccf12b0.1a6c7","nodeName":"Concate_dataset"},"projectId":"6259128464a5fc00183090dd","userId":"6239c25c5c84bb00c656c07c","level":"error","message":"Traceback (most recent call last):\n  File \"<string>\", line 90, in <module>\n  File \"<string>\", line 73, in python_function\n  File \"/usr/local/lib/python3.7/site-packages/pandas/core/reshape/concat.py\", line 284, in concat\n","loggerId":"6259509364a5fc00183092d1","loggerType":"Uddflow","createdAt":"2022-04-15T11:06:06.072Z","__v":0},{"_id":"6259519e64a5fc00183092d9","metaData":{"nodeType":"python3-function","nodeId":"8ccf12b0.1a6c7","nodeName":"Concate_dataset"},"projectId":"6259128464a5fc00183090dd","userId":"6239c25c5c84bb00c656c07c","level":"error","message":"    sort=sort,\n  File \"/usr/local/lib/python3.7/site-packages/pandas/core/reshape/concat.py\", line 359, in __init__\n    raise TypeError(msg)\nTypeError: cannot concatenate object of type '<class 'str'>'; only Series and DataFrame objs are valid\n","loggerId":"6259509364a5fc00183092d1","loggerType":"Uddflow","createdAt":"2022-04-15T11:06:06.076Z","__v":0},{"_id":"6259519e64a5fc00183092da","metaData":{"nodeType":"python3-function","nodeId":"8ccf12b0.1a6c7","nodeName":"Concate_dataset"},"projectId":"6259128464a5fc00183090dd","userId":"6239c25c5c84bb00c656c07c","level":"error","message":"Python Function process exited with code 1","loggerId":"6259509364a5fc00183092d1","loggerType":"Uddflow","createdAt":"2022-04-15T11:06:06.139Z","__v":0},{"_id":"625952da64a5fc00183092e0","projectId":"6259128464a5fc00183090dd","userId":"6239c25c5c84bb00c656c07c","level":"error","message":"Initialized eda progress.","createdAt":"2022-04-15T11:11:22.218Z","__v":0},{"_id":"625952da64a5fc00183092e1","projectId":"6259128464a5fc00183090dd","userId":"6239c25c5c84bb00c656c07c","level":"info","message":"auto Eda started","createdAt":"2022-04-15T11:11:22.218Z","__v":0},{"_id":"625952da64a5fc00183092e3","projectId":"6259128464a5fc00183090dd","userId":"6239c25c5c84bb00c656c07c","level":"info","message":"eda eda completed and data saved to database","createdAt":"2022-04-15T11:11:22.524Z","__v":0},{"_id":"625952eb64a5fc00183092e5","projectId":"6259128464a5fc00183090dd","userId":"6239c25c5c84bb00c656c07c","level":"error","message":"Initialized eda progress.","createdAt":"2022-04-15T11:11:39.754Z","__v":0},{"_id":"625952eb64a5fc00183092e6","projectId":"6259128464a5fc00183090dd","userId":"6239c25c5c84bb00c656c07c","level":"info","message":"auto Eda started","createdAt":"2022-04-15T11:11:39.754Z","__v":0},{"_id":"625952ec64a5fc00183092e8","projectId":"6259128464a5fc00183090dd","userId":"6239c25c5c84bb00c656c07c","level":"info","message":"eda eda completed and data saved to database","createdAt":"2022-04-15T11:11:40.008Z","__v":0},{"_id":"625952f064a5fc00183092e9","projectId":"6259128464a5fc00183090dd","userId":"6239c25c5c84bb00c656c07c","level":"info","message":"Listing models","createdAt":"2022-04-15T11:11:44.787Z","__v":0},{"_id":"6259530264a5fc00183092eb","projectId":"6259128464a5fc00183090dd","userId":"6239c25c5c84bb00c656c07c","level":"info","message":"Training started","createdAt":"2022-04-15T11:12:02.440Z","__v":0},{"_id":"6259530364a5fc00183092ed","projectId":"6259128464a5fc00183090dd","userId":"6239c25c5c84bb00c656c07c","level":"info","message":"Listing trainings","createdAt":"2022-04-15T11:12:03.084Z","__v":0},{"_id":"6259530464a5fc00183092f2","projectId":"6259128464a5fc00183090dd","userId":"6239c25c5c84bb00c656c07c","level":"info","message":"Listing trainings","createdAt":"2022-04-15T11:12:04.091Z","__v":0},{"_id":"6259532164a5fc00183092f3","projectId":"6259128464a5fc00183090dd","userId":"6239c25c5c84bb00c656c07c","level":"info","message":"Listing models","createdAt":"2022-04-15T11:12:33.190Z","__v":0},{"_id":"625d0103c73e7b0023477b42","projectId":"6259128464a5fc00183090dd","userId":"6239c25c5c84bb00c656c07c","level":"info","message":"Listing models","createdAt":"2022-04-18T06:11:15.469Z","__v":0},{"_id":"625d0110c73e7b0023477b43","projectId":"6259128464a5fc00183090dd","userId":"6239c25c5c84bb00c656c07c","level":"info","message":"Listing trainings","createdAt":"2022-04-18T06:11:28.356Z","__v":0},{"_id":"625d011cc73e7b0023477b44","projectId":"6259128464a5fc00183090dd","userId":"6239c25c5c84bb00c656c07c","level":"info","message":"Model data removed","createdAt":"2022-04-18T06:11:40.934Z","__v":0},{"_id":"625d0124c73e7b0023477b45","projectId":"6259128464a5fc00183090dd","userId":"6239c25c5c84bb00c656c07c","level":"info","message":"Model data removed","createdAt":"2022-04-18T06:11:48.971Z","__v":0},{"_id":"625d012ec73e7b0023477b46","projectId":"6259128464a5fc00183090dd","userId":"6239c25c5c84bb00c656c07c","level":"info","message":"Listing models","createdAt":"2022-04-18T06:11:58.935Z","__v":0},{"_id":"625d0134c73e7b0023477b47","projectId":"6259128464a5fc00183090dd","userId":"6239c25c5c84bb00c656c07c","level":"info","message":"Listing trainings","createdAt":"2022-04-18T06:12:04.922Z","__v":0},{"_id":"625d0136c73e7b0023477b48","projectId":"6259128464a5fc00183090dd","userId":"6239c25c5c84bb00c656c07c","level":"info","message":"Listing models","createdAt":"2022-04-18T06:12:06.383Z","__v":0},{"_id":"625d0137c73e7b0023477b49","projectId":"6259128464a5fc00183090dd","userId":"6239c25c5c84bb00c656c07c","level":"info","message":"Listing trainings","createdAt":"2022-04-18T06:12:07.037Z","__v":0},{"_id":"625d0689c73e7b0023477b6b","projectId":"6259128464a5fc00183090dd","userId":"6239c25c5c84bb00c656c07c","level":"info","message":"Listing models","createdAt":"2022-04-18T06:34:49.467Z","__v":0},{"_id":"625d0692c73e7b0023477b6d","projectId":"6259128464a5fc00183090dd","userId":"6239c25c5c84bb00c656c07c","level":"info","message":"Training started","createdAt":"2022-04-18T06:34:58.467Z","__v":0},{"_id":"625d0692c73e7b0023477b70","projectId":"6259128464a5fc00183090dd","userId":"6239c25c5c84bb00c656c07c","level":"info","message":"Listing trainings","createdAt":"2022-04-18T06:34:58.944Z","__v":0},{"_id":"625d0693c73e7b0023477b74","projectId":"6259128464a5fc00183090dd","userId":"6239c25c5c84bb00c656c07c","level":"info","message":"Listing trainings","createdAt":"2022-04-18T06:34:59.662Z","__v":0},{"_id":"625d069ac73e7b0023477b75","projectId":"6259128464a5fc00183090dd","userId":"6239c25c5c84bb00c656c07c","level":"info","message":"Training data removed","createdAt":"2022-04-18T06:35:06.007Z","__v":0},{"_id":"625d069dc73e7b0023477b76","projectId":"6259128464a5fc00183090dd","userId":"6239c25c5c84bb00c656c07c","level":"info","message":"Training data removed","createdAt":"2022-04-18T06:35:09.841Z","__v":0},{"_id":"625d06abc73e7b0023477b77","projectId":"6259128464a5fc00183090dd","userId":"6239c25c5c84bb00c656c07c","level":"info","message":"Model data removed","createdAt":"2022-04-18T06:35:23.280Z","__v":0},{"_id":"625d06b1c73e7b0023477b78","projectId":"6259128464a5fc00183090dd","userId":"6239c25c5c84bb00c656c07c","level":"info","message":"Model data removed","createdAt":"2022-04-18T06:35:29.010Z","__v":0}]