[{"isHighDimensional":false,"usingGPU":false,"tasks":[{"currentPipelineFilename":"eda_pipeline-1650004801.pkl","type":"eda","parentPipelineFilename":null}],"_id":"6259134264a5fc00183090e7","fileId":"625912c064a5fc00183090e0","dataSetInfo":{"trainSize":60,"devSize":20,"holdoutSize":20,"holdoutFilename":"none","splitDateWise":false},"depVariable":"outcome","algoType":"classification","isMultilabel":false,"paragraphColNames":[],"datetimeColumnName":[],"blankColumn":[],"correctedData":"imputed_dataset-1650004801.csv","imputedDatasetFilepath":"temp_eda-1650004801.csv","outlierPreviewFilepath":"outlier_imputed_dataset-1650004801.csv","indexPath":"indexes-1650004802.pkl","edaSummary":[{"missing":0,"unique":17,"max":17,"median":3,"min":0,"std":3.36958,"mean":3.84505,"missingProportion":0,"mostlyMissing":false,"colName":"pregnancies","outlierCorrectionStrategy":"Ignore outlier","outlierDetectionStrategy":"Inter-Quartile Range","imputationStrategy":"Median","isVarTypeChanged":false,"outlierCount":2,"constantFeature":false,"customVarType":"Integer","dataType":"Integer","dateComponent":[]},{"missing":1,"unique":137,"max":199,"median":117,"min":0,"std":31.87494,"mean":120.7953,"missingProportion":0,"mostlyMissing":false,"colName":"glucose","outlierCorrectionStrategy":"Ignore outlier","outlierDetectionStrategy":"Inter-Quartile Range","imputationStrategy":"Mean","isVarTypeChanged":false,"outlierCount":3,"constantFeature":false,"customVarType":"Decimal","dataType":"Decimal","dateComponent":[]},{"missing":1,"unique":48,"max":122,"median":72,"min":0,"std":19.36443,"mean":69.09126,"missingProportion":0.00217,"mostlyMissing":false,"colName":"bloodpressure","outlierCorrectionStrategy":"Ignore outlier","outlierDetectionStrategy":"Inter-Quartile Range","imputationStrategy":"Mean","isVarTypeChanged":false,"outlierCount":0,"constantFeature":false,"customVarType":"Decimal","dataType":"Decimal","dateComponent":[]},{"missing":0,"unique":51,"max":99,"median":23,"min":0,"std":15.93496,"mean":20.5638,"missingProportion":0,"mostlyMissing":false,"colName":"skinthickness","outlierCorrectionStrategy":"Ignore outlier","outlierDetectionStrategy":"Inter-Quartile Range","imputationStrategy":"Median","isVarTypeChanged":false,"outlierCount":0,"constantFeature":false,"customVarType":"Integer","dataType":"Integer","dateComponent":[]},{"missing":1,"unique":187,"max":846,"median":29,"min":0,"std":115.31915,"mean":79.7953,"missingProportion":0.00217,"mostlyMissing":false,"colName":"insulin","outlierCorrectionStrategy":"Ignore outlier","outlierDetectionStrategy":"Inter-Quartile Range","imputationStrategy":"Mean","isVarTypeChanged":false,"outlierCount":0,"constantFeature":false,"customVarType":"Decimal","dataType":"Decimal","dateComponent":[]},{"missing":0,"unique":248,"max":67.1,"median":32,"min":0,"std":7.88416,"mean":31.99258,"missingProportion":0,"mostlyMissing":false,"colName":"bmi","outlierCorrectionStrategy":"Ignore outlier","outlierDetectionStrategy":"Inter-Quartile Range","imputationStrategy":"Mean","isVarTypeChanged":false,"outlierCount":10,"constantFeature":false,"customVarType":"Decimal","dataType":"Decimal","dateComponent":[]},{"missing":1,"unique":517,"max":2.42,"median":0.371,"min":0.078,"std":0.32498,"mean":0.46951,"missingProportion":0.00217,"mostlyMissing":false,"colName":"diabetespedigreefunction","outlierCorrectionStrategy":"Ignore outlier","outlierDetectionStrategy":"Inter-Quartile Range","imputationStrategy":"Mean","isVarTypeChanged":false,"outlierCount":0,"constantFeature":false,"customVarType":"Decimal","dataType":"Decimal","dateComponent":[]},{"missing":0,"unique":52,"max":81,"median":29,"min":21,"std":11.76023,"mean":33.24089,"missingProportion":0,"mostlyMissing":false,"colName":"age","outlierCorrectionStrategy":"Ignore outlier","outlierDetectionStrategy":"Inter-Quartile Range","imputationStrategy":"Median","isVarTypeChanged":false,"outlierCount":7,"constantFeature":false,"customVarType":"Integer","dataType":"Integer","dateComponent":[]},{"missing":0,"unique":2,"max":1,"median":0,"min":0,"std":0.47695,"mean":0.34896,"missingProportion":0,"mostlyMissing":false,"colName":"outcome","outlierCorrectionStrategy":"","outlierDetectionStrategy":"","imputationStrategy":"Mode","isVarTypeChanged":false,"outlierCount":"","constantFeature":false,"customVarType":"Boolean","dataType":"Boolean","dateComponent":[]}],"edaDuration":"0.2240719999999996","edaMode":"eda","dimReductionFitSize":1,"classNames":[0,1],"createdBy":"6239c25c5c84bb00c656c07c","projectId":"6259128464a5fc00183090dd","createdAt":"2022-04-15T06:40:02.067Z","__v":0},{"isHighDimensional":false,"usingGPU":false,"tasks":[{"currentPipelineFilename":"eda_pipeline-1650021082.pkl","type":"eda","parentPipelineFilename":null}],"_id":"625952da64a5fc00183092e2","fileId":"625952cb64a5fc00183092dd","dataSetInfo":{"trainSize":70,"devSize":null,"holdoutSize":30,"holdoutFilename":"none","splitDateWise":false},"depVariable":"outcome","algoType":"classification","isMultilabel":false,"paragraphColNames":[],"datetimeColumnName":[],"blankColumn":[],"correctedData":"imputed_dataset-1650021082.csv","imputedDatasetFilepath":"temp_eda-1650021082.csv","outlierPreviewFilepath":"outlier_imputed_dataset-1650021082.csv","indexPath":"indexes-1650021082.pkl","edaSummary":[{"missing":0,"unique":17,"max":17,"median":3,"min":0,"std":3.36848,"mean":3.84505,"missingProportion":0,"mostlyMissing":false,"colName":"pregnancies","outlierCorrectionStrategy":"Ignore outlier","outlierDetectionStrategy":"Inter-Quartile Range","imputationStrategy":"Median","isVarTypeChanged":false,"outlierCount":6,"constantFeature":false,"customVarType":"Integer","dataType":"Integer","dateComponent":[]},{"missing":2,"unique":137,"max":199,"median":117,"min":0,"std":31.86454,"mean":120.7953,"missingProportion":0.00186,"mostlyMissing":false,"colName":"glucose","outlierCorrectionStrategy":"Ignore outlier","outlierDetectionStrategy":"Inter-Quartile Range","imputationStrategy":"Mean","isVarTypeChanged":false,"outlierCount":0,"constantFeature":false,"customVarType":"Decimal","dataType":"Decimal","dateComponent":[]},{"missing":2,"unique":48,"max":122,"median":72,"min":0,"std":19.35811,"mean":69.09126,"missingProportion":0.00186,"mostlyMissing":false,"colName":"bloodpressure","outlierCorrectionStrategy":"Ignore outlier","outlierDetectionStrategy":"Inter-Quartile Range","imputationStrategy":"Mean","isVarTypeChanged":false,"outlierCount":0,"constantFeature":false,"customVarType":"Decimal","dataType":"Decimal","dateComponent":[]},{"missing":0,"unique":51,"max":99,"median":23,"min":0,"std":15.92977,"mean":20.5638,"missingProportion":0,"mostlyMissing":false,"colName":"skinthickness","outlierCorrectionStrategy":"Ignore outlier","outlierDetectionStrategy":"Inter-Quartile Range","imputationStrategy":"Median","isVarTypeChanged":false,"outlierCount":1,"constantFeature":false,"customVarType":"Integer","dataType":"Integer","dateComponent":[]},{"missing":2,"unique":187,"max":846,"median":29,"min":0,"std":115.28153,"mean":79.7953,"missingProportion":0.00186,"mostlyMissing":false,"colName":"insulin","outlierCorrectionStrategy":"Ignore outlier","outlierDetectionStrategy":"Inter-Quartile Range","imputationStrategy":"Mean","isVarTypeChanged":false,"outlierCount":0,"constantFeature":false,"customVarType":"Decimal","dataType":"Decimal","dateComponent":[]},{"missing":0,"unique":248,"max":67.1,"median":32,"min":0,"std":7.88159,"mean":31.99258,"missingProportion":0,"mostlyMissing":false,"colName":"bmi","outlierCorrectionStrategy":"Ignore outlier","outlierDetectionStrategy":"Inter-Quartile Range","imputationStrategy":"Mean","isVarTypeChanged":false,"outlierCount":25,"constantFeature":false,"customVarType":"Decimal","dataType":"Decimal","dateComponent":[]},{"missing":2,"unique":517,"max":2.42,"median":0.371,"min":0.078,"std":0.32487,"mean":0.46951,"missingProportion":0.00186,"mostlyMissing":false,"colName":"diabetespedigreefunction","outlierCorrectionStrategy":"Ignore outlier","outlierDetectionStrategy":"Inter-Quartile Range","imputationStrategy":"Mean","isVarTypeChanged":false,"outlierCount":0,"constantFeature":false,"customVarType":"Decimal","dataType":"Decimal","dateComponent":[]},{"missing":0,"unique":52,"max":81,"median":29,"min":21,"std":11.7564,"mean":33.24089,"missingProportion":0,"mostlyMissing":false,"colName":"age","outlierCorrectionStrategy":"Ignore outlier","outlierDetectionStrategy":"Inter-Quartile Range","imputationStrategy":"Median","isVarTypeChanged":false,"outlierCount":22,"constantFeature":false,"customVarType":"Integer","dataType":"Integer","dateComponent":[]},{"missing":0,"unique":2,"max":1,"median":0,"min":0,"std":0.4768,"mean":0.34896,"missingProportion":0,"mostlyMissing":false,"colName":"outcome","outlierCorrectionStrategy":"","outlierDetectionStrategy":"","imputationStrategy":"Mode","isVarTypeChanged":false,"outlierCount":"","constantFeature":false,"customVarType":"Boolean","dataType":"Boolean","dateComponent":[]}],"edaDuration":"0.20592100000000002","edaMode":"eda","dimReductionFitSize":1,"classNames":[0,1],"createdBy":"6239c25c5c84bb00c656c07c","projectId":"6259128464a5fc00183090dd","createdAt":"2022-04-15T11:11:22.521Z","__v":0},{"isHighDimensional":false,"usingGPU":false,"tasks":[{"currentPipelineFilename":"eda_pipeline-1650021099.pkl","type":"eda","parentPipelineFilename":null}],"_id":"625952ec64a5fc00183092e7","fileId":"625952cb64a5fc00183092dd","dataSetInfo":{"trainSize":60,"devSize":20,"holdoutSize":20,"holdoutFilename":"none","splitDateWise":false},"depVariable":"outcome","algoType":"classification","isMultilabel":false,"paragraphColNames":[],"datetimeColumnName":[],"blankColumn":[],"correctedData":"imputed_dataset-1650021099.csv","imputedDatasetFilepath":"temp_eda-1650021099.csv","outlierPreviewFilepath":"outlier_imputed_dataset-1650021099.csv","indexPath":"indexes-1650021099.pkl","edaSummary":[{"missing":0,"unique":17,"max":17,"median":3,"min":0,"std":3.36848,"mean":3.84505,"missingProportion":0,"mostlyMissing":false,"colName":"pregnancies","outlierCorrectionStrategy":"Ignore outlier","outlierDetectionStrategy":"Inter-Quartile Range","imputationStrategy":"Median","isVarTypeChanged":false,"outlierCount":5,"constantFeature":false,"customVarType":"Integer","dataType":"Integer","dateComponent":[]},{"missing":2,"unique":137,"max":199,"median":117,"min":0,"std":31.86454,"mean":120.7953,"missingProportion":0.00217,"mostlyMissing":false,"colName":"glucose","outlierCorrectionStrategy":"Ignore outlier","outlierDetectionStrategy":"Inter-Quartile Range","imputationStrategy":"Mean","isVarTypeChanged":false,"outlierCount":0,"constantFeature":false,"customVarType":"Decimal","dataType":"Decimal","dateComponent":[]},{"missing":2,"unique":48,"max":122,"median":72,"min":0,"std":19.35811,"mean":69.09126,"missingProportion":0.00217,"mostlyMissing":false,"colName":"bloodpressure","outlierCorrectionStrategy":"Ignore outlier","outlierDetectionStrategy":"Inter-Quartile Range","imputationStrategy":"Mean","isVarTypeChanged":false,"outlierCount":0,"constantFeature":false,"customVarType":"Decimal","dataType":"Decimal","dateComponent":[]},{"missing":0,"unique":51,"max":99,"median":23,"min":0,"std":15.92977,"mean":20.5638,"missingProportion":0,"mostlyMissing":false,"colName":"skinthickness","outlierCorrectionStrategy":"Ignore outlier","outlierDetectionStrategy":"Inter-Quartile Range","imputationStrategy":"Median","isVarTypeChanged":false,"outlierCount":1,"constantFeature":false,"customVarType":"Integer","dataType":"Integer","dateComponent":[]},{"missing":2,"unique":187,"max":846,"median":29,"min":0,"std":115.28153,"mean":79.7953,"missingProportion":0.00217,"mostlyMissing":false,"colName":"insulin","outlierCorrectionStrategy":"Ignore outlier","outlierDetectionStrategy":"Inter-Quartile Range","imputationStrategy":"Mean","isVarTypeChanged":false,"outlierCount":0,"constantFeature":false,"customVarType":"Decimal","dataType":"Decimal","dateComponent":[]},{"missing":0,"unique":248,"max":67.1,"median":32,"min":0,"std":7.88159,"mean":31.99258,"missingProportion":0,"mostlyMissing":false,"colName":"bmi","outlierCorrectionStrategy":"Ignore outlier","outlierDetectionStrategy":"Inter-Quartile Range","imputationStrategy":"Mean","isVarTypeChanged":false,"outlierCount":19,"constantFeature":false,"customVarType":"Decimal","dataType":"Decimal","dateComponent":[]},{"missing":2,"unique":517,"max":2.42,"median":0.371,"min":0.078,"std":0.32487,"mean":0.46951,"missingProportion":0.00217,"mostlyMissing":false,"colName":"diabetespedigreefunction","outlierCorrectionStrategy":"Ignore outlier","outlierDetectionStrategy":"Inter-Quartile Range","imputationStrategy":"Mean","isVarTypeChanged":false,"outlierCount":0,"constantFeature":false,"customVarType":"Decimal","dataType":"Decimal","dateComponent":[]},{"missing":0,"unique":52,"max":81,"median":29,"min":21,"std":11.7564,"mean":33.24089,"missingProportion":0,"mostlyMissing":false,"colName":"age","outlierCorrectionStrategy":"Ignore outlier","outlierDetectionStrategy":"Inter-Quartile Range","imputationStrategy":"Median","isVarTypeChanged":false,"outlierCount":18,"constantFeature":false,"customVarType":"Integer","dataType":"Integer","dateComponent":[]},{"missing":0,"unique":2,"max":1,"median":0,"min":0,"std":0.4768,"mean":0.34896,"missingProportion":0,"mostlyMissing":false,"colName":"outcome","outlierCorrectionStrategy":"","outlierDetectionStrategy":"","imputationStrategy":"Mode","isVarTypeChanged":false,"outlierCount":"","constantFeature":false,"customVarType":"Boolean","dataType":"Boolean","dateComponent":[]}],"edaDuration":"0.20944799999999997","edaMode":"eda","dimReductionFitSize":1,"classNames":[0,1],"createdBy":"6239c25c5c84bb00c656c07c","projectId":"6259128464a5fc00183090dd","createdAt":"2022-04-15T11:11:40.002Z","__v":0}]