[{"fileEncoding":"utf_8","fileSchema":[{"colName":"pregnancies","dataType":"Integer","originalColName":"Pregnancies","isAutoGenerated":false},{"colName":"glucose","dataType":"Decimal","originalColName":"Glucose","isAutoGenerated":false},{"colName":"bloodpressure","dataType":"Decimal","originalColName":"BloodPressure","isAutoGenerated":false},{"colName":"skinthickness","dataType":"Integer","originalColName":"SkinThickness","isAutoGenerated":false},{"colName":"insulin","dataType":"Decimal","originalColName":"Insulin","isAutoGenerated":false},{"colName":"bmi","dataType":"Decimal","originalColName":"BMI","isAutoGenerated":false},{"colName":"diabetespedigreefunction","dataType":"Decimal","originalColName":"DiabetesPedigreeFunction","isAutoGenerated":false},{"colName":"age","dataType":"Integer","originalColName":"Age","isAutoGenerated":false},{"colName":"outcome","dataType":"Boolean","originalColName":"Outcome","isAutoGenerated":false}],"descriptiveStatistics":[{"colName":"pregnancies","missing":0,"mean":3.84505,"std":3.36958,"min":0,"median":3,"max":17,"unique":17},{"colName":"glucose","missing":1,"mean":120.7953,"std":31.87494,"min":0,"median":117,"max":199,"unique":137},{"colName":"bloodpressure","missing":1,"mean":69.09126,"std":19.36443,"min":0,"median":72,"max":122,"unique":48},{"colName":"skinthickness","missing":0,"mean":20.5638,"std":15.93496,"min":0,"median":23,"max":99,"unique":51},{"colName":"insulin","missing":1,"mean":79.7953,"std":115.31915,"min":0,"median":29,"max":846,"unique":187},{"colName":"bmi","missing":0,"mean":31.99258,"std":7.88416,"min":0,"median":32,"max":67.1,"unique":248},{"colName":"diabetespedigreefunction","missing":1,"mean":0.46951,"std":0.32498,"min":0.078,"median":0.371,"max":2.42,"unique":517},{"colName":"age","missing":0,"mean":33.24089,"std":11.76023,"min":21,"median":29,"max":81,"unique":52},{"colName":"outcome","missing":0,"mean":0.34896,"std":0.47695,"min":0,"median":0,"max":1,"unique":2}],"tasks":[{"type":"upload","parentPipelineFilename":null,"currentPipelineFilename":null}],"isParent":true,"isDeleted":false,"_id":"625912c064a5fc00183090e0","fileSource":"upload","dataGroupId":"6259128564a5fc00183090de","filename":"upload-diabetes-train-1650004672389.pkl","fileSize":19713,"noOfRows":"768","noOfCols":"9","projectId":"6259128464a5fc00183090dd","createdBy":"6239c25c5c84bb00c656c07c","rawFileName":"upload-diabetes-train-1650004672389.csv","createdAt":"2022-04-15T06:37:52.525Z","updatedAt":"2022-04-15T06:37:52.525Z","__v":0,"currentEdaId":"6259134264a5fc00183090e7"},{"fileEncoding":"utf_8","fileSchema":[{"colName":"pregnancies","dataType":"Integer","originalColName":"Pregnancies","isAutoGenerated":false},{"colName":"glucose","dataType":"Decimal","originalColName":"Glucose","isAutoGenerated":false},{"colName":"bloodpressure","dataType":"Decimal","originalColName":"BloodPressure","isAutoGenerated":false},{"colName":"skinthickness","dataType":"Integer","originalColName":"SkinThickness","isAutoGenerated":false},{"colName":"insulin","dataType":"Decimal","originalColName":"Insulin","isAutoGenerated":false},{"colName":"bmi","dataType":"Decimal","originalColName":"BMI","isAutoGenerated":false},{"colName":"diabetespedigreefunction","dataType":"Decimal","originalColName":"DiabetesPedigreeFunction","isAutoGenerated":false},{"colName":"age","dataType":"Integer","originalColName":"Age","isAutoGenerated":false},{"colName":"outcome","dataType":"Boolean","originalColName":"Outcome","isAutoGenerated":false}],"descriptiveStatistics":[{"colName":"pregnancies","missing":0,"mean":3.84505,"std":3.36958,"min":0,"median":3,"max":17,"unique":17},{"colName":"glucose","missing":1,"mean":120.7953,"std":31.87494,"min":0,"median":117,"max":199,"unique":137},{"colName":"bloodpressure","missing":1,"mean":69.09126,"std":19.36443,"min":0,"median":72,"max":122,"unique":48},{"colName":"skinthickness","missing":0,"mean":20.5638,"std":15.93496,"min":0,"median":23,"max":99,"unique":51},{"colName":"insulin","missing":1,"mean":79.7953,"std":115.31915,"min":0,"median":29,"max":846,"unique":187},{"colName":"bmi","missing":0,"mean":31.99258,"std":7.88416,"min":0,"median":32,"max":67.1,"unique":248},{"colName":"diabetespedigreefunction","missing":1,"mean":0.46951,"std":0.32498,"min":0.078,"median":0.371,"max":2.42,"unique":517},{"colName":"age","missing":0,"mean":33.24089,"std":11.76023,"min":21,"median":29,"max":81,"unique":52},{"colName":"outcome","missing":0,"mean":0.34896,"std":0.47695,"min":0,"median":0,"max":1,"unique":2}],"tasks":[{"type":"upload","parentPipelineFilename":null,"currentPipelineFilename":null}],"isParent":true,"isDeleted":false,"_id":"625912d164a5fc00183090e2","fileSource":"upload","dataGroupId":"6259128564a5fc00183090de","filename":"upload-diabetes-test-1650004689164.pkl","fileSize":19713,"noOfRows":"768","noOfCols":"9","projectId":"6259128464a5fc00183090dd","createdBy":"6239c25c5c84bb00c656c07c","rawFileName":"upload-diabetes-test-1650004689164.csv","createdAt":"2022-04-15T06:38:09.317Z","updatedAt":"2022-04-15T06:38:09.317Z","__v":0},{"fileEncoding":"utf_8","fileSchema":[{"colName":"pregnancies","dataType":"Integer","originalColName":"Pregnancies","isAutoGenerated":false},{"colName":"glucose","dataType":"Decimal","originalColName":"Glucose","isAutoGenerated":false},{"colName":"bloodpressure","dataType":"Decimal","originalColName":"BloodPressure","isAutoGenerated":false},{"colName":"skinthickness","dataType":"Integer","originalColName":"SkinThickness","isAutoGenerated":false},{"colName":"insulin","dataType":"Decimal","originalColName":"Insulin","isAutoGenerated":false},{"colName":"bmi","dataType":"Decimal","originalColName":"BMI","isAutoGenerated":false},{"colName":"diabetespedigreefunction","dataType":"Decimal","originalColName":"DiabetesPedigreeFunction","isAutoGenerated":false},{"colName":"age","dataType":"Integer","originalColName":"Age","isAutoGenerated":false},{"colName":"outcome","dataType":"Boolean","originalColName":"Outcome","isAutoGenerated":false}],"descriptiveStatistics":[{"colName":"pregnancies","missing":0,"mean":3.84505,"std":3.36848,"min":0,"median":3,"max":17,"unique":17},{"colName":"glucose","missing":2,"mean":120.7953,"std":31.86454,"min":0,"median":117,"max":199,"unique":137},{"colName":"bloodpressure","missing":2,"mean":69.09126,"std":19.35811,"min":0,"median":72,"max":122,"unique":48},{"colName":"skinthickness","missing":0,"mean":20.5638,"std":15.92977,"min":0,"median":23,"max":99,"unique":51},{"colName":"insulin","missing":2,"mean":79.7953,"std":115.28153,"min":0,"median":29,"max":846,"unique":187},{"colName":"bmi","missing":0,"mean":31.99258,"std":7.88159,"min":0,"median":32,"max":67.1,"unique":248},{"colName":"diabetespedigreefunction","missing":2,"mean":0.46951,"std":0.32487,"min":0.078,"median":0.371,"max":2.42,"unique":517},{"colName":"age","missing":0,"mean":33.24089,"std":11.7564,"min":21,"median":29,"max":81,"unique":52},{"colName":"outcome","missing":0,"mean":0.34896,"std":0.4768,"min":0,"median":0,"max":1,"unique":2}],"tasks":[{"type":"upload","parentPipelineFilename":null,"currentPipelineFilename":null}],"isParent":true,"isDeleted":false,"_id":"625952cb64a5fc00183092dd","fileSource":"upload","dataGroupId":"6259128564a5fc00183090de","filename":"upload-Diabetes_Concated_Data.pkl","fileSize":38145,"noOfRows":"1.54K","noOfCols":"9","projectId":"6259128464a5fc00183090dd","createdBy":"6239c25c5c84bb00c656c07c","rawFileName":"upload-Diabetes_Concated_Data.csv","createdAt":"2022-04-15T11:11:07.272Z","updatedAt":"2022-04-15T11:11:07.272Z","__v":0,"currentEdaId":"625952ec64a5fc00183092e7"}]