[{"_id":"6259136c64a5fc00183090ed","createdBy":"6239c25c5c84bb00c656c07c","projectId":"6259128464a5fc00183090dd","trainingId":"6259136c64a5fc00183090ea","modelMetaData":{"modelTuning":null,"algoName":"Random Forest Classification","modelPath":"random_forest_classification-1650004844.sav","dev":{"testScore":0.74,"losses":[{"name":"Log Loss","value":0.93},{"name":"Hamming Loss","value":0.26}],"matCoeff":0.40190991092702405,"rocScore":0.8002354788069075,"overallScore":0.517549863102315,"f1Score":0.6961196820944366},"holdout":{"testScore":0.740506329113924,"losses":[{"name":"Log Loss","value":0.72},{"name":"Hamming Loss","value":0.26}],"matCoeff":0.3995391678750254,"rocScore":0.8005295675198588,"overallScore":0.5349586425016539,"f1Score":0.6914503453203144},"timeElapsed":0.24921051661173502,"bestParams":{"hpt":[{"name":"n_estimators","data":10},{"name":"criterion","data":"gini"},{"name":"max_depth","data":null},{"name":"min_samples_split","data":2},{"name":"min_samples_leaf","data":1},{"name":"min_weight_fraction_leaf","data":0},{"name":"max_features","data":"auto"},{"name":"max_leaf_nodes","data":null},{"name":"min_impurity_decrease","data":0},{"name":"bootstrap","data":true}]},"featureImportance":[{"colName":"age","importance":0.1616},{"colName":"bloodpressure","importance":0.0915},{"colName":"bmi","importance":0.1274},{"colName":"diabetespedigreefunction","importance":0.1349},{"colName":"glucose","importance":0.2383},{"colName":"insulin","importance":0.0798},{"colName":"pregnancies","importance":0.0807},{"colName":"skinthickness","importance":0.0858}]},"trainPipeFilePath":"task_pipeline-1650004844.pkl","hptPreference":null,"reTrainFileId":null,"isDataSplitted":true,"status":"success","idealPersona":{"pregnancies":7,"glucose":181,"bloodpressure":84,"skinthickness":21,"insulin":192,"bmi":35.9,"diabetespedigreefunction":0.59,"age":51},"transformedDatasetPath":"transformed_data_dict-1650004844.pkl","edaId":null,"createdAt":"2022-04-15T06:40:44.439Z","__v":0},{"_id":"6259136c64a5fc00183090ef","createdBy":"6239c25c5c84bb00c656c07c","projectId":"6259128464a5fc00183090dd","trainingId":"6259136c64a5fc00183090ea","modelMetaData":{"modelTuning":null,"algoName":"XGBoost Classification","modelPath":"xgboost_classification-1650004844.sav","dev":{"testScore":0.7666666666666667,"losses":[{"name":"Log Loss","value":0.5},{"name":"Hamming Loss","value":0.23}],"matCoeff":0.4707565417620042,"rocScore":0.8328100470957615,"overallScore":0.5736665117563854,"f1Score":0.7333807323142554},"holdout":{"testScore":0.7784810126582279,"losses":[{"name":"Log Loss","value":0.51},{"name":"Hamming Loss","value":0.22}],"matCoeff":0.5140238993227241,"rocScore":0.8177405119152692,"overallScore":0.5817925354248503,"f1Score":0.7569764886838057},"timeElapsed":0.3130780855814616,"bestParams":{"hpt":[{"name":"max_depth","data":3},{"name":"learning_rate","data":0.1},{"name":"n_estimators","data":100},{"name":"colsample_bytree","data":1},{"name":"gamma","data":0},{"name":"subsample","data":1},{"name":"reg_alpha","data":0},{"name":"scale_pos_weight","data":1}]},"featureImportance":[{"colName":"age","importance":0.12929999828338623},{"colName":"bloodpressure","importance":0.06440000236034393},{"colName":"bmi","importance":0.11670000106096268},{"colName":"diabetespedigreefunction","importance":0.07519999891519547},{"colName":"glucose","importance":0.3325999975204468},{"colName":"insulin","importance":0.10369999706745148},{"colName":"pregnancies","importance":0.1014999970793724},{"colName":"skinthickness","importance":0.07670000195503235}],"cvData":{"cvScore":0.7,"status":"done"}},"trainPipeFilePath":"task_pipeline-1650004844.pkl","hptPreference":null,"reTrainFileId":null,"isDataSplitted":true,"status":"success","idealPersona":{"pregnancies":9,"glucose":156,"bloodpressure":86,"skinthickness":28,"insulin":155,"bmi":34.3,"diabetespedigreefunction":1.19,"age":42},"transformedDatasetPath":"transformed_data_dict-1650004844.pkl","edaId":null,"createdAt":"2022-04-15T06:40:44.796Z","__v":0,"validationStrategy":{"metric":"accuracy","technique":"stratifiedKFold","nSplit":5}},{"_id":"6259530364a5fc00183092ee","createdBy":"6239c25c5c84bb00c656c07c","projectId":"6259128464a5fc00183090dd","trainingId":"6259530264a5fc00183092ea","modelMetaData":{"modelTuning":null,"algoName":"KNN Classification","modelPath":"knn_classification-1650021122.sav","dev":{"testScore":0.7641196013289037,"losses":[{"name":"Log Loss","value":1.66},{"name":"Hamming Loss","value":0.24}],"matCoeff":0.4732606494659533,"rocScore":0.7971574344023323,"overallScore":0.47845200618470946,"f1Score":0.7361507216316654},"holdout":{"testScore":0.767515923566879,"losses":[{"name":"Log Loss","value":1.39},{"name":"Hamming Loss","value":0.23}],"matCoeff":0.4787033449589503,"rocScore":0.8052584670231729,"overallScore":0.5028881338229341,"f1Score":0.7382466798369323},"timeElapsed":0.459669303894043,"bestParams":{"hpt":[{"name":"n_neighbors","data":5},{"name":"weights","data":"uniform"},{"name":"algorithm","data":"auto"},{"name":"leaf_size","data":30},{"name":"p","data":2},{"name":"metric","data":"minkowski"}]}},"trainPipeFilePath":"task_pipeline-1650021122.pkl","hptPreference":null,"reTrainFileId":null,"isDataSplitted":true,"status":"success","idealPersona":{"pregnancies":4,"glucose":156,"bloodpressure":75,"skinthickness":0,"insulin":0,"bmi":48.3,"diabetespedigreefunction":0.24,"age":32},"transformedDatasetPath":"transformed_data_dict-1650021122.pkl","edaId":null,"createdAt":"2022-04-15T11:12:03.254Z","__v":0},{"_id":"6259530364a5fc00183092f1","createdBy":"6239c25c5c84bb00c656c07c","projectId":"6259128464a5fc00183090dd","trainingId":"6259530264a5fc00183092ea","modelMetaData":{"modelTuning":null,"algoName":"LightGBM Classification","modelPath":"lightgbm_classification-1650021123.sav","dev":{"testScore":0.8704318936877077,"losses":[{"name":"Log Loss","value":0.4},{"name":"Hamming Loss","value":0.13}],"matCoeff":0.7154441271197286,"rocScore":0.9164965986394558,"overallScore":0.6647049786116902,"f1Score":0.8577108156264773},"holdout":{"testScore":0.9012738853503185,"losses":[{"name":"Log Loss","value":0.31},{"name":"Hamming Loss","value":0.1}],"matCoeff":0.7808484416155917,"rocScore":0.9384358288770054,"overallScore":0.6964905707475891,"f1Score":0.8898806493579954},"timeElapsed":0.5899822235107421,"bestParams":{"hpt":[{"name":"learning_rate","data":0.1},{"name":"boosting_type","data":"gbdt"},{"name":"num_leaves","data":31},{"name":"max_depth","data":-1},{"name":"n_estimators","data":100}]},"featureImportance":[{"colName":"age","importance":371},{"colName":"bloodpressure","importance":317},{"colName":"bmi","importance":538},{"colName":"diabetespedigreefunction","importance":563},{"colName":"glucose","importance":505},{"colName":"insulin","importance":185},{"colName":"pregnancies","importance":264},{"colName":"skinthickness","importance":257}]},"trainPipeFilePath":"task_pipeline-1650021122.pkl","hptPreference":null,"reTrainFileId":null,"isDataSplitted":true,"status":"success","idealPersona":{"pregnancies":0,"glucose":179,"bloodpressure":50,"skinthickness":36,"insulin":159,"bmi":37.8,"diabetespedigreefunction":0.46,"age":22},"transformedDatasetPath":"transformed_data_dict-1650021122.pkl","edaId":null,"createdAt":"2022-04-15T11:12:03.976Z","__v":0},{"_id":"625d0692c73e7b0023477b6f","createdBy":"6239c25c5c84bb00c656c07c","projectId":"6259128464a5fc00183090dd","trainingId":"625d0692c73e7b0023477b6c","modelMetaData":{"modelTuning":null,"algoName":"KNN Classification","modelPath":"knn_classification-1650263698.sav","dev":{"testScore":0.7641196013289037,"losses":[{"name":"Log Loss","value":1.66},{"name":"Hamming Loss","value":0.24}],"matCoeff":0.4732606494659533,"rocScore":0.7971574344023323,"overallScore":0.47845200618470946,"f1Score":0.7361507216316654},"holdout":{"testScore":0.767515923566879,"losses":[{"name":"Log Loss","value":1.39},{"name":"Hamming Loss","value":0.23}],"matCoeff":0.4787033449589503,"rocScore":0.8052584670231729,"overallScore":0.5028881338229341,"f1Score":0.7382466798369323},"timeElapsed":0.2662083148956299,"bestParams":{"hpt":[{"name":"n_neighbors","data":5},{"name":"weights","data":"uniform"},{"name":"algorithm","data":"auto"},{"name":"leaf_size","data":30},{"name":"p","data":2},{"name":"metric","data":"minkowski"}]}},"trainPipeFilePath":"task_pipeline-1650263698.pkl","hptPreference":null,"reTrainFileId":null,"isDataSplitted":true,"status":"success","idealPersona":{"pregnancies":4,"glucose":156,"bloodpressure":75,"skinthickness":0,"insulin":0,"bmi":48.3,"diabetespedigreefunction":0.24,"age":32},"transformedDatasetPath":"transformed_data_dict-1650263698.pkl","edaId":null,"createdAt":"2022-04-18T06:34:58.846Z","__v":0},{"_id":"625d0693c73e7b0023477b72","createdBy":"6239c25c5c84bb00c656c07c","projectId":"6259128464a5fc00183090dd","trainingId":"625d0692c73e7b0023477b6c","modelMetaData":{"modelTuning":null,"algoName":"Ensemble Extra Trees Classification","modelPath":"ensemble_extra_trees_classification-1650263698.sav","dev":{"testScore":0.8970099667774086,"losses":[{"name":"Log Loss","value":0.54},{"name":"Hamming Loss","value":0.1}],"matCoeff":0.7707783092179415,"rocScore":0.9509718172983479,"overallScore":0.6740072857632345,"f1Score":0.8847982024025581},"holdout":{"testScore":0.8949044585987261,"losses":[{"name":"Log Loss","value":0.55},{"name":"Hamming Loss","value":0.11}],"matCoeff":0.766261494241187,"rocScore":0.9440062388591801,"overallScore":0.6719728949992735,"f1Score":0.8822326025435576},"timeElapsed":0.364263916015625,"bestParams":{"hpt":[{"name":"criterion","data":"gini"},{"name":"max_depth","data":null},{"name":"min_samples_split","data":2},{"name":"min_samples_leaf","data":1},{"name":"min_weight_fraction_leaf","data":0},{"name":"max_features","data":"auto"},{"name":"max_leaf_nodes","data":null},{"name":"min_impurity_decrease","data":0},{"name":"n_estimators","data":10},{"name":"bootstrap","data":false}]},"featureImportance":[{"colName":"age","importance":0.1617},{"colName":"bloodpressure","importance":0.0925},{"colName":"bmi","importance":0.1387},{"colName":"diabetespedigreefunction","importance":0.1218},{"colName":"glucose","importance":0.2081},{"colName":"insulin","importance":0.0751},{"colName":"pregnancies","importance":0.1164},{"colName":"skinthickness","importance":0.0858}]},"trainPipeFilePath":"task_pipeline-1650263698.pkl","hptPreference":null,"reTrainFileId":null,"isDataSplitted":true,"status":"success","idealPersona":{"pregnancies":7,"glucose":184,"bloodpressure":84,"skinthickness":33,"insulin":0,"bmi":35.5,"diabetespedigreefunction":0.35,"age":41},"transformedDatasetPath":"transformed_data_dict-1650263698.pkl","edaId":null,"createdAt":"2022-04-18T06:34:59.277Z","__v":0},{"_id":"625d0693c73e7b0023477b73","createdBy":"6239c25c5c84bb00c656c07c","projectId":"6259128464a5fc00183090dd","trainingId":"625d0692c73e7b0023477b6c","modelMetaData":{"modelTuning":null,"algoName":"LightGBM Classification","modelPath":"lightgbm_classification-1650263699.sav","dev":{"testScore":0.8704318936877077,"losses":[{"name":"Log Loss","value":0.4},{"name":"Hamming Loss","value":0.13}],"matCoeff":0.7154441271197286,"rocScore":0.9164965986394558,"overallScore":0.6647049786116902,"f1Score":0.8577108156264773},"holdout":{"testScore":0.9012738853503185,"losses":[{"name":"Log Loss","value":0.31},{"name":"Hamming Loss","value":0.1}],"matCoeff":0.7808484416155917,"rocScore":0.9384358288770054,"overallScore":0.6964905707475891,"f1Score":0.8898806493579954},"timeElapsed":0.3927811622619629,"bestParams":{"hpt":[{"name":"learning_rate","data":0.1},{"name":"boosting_type","data":"gbdt"},{"name":"num_leaves","data":31},{"name":"max_depth","data":-1},{"name":"n_estimators","data":100}]},"featureImportance":[{"colName":"age","importance":371},{"colName":"bloodpressure","importance":317},{"colName":"bmi","importance":538},{"colName":"diabetespedigreefunction","importance":563},{"colName":"glucose","importance":505},{"colName":"insulin","importance":185},{"colName":"pregnancies","importance":264},{"colName":"skinthickness","importance":257}]},"trainPipeFilePath":"task_pipeline-1650263698.pkl","hptPreference":null,"reTrainFileId":null,"isDataSplitted":true,"status":"success","idealPersona":{"pregnancies":0,"glucose":179,"bloodpressure":50,"skinthickness":36,"insulin":159,"bmi":37.8,"diabetespedigreefunction":0.46,"age":22},"transformedDatasetPath":"transformed_data_dict-1650263698.pkl","edaId":null,"createdAt":"2022-04-18T06:34:59.628Z","__v":0}]