[{"fileEncoding":"utf_8","isDeleted":false,"_id":"625912c064a5fc00183090e1","createdBy":"6239c25c5c84bb00c656c07c","dataGroupId":"6259128564a5fc00183090de","filename":"upload-diabetes-train-1650004672389.csv","fileSize":"23864","fileSource":"upload","projectId":"6259128464a5fc00183090dd","parsed":true,"message":"Valid data","updatedAt":"2022-04-15T06:37:52.526Z","createdAt":"2022-04-15T06:37:52.526Z","__v":0},{"fileEncoding":"utf_8","isDeleted":false,"_id":"625912d164a5fc00183090e3","createdBy":"6239c25c5c84bb00c656c07c","dataGroupId":"6259128564a5fc00183090de","filename":"upload-diabetes-test-1650004689164.csv","fileSize":"23095","fileSource":"upload","projectId":"6259128464a5fc00183090dd","parsed":true,"message":"Valid data","updatedAt":"2022-04-15T06:38:09.318Z","createdAt":"2022-04-15T06:38:09.318Z","__v":0},{"fileEncoding":"utf_8","isDeleted":false,"_id":"625952cb64a5fc00183092de","createdBy":"6239c25c5c84bb00c656c07c","dataGroupId":"6259128564a5fc00183090de","filename":"upload-Diabetes_Concated_Data.csv","fileSize":"55665","fileSource":"upload","projectId":"6259128464a5fc00183090dd","parsed":true,"message":"Valid data","updatedAt":"2022-04-15T11:11:07.274Z","createdAt":"2022-04-15T11:11:07.274Z","__v":0}]