[{"sampling":"none","dropOriginal":false,"_id":"625d0692c73e7b0023477b6c","targetType":"Binary","originalFileId":"625952cb64a5fc00183092dd","depVariable":"outcome","indepVariable":[{"colName":"pregnancies"},{"colName":"glucose"},{"colName":"bloodpressure"},{"colName":"skinthickness"},{"colName":"insulin"},{"colName":"bmi"},{"colName":"diabetespedigreefunction"},{"colName":"age"}],"algorithms":["KNN Classification","Ensemble Extra Trees Classification","LightGBM Classification"],"algoType":"classification","isMultilabel":false,"edaId":"625952ec64a5fc00183092e7","problemType":"predictive_modeling","autoFeatureGenTasks":null,"ordinalEncoderMap":[],"classNames":[0,1],"predictiveModelingInfo":{"featuresToTransform":[],"applyToTarget":false,"decomposition":"none","components":2,"featureSelectionMethod":"none","scoringFunction":"f_classif","featurePercentage":70,"nFeaturesToSelect":70,"step":"none","customFeatures":[],"featureScaling":"none","normalizationMethod":"none","featureSelectionEstimator":"none","featureSelectionStep":"none","featureSelectionCV":"none"},"nlpConfigs":[],"createdBy":"6239c25c5c84bb00c656c07c","projectId":"6259128464a5fc00183090dd","fileEncoding":"utf_8","name":"Model : Diabetes","metaInfo":{"fileName":"upload-Diabetes_Concated_Data.pkl"},"noOfFeatures":8,"afterEdaFileId":"625952cb64a5fc00183092dd","createdAt":"2022-04-18T06:34:58.463Z","__v":2}]