[{"_id":"62baf499beb2740007c4071c","projectId":"62baf499beb2740007c4071a","userId":"6243ef48e252360020b51f80","level":"info","message":"project directory created","createdAt":"2022-06-28T12:31:21.472Z","__v":0},{"_id":"62baf4a8beb2740007c40720","projectId":"62baf499beb2740007c4071a","userId":"6243ef48e252360020b51f80","level":"error","message":"Initialized eda progress.","createdAt":"2022-06-28T12:31:36.045Z","__v":0},{"_id":"62baf4a8beb2740007c40721","projectId":"62baf499beb2740007c4071a","userId":"6243ef48e252360020b51f80","level":"info","message":"auto Eda started","createdAt":"2022-06-28T12:31:36.046Z","__v":0},{"_id":"62baf4b2beb2740007c40723","projectId":"62baf499beb2740007c4071a","userId":"6243ef48e252360020b51f80","level":"info","message":"eda eda completed and data saved to database","createdAt":"2022-06-28T12:31:46.793Z","__v":0},{"_id":"62baf4b9beb2740007c40724","projectId":"62baf499beb2740007c4071a","userId":"6243ef48e252360020b51f80","level":"info","message":"Listing models","createdAt":"2022-06-28T12:31:53.597Z","__v":0},{"_id":"62baf4e9beb2740007c40726","projectId":"62baf499beb2740007c4071a","userId":"6243ef48e252360020b51f80","level":"info","message":"Training started","createdAt":"2022-06-28T12:32:41.764Z","__v":0},{"_id":"62baf4f8beb2740007c40728","projectId":"62baf499beb2740007c4071a","userId":"6243ef48e252360020b51f80","level":"info","message":"Listing trainings","createdAt":"2022-06-28T12:32:56.958Z","__v":0},{"_id":"62baf5febeb2740007c4072a","projectId":"62baf499beb2740007c4071a","userId":"6243ef48e252360020b51f80","level":"info","message":"Listing models","createdAt":"2022-06-28T12:37:18.959Z","__v":0},{"_id":"62baf5ffbeb2740007c4072b","projectId":"62baf499beb2740007c4071a","userId":"6243ef48e252360020b51f80","level":"info","message":"Listing trainings","createdAt":"2022-06-28T12:37:19.729Z","__v":0},{"_id":"62bb092abeb2740007c4072e","projectId":"62baf499beb2740007c4071a","userId":"6243ef48e252360020b51f80","level":"info","message":"Listing models","createdAt":"2022-06-28T13:59:06.310Z","__v":0},{"_id":"62bb0944beb2740007c4072f","projectId":"62baf499beb2740007c4071a","userId":"6243ef48e252360020b51f80","level":"info","message":"Listing trainings","createdAt":"2022-06-28T13:59:32.385Z","__v":0},{"_id":"62bb0c90beb2740007c40730","projectId":"62baf499beb2740007c4071a","userId":"6243ef48e252360020b51f80","level":"info","message":"Listing trainings","createdAt":"2022-06-28T14:13:36.128Z","__v":0},{"_id":"62bb0d34beb2740007c40731","projectId":"62baf499beb2740007c4071a","userId":"6243ef48e252360020b51f80","level":"info","message":"Listing models","createdAt":"2022-06-28T14:16:20.976Z","__v":0},{"_id":"62bb0d44beb2740007c40732","projectId":"62baf499beb2740007c4071a","userId":"6243ef48e252360020b51f80","level":"info","message":"Listing trainings","createdAt":"2022-06-28T14:16:36.560Z","__v":0},{"_id":"62bb0d8bbeb2740007c40733","projectId":"62baf499beb2740007c4071a","userId":"6243ef48e252360020b51f80","level":"info","message":"Listing trainings","createdAt":"2022-06-28T14:17:47.868Z","__v":0},{"_id":"62bb0ee1beb2740007c40736","projectId":"62baf499beb2740007c4071a","userId":"6243ef48e252360020b51f80","level":"info","message":"Listing trainings","createdAt":"2022-06-28T14:23:29.259Z","__v":0},{"_id":"62bb0fccbeb2740007c40737","projectId":"62baf499beb2740007c4071a","userId":"6243ef48e252360020b51f80","level":"info","message":"Listing trainings","createdAt":"2022-06-28T14:27:24.241Z","__v":0},{"_id":"62bc2e8412b75c0007bce2d7","projectId":"62baf499beb2740007c4071a","userId":"6243ef48e252360020b51f80","level":"info","message":"Listing trainings","createdAt":"2022-06-29T10:50:44.217Z","__v":0},{"_id":"62bc2e8c12b75c0007bce2d8","projectId":"62baf499beb2740007c4071a","userId":"6243ef48e252360020b51f80","level":"info","message":"Listing models","createdAt":"2022-06-29T10:50:52.305Z","__v":0},{"_id":"62bc367a12b75c0007bce2d9","projectId":"62baf499beb2740007c4071a","userId":"6243ef48e252360020b51f80","level":"info","message":"Listing trainings","createdAt":"2022-06-29T11:24:42.794Z","__v":0},{"_id":"62bd37a25154a10007d28fd7","projectId":"62baf499beb2740007c4071a","userId":"6243ef48e252360020b51f80","level":"info","message":"Listing trainings","createdAt":"2022-06-30T05:41:54.726Z","__v":0},{"_id":"62bd425d5154a10007d28fda","projectId":"62baf499beb2740007c4071a","userId":"6243ef48e252360020b51f80","level":"info","message":"Listing models","createdAt":"2022-06-30T06:27:41.169Z","__v":0},{"_id":"62bd42735154a10007d28fdb","projectId":"62baf499beb2740007c4071a","userId":"6243ef48e252360020b51f80","level":"info","message":"Listing trainings","createdAt":"2022-06-30T06:28:03.755Z","__v":0},{"_id":"62bd46245154a10007d28fdc","projectId":"62baf499beb2740007c4071a","userId":"6243ef48e252360020b51f80","level":"info","message":"Listing trainings","createdAt":"2022-06-30T06:43:48.147Z","__v":0},{"_id":"62bd469c5154a10007d28fdd","projectId":"62baf499beb2740007c4071a","userId":"6243ef48e252360020b51f80","level":"info","message":"Listing models","createdAt":"2022-06-30T06:45:48.220Z","__v":0},{"_id":"62bd469e5154a10007d28fde","projectId":"62baf499beb2740007c4071a","userId":"6243ef48e252360020b51f80","level":"info","message":"Listing trainings","createdAt":"2022-06-30T06:45:50.221Z","__v":0},{"_id":"62bd47435154a10007d28fdf","projectId":"62baf499beb2740007c4071a","userId":"6243ef48e252360020b51f80","level":"info","message":"Downloading analysis report","createdAt":"2022-06-30T06:48:35.215Z","__v":0},{"_id":"62bd49a65154a10007d28fe0","projectId":"62baf499beb2740007c4071a","userId":"6243ef48e252360020b51f80","level":"info","message":"Listing trainings","createdAt":"2022-06-30T06:58:46.144Z","__v":0},{"_id":"62bd7f51082dbb0007745e09","projectId":"62baf499beb2740007c4071a","userId":"6243ef48e252360020b51f80","level":"info","message":"Listing trainings","createdAt":"2022-06-30T10:47:45.887Z","__v":0},{"_id":"62c27f0d0346ef000750d45f","projectId":"62baf499beb2740007c4071a","userId":"6243ef48e252360020b51f80","level":"info","message":"Listing trainings","createdAt":"2022-07-04T05:47:57.592Z","__v":0},{"_id":"62c280250346ef000750d471","projectId":"62baf499beb2740007c4071a","userId":"6243ef48e252360020b51f80","level":"info","message":"Listing trainings","createdAt":"2022-07-04T05:52:37.650Z","__v":0}]