[{"isHighDimensional":true,"usingGPU":false,"tasks":[{"currentPipelineFilename":"eda_pipeline-1656419506.pkl","type":"eda","parentPipelineFilename":null}],"_id":"62baf4b2beb2740007c40722","fileId":"62baf4a2beb2740007c4071d","dataSetInfo":{"trainSize":0,"devSize":null,"holdoutSize":0,"holdoutFilename":"none","splitDateWise":false},"isMultipleTimeseries":false,"timeseriesIds":null,"paragraphColNames":[],"datetimeColumnName":[],"blankColumn":[],"correctedData":"imputed_dataset-1656419506.csv","imputedDatasetFilepath":"temp_eda-1656419506.csv","outlierPreviewFilepath":"outlier_imputed_dataset-1656419506.csv","edaSummary":[{"missing":0,"unique":8950,"max":"","median":"","min":"","std":"","mean":"","missingProportion":0,"mostlyMissing":false,"colName":"cust_id","outlierCorrectionStrategy":"","outlierDetectionStrategy":"","imputationStrategy":"Mode","isVarTypeChanged":false,"outlierCount":"","constantFeature":false,"customVarType":"Categorical","dataType":"Categorical","dateComponent":[]},{"missing":0,"unique":8871,"max":19043.13867,"median":873.38525,"min":0,"std":2081.53198,"mean":1564.47485,"missingProportion":0,"mostlyMissing":false,"colName":"balance","outlierCorrectionStrategy":"Ignore outlier","outlierDetectionStrategy":"Inter-Quartile Range","imputationStrategy":"Mean","isVarTypeChanged":false,"outlierCount":695,"constantFeature":false,"customVarType":"Decimal","dataType":"Decimal","dateComponent":[]},{"missing":0,"unique":43,"max":1,"median":1,"min":0,"std":0.2369,"mean":0.87727,"missingProportion":0,"mostlyMissing":false,"colName":"balance_frequency","outlierCorrectionStrategy":"Ignore outlier","outlierDetectionStrategy":"Inter-Quartile Range","imputationStrategy":"Mean","isVarTypeChanged":false,"outlierCount":1493,"constantFeature":false,"customVarType":"Decimal","dataType":"Decimal","dateComponent":[]},{"missing":0,"unique":6203,"max":49039.57031,"median":361.28,"min":0,"std":2136.63477,"mean":1003.2049,"missingProportion":0,"mostlyMissing":false,"colName":"purchases","outlierCorrectionStrategy":"Ignore outlier","outlierDetectionStrategy":"Inter-Quartile Range","imputationStrategy":"Mean","isVarTypeChanged":false,"outlierCount":808,"constantFeature":false,"customVarType":"Decimal","dataType":"Decimal","dateComponent":[]},{"missing":0,"unique":4014,"max":40761.25,"median":38,"min":0,"std":1659.88782,"mean":592.43744,"missingProportion":0,"mostlyMissing":false,"colName":"oneoff_purchases","outlierCorrectionStrategy":"Ignore outlier","outlierDetectionStrategy":"Inter-Quartile Range","imputationStrategy":"Mean","isVarTypeChanged":false,"outlierCount":1013,"constantFeature":false,"customVarType":"Decimal","dataType":"Decimal","dateComponent":[]},{"missing":0,"unique":4452,"max":22500,"median":89,"min":0,"std":904.33813,"mean":411.06766,"missingProportion":0,"mostlyMissing":false,"colName":"installments_purchases","outlierCorrectionStrategy":"Ignore outlier","outlierDetectionStrategy":"Inter-Quartile Range","imputationStrategy":"Mean","isVarTypeChanged":false,"outlierCount":867,"constantFeature":false,"customVarType":"Decimal","dataType":"Decimal","dateComponent":[]},{"missing":0,"unique":4323,"max":47137.21094,"median":0,"min":0,"std":2097.16382,"mean":978.87115,"missingProportion":0,"mostlyMissing":false,"colName":"cash_advance","outlierCorrectionStrategy":"Ignore outlier","outlierDetectionStrategy":"Inter-Quartile Range","imputationStrategy":"Mean","isVarTypeChanged":false,"outlierCount":1030,"constantFeature":false,"customVarType":"Decimal","dataType":"Decimal","dateComponent":[]},{"missing":0,"unique":47,"max":1,"median":0.5,"min":0,"std":0.40137,"mean":0.49035,"missingProportion":0,"mostlyMissing":false,"colName":"purchases_frequency","outlierCorrectionStrategy":"Ignore outlier","outlierDetectionStrategy":"Inter-Quartile Range","imputationStrategy":"Mean","isVarTypeChanged":false,"outlierCount":0,"constantFeature":false,"customVarType":"Decimal","dataType":"Decimal","dateComponent":[]},{"missing":0,"unique":47,"max":1,"median":0.08333,"min":0,"std":0.29834,"mean":0.20246,"missingProportion":0,"mostlyMissing":false,"colName":"oneoff_purchases_frequency","outlierCorrectionStrategy":"Ignore outlier","outlierDetectionStrategy":"Inter-Quartile Range","imputationStrategy":"Mean","isVarTypeChanged":false,"outlierCount":782,"constantFeature":false,"customVarType":"Decimal","dataType":"Decimal","dateComponent":[]},{"missing":0,"unique":47,"max":1,"median":0.16667,"min":0,"std":0.39745,"mean":0.36444,"missingProportion":0,"mostlyMissing":false,"colName":"purchases_installments_frequency","outlierCorrectionStrategy":"Ignore outlier","outlierDetectionStrategy":"Inter-Quartile Range","imputationStrategy":"Mean","isVarTypeChanged":false,"outlierCount":0,"constantFeature":false,"customVarType":"Decimal","dataType":"Decimal","dateComponent":[]},{"missing":0,"unique":54,"max":1.5,"median":0,"min":0,"std":0.20012,"mean":0.13514,"missingProportion":0,"mostlyMissing":false,"colName":"cash_advance_frequency","outlierCorrectionStrategy":"Ignore outlier","outlierDetectionStrategy":"Inter-Quartile Range","imputationStrategy":"Mean","isVarTypeChanged":false,"outlierCount":525,"constantFeature":false,"customVarType":"Decimal","dataType":"Decimal","dateComponent":[]},{"missing":0,"unique":65,"max":123,"median":0,"min":0,"std":6.82465,"mean":3.24883,"missingProportion":0,"mostlyMissing":false,"colName":"cash_advance_trx","outlierCorrectionStrategy":"Ignore outlier","outlierDetectionStrategy":"Inter-Quartile Range","imputationStrategy":"Median","isVarTypeChanged":false,"outlierCount":804,"constantFeature":false,"customVarType":"Integer","dataType":"Integer","dateComponent":[]},{"missing":0,"unique":173,"max":358,"median":7,"min":0,"std":24.85765,"mean":14.70983,"missingProportion":0,"mostlyMissing":false,"colName":"purchases_trx","outlierCorrectionStrategy":"Ignore outlier","outlierDetectionStrategy":"Inter-Quartile Range","imputationStrategy":"Median","isVarTypeChanged":false,"outlierCount":766,"constantFeature":false,"customVarType":"Integer","dataType":"Integer","dateComponent":[]},{"missing":1,"unique":206,"max":30000,"median":3000,"min":50,"std":3638.81567,"mean":4494.44922,"missingProportion":0.00011,"mostlyMissing":false,"colName":"credit_limit","outlierCorrectionStrategy":"Ignore outlier","outlierDetectionStrategy":"Inter-Quartile Range","imputationStrategy":"Mean","isVarTypeChanged":false,"outlierCount":0,"constantFeature":false,"customVarType":"Decimal","dataType":"Decimal","dateComponent":[]},{"missing":0,"unique":8709,"max":50721.48438,"median":856.90152,"min":0,"std":2895.06372,"mean":1733.1438,"missingProportion":0,"mostlyMissing":false,"colName":"payments","outlierCorrectionStrategy":"Ignore outlier","outlierDetectionStrategy":"Inter-Quartile Range","imputationStrategy":"Mean","isVarTypeChanged":false,"outlierCount":808,"constantFeature":false,"customVarType":"Decimal","dataType":"Decimal","dateComponent":[]},{"missing":313,"unique":8636,"max":76406.21094,"median":312.34393,"min":0.01916,"std":2372.44653,"mean":864.20654,"missingProportion":0.03497,"mostlyMissing":false,"colName":"minimum_payments","outlierCorrectionStrategy":"Ignore outlier","outlierDetectionStrategy":"Inter-Quartile Range","imputationStrategy":"Mean","isVarTypeChanged":false,"outlierCount":0,"constantFeature":false,"customVarType":"Decimal","dataType":"Decimal","dateComponent":[]},{"missing":0,"unique":47,"max":1,"median":0,"min":0,"std":0.2925,"mean":0.15371,"missingProportion":0,"mostlyMissing":false,"colName":"prc_full_payment","outlierCorrectionStrategy":"Ignore outlier","outlierDetectionStrategy":"Inter-Quartile Range","imputationStrategy":"Mean","isVarTypeChanged":false,"outlierCount":1474,"constantFeature":false,"customVarType":"Decimal","dataType":"Decimal","dateComponent":[]},{"missing":0,"unique":7,"max":12,"median":12,"min":6,"std":1.33833,"mean":11.51732,"missingProportion":0,"mostlyMissing":false,"colName":"tenure","outlierCorrectionStrategy":"Ignore outlier","outlierDetectionStrategy":"Inter-Quartile Range","imputationStrategy":"Median","isVarTypeChanged":false,"outlierCount":1366,"constantFeature":false,"customVarType":"Integer","dataType":"Integer","dateComponent":[]}],"edaDuration":"6.013248","edaMode":"eda","dimReductionFitSize":0.5,"classNames":null,"createdBy":"6243ef48e252360020b51f80","projectId":"62baf499beb2740007c4071a","createdAt":"2022-06-28T12:31:46.782Z","__v":0}]