[{"fileEncoding":"utf_8","fileSchema":[{"colName":"cust_id","dataType":"Categorical","originalColName":"CUST_ID","isAutoGenerated":false},{"colName":"balance","dataType":"Decimal","originalColName":"BALANCE","isAutoGenerated":false},{"colName":"balance_frequency","dataType":"Decimal","originalColName":"BALANCE_FREQUENCY","isAutoGenerated":false},{"colName":"purchases","dataType":"Decimal","originalColName":"PURCHASES","isAutoGenerated":false},{"colName":"oneoff_purchases","dataType":"Decimal","originalColName":"ONEOFF_PURCHASES","isAutoGenerated":false},{"colName":"installments_purchases","dataType":"Decimal","originalColName":"INSTALLMENTS_PURCHASES","isAutoGenerated":false},{"colName":"cash_advance","dataType":"Decimal","originalColName":"CASH_ADVANCE","isAutoGenerated":false},{"colName":"purchases_frequency","dataType":"Decimal","originalColName":"PURCHASES_FREQUENCY","isAutoGenerated":false},{"colName":"oneoff_purchases_frequency","dataType":"Decimal","originalColName":"ONEOFF_PURCHASES_FREQUENCY","isAutoGenerated":false},{"colName":"purchases_installments_frequency","dataType":"Decimal","originalColName":"PURCHASES_INSTALLMENTS_FREQUENCY","isAutoGenerated":false},{"colName":"cash_advance_frequency","dataType":"Decimal","originalColName":"CASH_ADVANCE_FREQUENCY","isAutoGenerated":false},{"colName":"cash_advance_trx","dataType":"Integer","originalColName":"CASH_ADVANCE_TRX","isAutoGenerated":false},{"colName":"purchases_trx","dataType":"Integer","originalColName":"PURCHASES_TRX","isAutoGenerated":false},{"colName":"credit_limit","dataType":"Decimal","originalColName":"CREDIT_LIMIT","isAutoGenerated":false},{"colName":"payments","dataType":"Decimal","originalColName":"PAYMENTS","isAutoGenerated":false},{"colName":"minimum_payments","dataType":"Decimal","originalColName":"MINIMUM_PAYMENTS","isAutoGenerated":false},{"colName":"prc_full_payment","dataType":"Decimal","originalColName":"PRC_FULL_PAYMENT","isAutoGenerated":false},{"colName":"tenure","dataType":"Integer","originalColName":"TENURE","isAutoGenerated":false}],"descriptiveStatistics":[{"colName":"balance","missing":0,"mean":1564.47485,"std":2081.53198,"min":0,"median":873.38525,"max":19043.13867,"unique":8871},{"colName":"balance_frequency","missing":0,"mean":0.87727,"std":0.2369,"min":0,"median":1,"max":1,"unique":43},{"colName":"cash_advance","missing":0,"mean":978.87115,"std":2097.16382,"min":0,"median":0,"max":47137.21094,"unique":4323},{"colName":"cash_advance_frequency","missing":0,"mean":0.13514,"std":0.20012,"min":0,"median":0,"max":1.5,"unique":54},{"colName":"cash_advance_trx","missing":0,"mean":3.24883,"std":6.82465,"min":0,"median":0,"max":123,"unique":65},{"colName":"credit_limit","missing":1,"mean":4494.44922,"std":3638.81567,"min":50,"median":3000,"max":30000,"unique":206},{"colName":"cust_id","missing":0,"mean":"","std":"","min":"","median":"","max":"","unique":8950},{"colName":"installments_purchases","missing":0,"mean":411.06766,"std":904.33813,"min":0,"median":89,"max":22500,"unique":4452},{"colName":"minimum_payments","missing":313,"mean":864.20654,"std":2372.44653,"min":0.01916,"median":312.34393,"max":76406.21094,"unique":8636},{"colName":"oneoff_purchases","missing":0,"mean":592.43744,"std":1659.88782,"min":0,"median":38,"max":40761.25,"unique":4014},{"colName":"oneoff_purchases_frequency","missing":0,"mean":0.20246,"std":0.29834,"min":0,"median":0.08333,"max":1,"unique":47},{"colName":"payments","missing":0,"mean":1733.1438,"std":2895.06372,"min":0,"median":856.90152,"max":50721.48438,"unique":8709},{"colName":"prc_full_payment","missing":0,"mean":0.15371,"std":0.2925,"min":0,"median":0,"max":1,"unique":47},{"colName":"purchases","missing":0,"mean":1003.2049,"std":2136.63477,"min":0,"median":361.28,"max":49039.57031,"unique":6203},{"colName":"purchases_frequency","missing":0,"mean":0.49035,"std":0.40137,"min":0,"median":0.5,"max":1,"unique":47},{"colName":"purchases_installments_frequency","missing":0,"mean":0.36444,"std":0.39745,"min":0,"median":0.16667,"max":1,"unique":47},{"colName":"purchases_trx","missing":0,"mean":14.70983,"std":24.85765,"min":0,"median":7,"max":358,"unique":173},{"colName":"tenure","missing":0,"mean":11.51732,"std":1.33833,"min":6,"median":12,"max":12,"unique":7}],"tasks":[{"type":"upload","parentPipelineFilename":null,"currentPipelineFilename":null}],"isParent":true,"isDeleted":false,"_id":"62baf4a2beb2740007c4071d","fileSource":"upload","dataGroupId":"62baf499beb2740007c4071b","filename":"upload-CC GENERAL-1656419490070.pkl","fileSize":681842,"noOfRows":"8.95K","noOfCols":"18","projectId":"62baf499beb2740007c4071a","createdBy":"6243ef48e252360020b51f80","rawFileName":"upload-CC GENERAL-1656419490070.csv","createdAt":"2022-06-28T12:31:30.686Z","updatedAt":"2022-06-28T12:31:30.686Z","__v":0,"currentEdaId":"62baf4b2beb2740007c40722"}]