[{"_id":"62baf4f7beb2740007c40727","createdBy":"6243ef48e252360020b51f80","projectId":"62baf499beb2740007c4071a","trainingId":"62baf4e9beb2740007c40725","hptPreference":null,"transformedDatasetPath":"transformed_data_dict-1656419561.pkl","modelMetaData":{"algoName":"KMeans","timeElapsed":4.459848999977112,"modelPath":"KMeans-1656419562.pkl","clusteringMetricesScore":{"silhouetteScore":0.41,"daviesBouldinScore":0.8,"calinskiHarabaszScore":5823.79},"treeModelOutput":{"decision_tree_path":"decision_tree_classification_kmeans-1656419575.sav","transformed_independents":["balance","balance_frequency","cash_advance","cash_advance_frequency","cash_advance_trx","credit_limit","installments_purchases","minimum_payments","oneoff_purchases","oneoff_purchases_frequency","payments","prc_full_payment","purchases","purchases_frequency","purchases_installments_frequency","purchases_trx","tenure"]},"featureImportance":[{"colName":"balance","importance":0.0582},{"colName":"balance_frequency","importance":0},{"colName":"cash_advance","importance":0.2541},{"colName":"cash_advance_frequency","importance":0.0031},{"colName":"cash_advance_trx","importance":0.023},{"colName":"credit_limit","importance":0.004},{"colName":"installments_purchases","importance":0},{"colName":"minimum_payments","importance":0},{"colName":"oneoff_purchases","importance":0},{"colName":"oneoff_purchases_frequency","importance":0},{"colName":"payments","importance":0},{"colName":"prc_full_payment","importance":0},{"colName":"purchases","importance":0.367},{"colName":"purchases_frequency","importance":0.2542},{"colName":"purchases_installments_frequency","importance":0},{"colName":"purchases_trx","importance":0.0365},{"colName":"tenure","importance":0}],"analysisInfo":[{"clusterId":"cluster_0","clusterName":"New customer","samplePercentage":43.71,"rules":["installments_purchases is 83.93 % lower than overall dataset","purchases_trx is 80.15 % lower than overall dataset","purchases is 77.76 % lower than overall dataset"]},{"clusterId":"cluster_1","clusterName":"Transactors","samplePercentage":36.84,"rules":["prc_full_payment is 86.67 % greater than overall dataset","purchases_installments_frequency is 86.11 % greater than overall dataset","cash_advance is 84.94 % lower than overall dataset"]},{"clusterId":"cluster_2","clusterName":"Revolvers","samplePercentage":13.85,"rules":["cash_advance is 350.79 % greater than overall dataset","cash_advance_trx is 324.62 % greater than overall dataset","cash_advance_frequency is 235.71 % greater than overall dataset"]},{"clusterId":"cluster_3","clusterName":"VIP customer","samplePercentage":5.6,"rules":["oneoff_purchases is 662.82 % greater than overall dataset","purchases is 588.62 % greater than overall dataset","installments_purchases is 481.46 % greater than overall dataset"]}],"clusterStats":"cluster_statistics-kmeans-1656419575.pkl","errorMsg":null,"clusteringGraphType":"scatter"},"trainPipeFilePath":"task_pipeline-1656419561.pkl","status":"success","createdAt":"2022-06-28T12:32:55.734Z","__v":0},{"_id":"62baf4fabeb2740007c40729","createdBy":"6243ef48e252360020b51f80","projectId":"62baf499beb2740007c4071a","trainingId":"62baf4e9beb2740007c40725","hptPreference":null,"transformedDatasetPath":"transformed_data_dict-1656419561.pkl","modelMetaData":{"algoName":"Agglomerative","timeElapsed":6.838737845420837,"modelPath":"Agglomerative-1656419562.pkl","clusteringMetricesScore":{"silhouetteScore":0.37,"daviesBouldinScore":0.84,"calinskiHarabaszScore":5143.48},"treeModelOutput":{"decision_tree_path":"decision_tree_classification_agglomerative-1656419578.sav","transformed_independents":["balance","balance_frequency","cash_advance","cash_advance_frequency","cash_advance_trx","credit_limit","installments_purchases","minimum_payments","oneoff_purchases","oneoff_purchases_frequency","payments","prc_full_payment","purchases","purchases_frequency","purchases_installments_frequency","purchases_trx","tenure"]},"featureImportance":[{"colName":"balance","importance":0.0511},{"colName":"balance_frequency","importance":0},{"colName":"cash_advance","importance":0.265},{"colName":"cash_advance_frequency","importance":0},{"colName":"cash_advance_trx","importance":0},{"colName":"credit_limit","importance":0.0107},{"colName":"installments_purchases","importance":0},{"colName":"minimum_payments","importance":0},{"colName":"oneoff_purchases","importance":0},{"colName":"oneoff_purchases_frequency","importance":0},{"colName":"payments","importance":0.011},{"colName":"prc_full_payment","importance":0},{"colName":"purchases","importance":0.3651},{"colName":"purchases_frequency","importance":0.0224},{"colName":"purchases_installments_frequency","importance":0.0116},{"colName":"purchases_trx","importance":0.263},{"colName":"tenure","importance":0}],"analysisInfo":[{"clusterId":"cluster_0","clusterName":"New customer","samplePercentage":6.13,"rules":["oneoff_purchases is 610.62 % greater than overall dataset","purchases is 547.12 % greater than overall dataset","installments_purchases is 455.38 % greater than overall dataset"]},{"clusterId":"cluster_1","clusterName":"Transactors","samplePercentage":43.87,"rules":["purchases_installments_frequency is 72.22 % greater than overall dataset","cash_advance is 65.73 % lower than overall dataset","purchases_frequency is 65.31 % greater than overall dataset"]},{"clusterId":"cluster_2","clusterName":"Revolvers","samplePercentage":11.92,"rules":["cash_advance is 361.21 % greater than overall dataset","cash_advance_trx is 338.46 % greater than overall dataset","cash_advance_frequency is 250.0 % greater than overall dataset"]},{"clusterId":"cluster_3","clusterName":"VIP customer","samplePercentage":38.08,"rules":["installments_purchases is 88.51 % lower than overall dataset","purchases_trx is 85.66 % lower than overall dataset","purchases is 84.42 % lower than overall dataset"]}],"clusterStats":"cluster_statistics-agglomerative-1656419578.pkl","errorMsg":null,"clusteringGraphType":"scatter"},"trainPipeFilePath":"task_pipeline-1656419561.pkl","status":"success","createdAt":"2022-06-28T12:32:58.710Z","__v":0}]