clusters,country,cubicinches,cylinders,hp,miles_per_gallon_,time-to-60,weightlbs,year
High_HP_low_mileage, US,350.0,8,165,14.0,12,4209.0,1972
Average, Europe,89.0,4,71,31.9,14,1925.0,1980
High_HP_low_mileage, US,302.0,8,140,17.0,11,3449.0,1971
High_HP_low_mileage, US,400.0,8,150,15.0,10,3761.0,1971
Low_HP_high_mileage, US,98.0,4,63,30.5,17,2051.0,1978
High_HP_low_mileage, US,350.0,8,125,23.0,17,3900.0,1980
High_HP_low_mileage, US,351.0,8,158,13.0,13,4363.0,1974
High_HP_low_mileage, US,440.0,8,215,14.0,9,4312.0,1971
Low_HP_high_mileage, Europe,183.0,5,77,25.4,20,3530.0,1980
Low_HP_high_mileage, Japan,89.0,4,62,37.7,17,2050.0,1982
Low_HP_high_mileage, Japan,108.0,4,70,34.0,17,2245.0,1983
Low_HP_high_mileage, Europe,97.0,4,78,34.3,16,2188.0,1981
High_HP_low_mileage, US,302.0,8,140,16.0,14,4141.0,1975
High_HP_low_mileage, US,350.0,8,180,11.0,11,3664.0,1974
Average, US,225.0,6,90,19.1,19,,1981
High_HP_low_mileage, US,350.0,8,155,16.9,15,4360.0,1980
Low_HP_high_mileage, Japan,85.0,4,65,31.8,19,2020.0,1980
High_HP_low_mileage, US,304.0,8,150,16.0,12,3433.0,1971
Low_HP_high_mileage, Japan,113.0,4,95,24.0,16,2278.0,1973
Average, Europe,107.0,4,90,24.0,15,2430.0,1971
Low_HP_high_mileage, Japan,86.0,4,65,37.2,16,2019.0,1981
Average, Europe,121.0,4,110,21.5,13,2600.0,1978
Average, US,200.0,6,81,24.0,18,3012.0,1977
High_HP_low_mileage, US,351.0,8,142,15.5,14,4054.0,1980
Low_HP_high_mileage, Japan,89.0,4,60,38.1,19,1968.0,1981
Low_HP_high_mileage, Japan,91.0,4,53,33.0,17,1795.0,1977
Low_HP_high_mileage, Japan,71.0,4,65,31.0,19,1773.0,1972
High_HP_low_mileage, US,351.0,8,148,14.0,14,4657.0,1976
Average, US,250.0,6,78,18.0,21,3574.0,1977
Low_HP_high_mileage, US,98.0,4,65,29.9,21,2380.0,1982
Average, Japan,97.0,4,88,27.0,15,2130.0,1971
Average, US,250.0,6,100,16.0,18,3278.0,1974
Average, Japan,120.0,4,97,23.0,15,2506.0,1973
Average, US,199.0,6,90,21.0,15,,1971
Low_HP_high_mileage, Japan,97.0,4,67,30.0,16,1985.0,1978
Average, US,231.0,6,110,22.4,16,3415.0,1982
Low_HP_high_mileage, Europe,97.0,4,46,26.0,21,1835.0,1971
Average, Japan,80.0,3,110,21.5,14,2720.0,1978
High_HP_low_mileage, US,351.0,8,138,16.5,13,3955.0,1980
Average, US,232.0,6,90,20.2,18,3265.0,1980
Average, US,,6,105,16.0,19,3897.0,1976
High_HP_low_mileage, US,302.0,8,140,14.0,16,4638.0,1975
Average, US,250.0,6,110,18.5,16,3645.0,1977
Average, US,250.0,6,110,17.5,16,3520.0,1978
High_HP_low_mileage, US,455.0,8,225,14.0,10,3086.0,1971
Low_HP_high_mileage, Japan,120.0,4,74,31.6,18,2635.0,1982
High_HP_low_mileage, US,318.0,8,150,13.0,14,3755.0,1977
Low_HP_high_mileage, US,122.0,4,86,22.0,16,2395.0,1973
Average, Europe,97.0,4,78,29.0,15,1940.0,1978
Average, US,200.0,6,88,20.2,17,3060.0,1982
High_HP_low_mileage, US,400.0,8,150,13.0,12,4464.0,1974
Low_HP_high_mileage, Europe,141.0,4,71,27.2,25,3190.0,1980
High_HP_low_mileage, US,340.0,8,160,14.0,8,3609.0,1971
Low_HP_high_mileage, Europe,116.0,4,75,24.0,16,2158.0,1974
High_HP_low_mileage, US,350.0,8,180,16.5,12,4380.0,1977
High_HP_low_mileage, US,400.0,8,230,16.0,10,4278.0,1974
Average, Japan,156.0,6,108,19.0,16,2930.0,1977
Low_HP_high_mileage, US,98.0,4,83,33.5,16,2075.0,1978
Average, Europe,90.0,4,70,29.0,14,1937.0,1977
High_HP_low_mileage, US,360.0,8,175,13.0,11,3821.0,1974
Average, US,232.0,6,100,18.0,16,2945.0,1974
Low_HP_high_mileage, Japan,108.0,4,94,22.0,17,2379.0,1974
Average, Japan,168.0,6,132,32.7,11,2910.0,1981
Low_HP_high_mileage, Japan,86.0,4,65,46.6,18,2110.0,1981
High_HP_low_mileage, US,318.0,8,150,14.0,15,4237.0,1974
Average, US,250.0,6,98,18.5,19,3525.0,1978
Low_HP_high_mileage, Europe,97.0,4,46,26.0,21,1950.0,1974
Low_HP_high_mileage, Japan,91.0,4,67,32.0,16,1965.0,1983
Average, Europe,97.0,4,71,29.5,12,1825.0,1977
High_HP_low_mileage, US,305.0,8,145,17.5,13,3880.0,1978
Average, US,198.0,6,95,20.0,17,3102.0,1975
Low_HP_high_mileage, US,112.0,4,88,27.0,19,2640.0,1983
Low_HP_high_mileage, Japan,97.0,4,92,28.0,17,2288.0,1973
Low_HP_high_mileage, Japan,119.0,4,97,24.0,17,2545.0,1976
Low_HP_high_mileage, Europe,98.0,4,83,29.0,17,2219.0,1975
Low_HP_high_mileage, US,262.0,6,85,38.0,17,3015.0,1983
Average, US,232.0,6,90,22.5,18,3085.0,1977
Average, Japan,134.0,4,95,21.1,15,2515.0,1979
Low_HP_high_mileage, Europe,98.0,4,90,26.0,16,2265.0,1974
Low_HP_high_mileage, Japan,108.0,4,75,32.4,17,2350.0,1982
High_HP_low_mileage, US,400.0,8,190,15.5,12,4325.0,1978
High_HP_low_mileage, US,429.0,8,198,12.0,12,4952.0,1974
High_HP_low_mileage, US,305.0,8,145,19.2,13,3425.0,1979
Average, Europe,115.0,4,95,23.0,15,2694.0,1976
Low_HP_high_mileage, Europe,116.0,4,81,25.0,17,2220.0,1977
Low_HP_high_mileage, Japan,72.0,4,69,35.0,18,1613.0,1972
Average, US,199.0,6,97,18.0,16,2774.0,1971
Average, US,225.0,6,85,17.6,17,3465.0,1982
Average, US,90.0,4,75,28.0,15,2125.0,1975
Low_HP_high_mileage, US,119.0,4,82,31.0,19,2720.0,1983
Low_HP_high_mileage, Japan,86.0,4,65,34.1,15,1975.0,1980
Low_HP_high_mileage, Japan,119.0,4,97,27.2,15,2300.0,1979
High_HP_low_mileage, US,350.0,8,175,13.0,13,4100.0,1974
Average, US,250.0,6,100,17.0,16,3329.0,1972
Low_HP_high_mileage, US,98.0,4,79,26.0,18,2255.0,1977
Average, US,231.0,6,110,17.0,21,3907.0,1976
High_HP_low_mileage, US,350.0,8,180,12.0,13,4499.0,1974
Average, US,250.0,6,88,18.0,15,3139.0,1972
High_HP_low_mileage, US,318.0,8,135,18.2,15,3830.0,1980
Average, US,250.0,6,100,16.0,17,3781.0,1975
High_HP_low_mileage, US,400.0,8,150,11.0,14,4997.0,1974
High_HP_low_mileage, US,400.0,8,167,12.0,13,4906.0,1974
Low_HP_high_mileage, US,98.0,4,80,25.0,17,2126.0,1973
Average, US,105.0,4,70,34.2,13,2200.0,1980
Low_HP_high_mileage, Japan,108.0,4,75,32.2,15,2265.0,1981
Low_HP_high_mileage, US,151.0,4,84,26.6,16,2635.0,1982
Low_HP_high_mileage, Europe,90.0,4,48,43.4,24,2335.0,1981
Average, Europe,88.0,4,76,30.0,15,2065.0,1972
Average, Europe,121.0,4,115,25.0,14,2671.0,1976
High_HP_low_mileage, US,307.0,8,130,18.0,12,3504.0,1971
Low_HP_high_mileage, Japan,97.0,4,88,20.0,19,2279.0,1974
Average, Europe,121.0,4,112,18.0,15,2933.0,1973
High_HP_low_mileage, US,351.0,8,149,16.0,15,4335.0,1978
Low_HP_high_mileage, Japan,91.0,4,53,33.0,18,1795.0,1976
Low_HP_high_mileage, Europe,91.0,4,69,37.3,15,2130.0,1980
Average, US,225.0,6,95,18.0,19,3785.0,1976
Average, US,151.0,4,88,24.5,16,2740.0,1978
Average, US,231.0,6,110,21.0,15,3039.0,1976
Low_HP_high_mileage, US,98.0,4,65,34.4,16,2045.0,1982
High_HP_low_mileage, US,429.0,8,198,15.0,10,4341.0,1971
Average, Europe,101.0,4,83,27.0,15,2202.0,1977
Low_HP_high_mileage, Europe,79.0,4,67,26.0,16,1963.0,1975
High_HP_low_mileage, US,400.0,8,170,16.0,12,4668.0,1976
Average, US,156.0,4,105,23.2,17,2745.0,1979
Low_HP_high_mileage, Europe,97.0,4,60,27.0,19,1834.0,1972
Average, US,140.0,4,72,26.5,14,2565.0,1977
High_HP_low_mileage, US,360.0,8,170,13.0,13,4654.0,1974
Low_HP_high_mileage, US,105.0,4,75,30.9,15,2230.0,1979
Average, Europe,114.0,4,91,20.0,14,2582.0,1974
Average, US,98.0,4,66,36.1,14,1800.0,1979
Average, Europe,97.0,4,78,26.0,15,2300.0,1975
Low_HP_high_mileage, US,151.0,4,90,28.0,17,2678.0,1981
High_HP_low_mileage, US,455.0,8,225,12.0,11,4951.0,1974
High_HP_low_mileage, US,304.0,8,150,17.0,12,3672.0,1973
High_HP_low_mileage, US,350.0,8,145,15.0,14,4440.0,1976
High_HP_low_mileage, US,318.0,8,150,16.0,13,4190.0,1977
Low_HP_high_mileage, US,91.0,4,70,26.0,21,1955.0,1972
High_HP_low_mileage, US,302.0,8,129,13.0,12,3169.0,1976
Average, Europe,121.0,4,98,22.0,15,2945.0,1976
Low_HP_high_mileage, Europe,120.0,4,87,21.0,20,2979.0,1973
Average, US,173.0,6,115,26.8,13,2700.0,1980
Low_HP_high_mileage, Japan,97.0,4,75,29.0,16,2171.0,1976
Low_HP_high_mileage, Japan,144.0,4,96,32.0,14,2665.0,1983
Low_HP_high_mileage, Japan,81.0,4,60,35.1,16,1760.0,1982
High_HP_low_mileage, US,267.0,8,125,19.2,15,3605.0,1980
Low_HP_high_mileage, Europe,120.0,4,88,23.0,17,2957.0,1976
Average, US,225.0,6,110,20.6,17,3360.0,1980
Low_HP_high_mileage, US,151.0,4,90,27.0,18,2735.0,1983
High_HP_low_mileage, US,350.0,8,165,15.0,12,3693.0,1971
High_HP_low_mileage, US,302.0,8,139,18.1,11,3205.0,1979
Low_HP_high_mileage, Japan,120.0,4,75,31.3,18,2542.0,1981
Low_HP_high_mileage, Japan,134.0,4,95,27.5,14,2560.0,1979
High_HP_low_mileage, US,455.0,8,225,14.0,10,4425.0,1971
Average, US,250.0,6,72,15.0,20,3158.0,1976
Low_HP_high_mileage, Europe,107.0,4,86,28.0,16,2464.0,1977
Average, US,250.0,6,88,19.0,16,3302.0,1972
Average, Japan,70.0,3,90,18.0,14,2124.0,1974
Low_HP_high_mileage, Japan,98.0,4,68,29.5,17,2135.0,1979
Average, US,232.0,6,100,19.0,13,2634.0,1972
Average, Europe,163.0,6,133,16.2,16,3410.0,1979
Low_HP_high_mileage, US,151.0,4,90,24.3,20,3003.0,1981
High_HP_low_mileage, US,318.0,8,140,17.5,14,4080.0,1979
Average, US,171.0,6,97,18.0,15,2984.0,1976
Average, US,198.0,6,95,23.0,16,2904.0,1974
Low_HP_high_mileage, Europe,97.0,4,54,23.0,24,2254.0,1973
High_HP_low_mileage, US,260.0,8,110,19.9,16,3365.0,1979
Average, US,225.0,6,105,16.0,16,3439.0,1972
Low_HP_high_mileage, US,156.0,4,92,26.0,15,2585.0,1983
Average, Japan,156.0,6,122,20.0,14,2807.0,1974
Low_HP_high_mileage, US,105.0,4,63,38.0,15,2125.0,1983
Low_HP_high_mileage, Japan,107.0,4,72,32.4,17,2290.0,1981
Average, Europe,131.0,5,103,20.3,16,2830.0,1979
Low_HP_high_mileage, Europe,68.0,4,49,29.0,20,,1974
Low_HP_high_mileage, US,112.0,4,85,31.0,16,2575.0,1983
Low_HP_high_mileage, US,122.0,4,86,21.0,17,2226.0,1973
Low_HP_high_mileage, Europe,96.0,4,69,26.0,18,2189.0,1973
High_HP_low_mileage, US,400.0,8,175,14.0,12,4385.0,1973
High_HP_low_mileage, US,304.0,8,150,14.0,12,3672.0,1974
High_HP_low_mileage, US,302.0,8,139,20.2,13,3570.0,1979
Low_HP_high_mileage, Japan,98.0,4,68,31.5,19,2045.0,1978
Average, US,,6,85,19.8,18,2990.0,1980
Low_HP_high_mileage, Japan,97.0,4,67,33.8,18,2145.0,1981
High_HP_low_mileage, US,305.0,8,140,17.5,13,4215.0,1977
High_HP_low_mileage, US,318.0,8,150,18.0,11,3436.0,1971
Low_HP_high_mileage, US,112.0,4,88,34.0,18,2395.0,1983
Average, US,200.0,6,85,20.8,17,3070.0,1979
Average, US,250.0,6,105,18.0,16,3459.0,1976
High_HP_low_mileage, US,318.0,8,150,13.0,13,3940.0,1977
High_HP_low_mileage, US,351.0,8,153,14.0,13,4129.0,1973
High_HP_low_mileage, US,440.0,8,215,13.0,11,4735.0,1974
Low_HP_high_mileage, US,156.0,4,92,25.8,14,2620.0,1982
Low_HP_high_mileage, US,151.0,4,90,28.4,16,2670.0,1980
High_HP_low_mileage, US,400.0,8,190,13.0,13,4422.0,1973
High_HP_low_mileage, US,350.0,8,145,15.0,13,4082.0,1974
High_HP_low_mileage, US,318.0,8,150,14.0,14,4077.0,1973
Low_HP_high_mileage, Europe,98.0,4,76,41.5,15,2144.0,1981
Low_HP_high_mileage, US,135.0,4,84,27.2,16,2490.0,1982
Low_HP_high_mileage, Europe,90.0,4,48,43.1,22,1985.0,1979
Average, Europe,90.0,4,70,29.0,14,1937.0,1976
Low_HP_high_mileage, Japan,85.0,4,70,33.5,17,1945.0,1978
Average, Europe,116.0,4,75,26.0,14,2246.0,1975
Low_HP_high_mileage, US,140.0,4,83,23.0,17,2639.0,1976
Average, US,260.0,8,90,23.9,22,3420.0,1980
Average, US,225.0,6,100,19.0,18,3630.0,1978
Low_HP_high_mileage, US,140.0,4,72,21.0,20,2401.0,1974
High_HP_low_mileage, US,390.0,8,190,15.0,9,3850.0,1971
Low_HP_high_mileage, Japan,85.0,4,65,40.8,19,2110.0,1981
Average, US,250.0,6,88,18.0,17,3021.0,1974
High_HP_low_mileage, US,307.0,8,130,13.0,14,4098.0,1973
Average, Japan,168.0,6,116,25.4,13,2900.0,1982
Average, Japan,146.0,6,97,22.0,15,2815.0,1978
High_HP_low_mileage, US,231.0,6,165,17.7,13,3445.0,1979
Low_HP_high_mileage, Japan,79.0,4,58,39.1,17,1755.0,1982
Low_HP_high_mileage, Europe,79.0,4,70,30.0,20,2074.0,1972
Average, US,225.0,6,100,22.0,15,3233.0,1977
Low_HP_high_mileage, Japan,119.0,4,100,32.9,15,2615.0,1982
Low_HP_high_mileage, Japan,85.0,4,65,37.0,19,1975.0,1982
High_HP_low_mileage, US,351.0,8,152,14.5,13,4215.0,1977
Average, US,173.0,6,115,28.8,11,2595.0,1980
High_HP_low_mileage, US,302.0,8,130,15.0,15,4295.0,1978
Average, US,258.0,6,95,17.5,18,3193.0,1977
Average, Europe,121.0,4,115,21.6,16,2795.0,1979
High_HP_low_mileage, US,318.0,8,150,14.0,14,4457.0,1975
Average, Europe,168.0,6,120,16.5,17,3820.0,1977
High_HP_low_mileage, US,302.0,8,137,14.0,15,4042.0,1974
Low_HP_high_mileage, Japan,83.0,4,61,32.0,19,2003.0,1975
High_HP_low_mileage, US,360.0,8,215,10.0,14,4615.0,1971
Low_HP_high_mileage, Japan,76.0,4,52,31.0,17,1649.0,1975
Average, US,200.0,6,85,21.0,16,2587.0,1971
Low_HP_high_mileage, US,140.0,4,86,27.0,16,2790.0,1983
High_HP_low_mileage, US,383.0,8,170,15.0,10,3563.0,1971
Low_HP_high_mileage, US,120.0,4,79,28.0,19,2625.0,1983
Low_HP_high_mileage, US,140.0,4,78,23.0,19,2592.0,1976
High_HP_low_mileage, US,318.0,8,150,16.0,15,4498.0,1976
Average, Europe,130.0,4,102,20.0,16,3150.0,1977
Low_HP_high_mileage, Europe,97.0,4,52,44.0,25,2130.0,1983
High_HP_low_mileage, US,318.0,8,150,14.0,13,4096.0,1972
Average, US,200.0,6,85,20.2,16,2965.0,1979
Low_HP_high_mileage, US,86.0,4,64,39.0,16,1875.0,1982
Average, US,122.0,4,86,23.0,14,2220.0,1972
High_HP_low_mileage, US,350.0,8,145,13.0,12,4055.0,1977
Average, US,225.0,6,105,18.0,17,3121.0,1974
High_HP_low_mileage, US,400.0,8,180,16.0,11,4220.0,1978
Low_HP_high_mileage, Europe,110.0,4,87,25.0,18,2672.0,1971
High_HP_low_mileage, US,454.0,8,220,14.0,9,4354.0,1971
High_HP_low_mileage, US,318.0,8,150,15.0,11,3399.0,1974
High_HP_low_mileage, US,318.0,8,140,19.4,13,3735.0,1979
Low_HP_high_mileage, Europe,90.0,4,48,44.3,22,2085.0,1981
Low_HP_high_mileage, Japan,97.0,4,75,28.0,16,2155.0,1977
Low_HP_high_mileage, US,135.0,4,84,29.0,16,2525.0,1983
Low_HP_high_mileage, US,98.0,4,70,32.1,16,2120.0,1981
Average, Europe,121.0,4,110,24.0,14,2660.0,1974
Low_HP_high_mileage, Europe,121.0,5,67,36.4,20,2950.0,1981
High_HP_low_mileage, US,350.0,8,145,13.0,13,3988.0,1974
Average, US,173.0,6,110,23.5,13,2725.0,1982
Average, Japan,113.0,4,95,24.0,15,2372.0,1971
High_HP_low_mileage, US,305.0,8,130,17.0,15,3840.0,1980
Low_HP_high_mileage, Japan,91.0,4,60,36.1,16,1800.0,1979
Average, US,232.0,6,112,22.0,15,2835.0,1983
Average, US,232.0,6,100,18.0,16,3288.0,1972
Average, US,250.0,6,105,22.0,15,3353.0,1977
