[{"isHighDimensional":false,"usingGPU":false,"tasks":[{"currentPipelineFilename":"eda_pipeline-1650013157.pkl","type":"eda","parentPipelineFilename":null}],"_id":"625933e564a5fc0018309222","fileId":"625930d864a5fc001830921a","dataSetInfo":{"trainSize":60,"devSize":20,"holdoutSize":20,"holdoutFilename":"none","splitDateWise":false},"depVariable":"species","algoType":"classification","isMultilabel":false,"paragraphColNames":[],"datetimeColumnName":[],"blankColumn":[],"correctedData":"imputed_dataset-1650013157.csv","imputedDatasetFilepath":"temp_eda-1650013157.csv","outlierPreviewFilepath":"outlier_imputed_dataset-1650013157.csv","indexPath":"indexes-1650013157.pkl","edaSummary":[{"missing":0,"unique":35,"max":7.9,"median":5.8,"min":4.3,"std":0.82807,"mean":5.84333,"missingProportion":0,"mostlyMissing":false,"colName":"sepal_length","outlierCorrectionStrategy":"Ignore outlier","outlierDetectionStrategy":"Inter-Quartile Range","imputationStrategy":"Mean","isVarTypeChanged":false,"outlierCount":0,"constantFeature":false,"customVarType":"Decimal","dataType":"Decimal","dateComponent":[]},{"missing":0,"unique":23,"max":4.4,"median":3,"min":2,"std":0.43359,"mean":3.054,"missingProportion":0,"mostlyMissing":false,"colName":"sepal_width","outlierCorrectionStrategy":"Ignore outlier","outlierDetectionStrategy":"Inter-Quartile Range","imputationStrategy":"Mean","isVarTypeChanged":false,"outlierCount":5,"constantFeature":false,"customVarType":"Decimal","dataType":"Decimal","dateComponent":[]},{"missing":0,"unique":43,"max":6.9,"median":4.35,"min":1,"std":1.76442,"mean":3.75867,"missingProportion":0,"mostlyMissing":false,"colName":"petal_length","outlierCorrectionStrategy":"Ignore outlier","outlierDetectionStrategy":"Inter-Quartile Range","imputationStrategy":"Mean","isVarTypeChanged":false,"outlierCount":0,"constantFeature":false,"customVarType":"Decimal","dataType":"Decimal","dateComponent":[]},{"missing":0,"unique":22,"max":2.5,"median":1.3,"min":0.1,"std":0.76316,"mean":1.19867,"missingProportion":0,"mostlyMissing":false,"colName":"petal_width","outlierCorrectionStrategy":"Ignore outlier","outlierDetectionStrategy":"Inter-Quartile Range","imputationStrategy":"Mean","isVarTypeChanged":false,"outlierCount":0,"constantFeature":false,"customVarType":"Decimal","dataType":"Decimal","dateComponent":[]},{"missing":0,"unique":3,"max":"","median":"","min":"","std":"","mean":"","missingProportion":0,"mostlyMissing":false,"colName":"species","outlierCorrectionStrategy":"","outlierDetectionStrategy":"","imputationStrategy":"Mode","isVarTypeChanged":false,"outlierCount":"","constantFeature":false,"customVarType":"Categorical","dataType":"Categorical","dateComponent":[]}],"edaDuration":"0.181597","edaMode":"eda","dimReductionFitSize":1,"classNames":["Irissetosa","Irisversicolor","Irisvirginica"],"createdBy":"6239c25c5c84bb00c656c07c","projectId":"625930cc64a5fc0018309217","createdAt":"2022-04-15T08:59:17.755Z","__v":0},{"isHighDimensional":false,"usingGPU":false,"tasks":[{"currentPipelineFilename":"eda_pipeline-1650022784.pkl","type":"eda","parentPipelineFilename":null}],"_id":"6259598064a5fc00183092fb","fileId":"6259596964a5fc00183092f7","dataSetInfo":{"trainSize":70,"devSize":null,"holdoutSize":30,"holdoutFilename":"none","splitDateWise":false},"depVariable":"species","algoType":"classification","isMultilabel":false,"paragraphColNames":[],"datetimeColumnName":[],"blankColumn":[],"correctedData":"imputed_dataset-1650022784.csv","imputedDatasetFilepath":"temp_eda-1650022784.csv","outlierPreviewFilepath":"outlier_imputed_dataset-1650022784.csv","indexPath":"indexes-1650022784.pkl","edaSummary":[{"missing":0,"unique":35,"max":7.9,"median":5.8,"min":4.3,"std":0.82807,"mean":5.84333,"missingProportion":0,"mostlyMissing":false,"colName":"sepal_length","outlierCorrectionStrategy":"Ignore outlier","outlierDetectionStrategy":"Inter-Quartile Range","imputationStrategy":"Mean","isVarTypeChanged":false,"outlierCount":0,"constantFeature":false,"customVarType":"Decimal","dataType":"Decimal","dateComponent":[]},{"missing":0,"unique":23,"max":4.4,"median":3,"min":2,"std":0.43359,"mean":3.054,"missingProportion":0,"mostlyMissing":false,"colName":"sepal_width","outlierCorrectionStrategy":"Ignore outlier","outlierDetectionStrategy":"Inter-Quartile Range","imputationStrategy":"Mean","isVarTypeChanged":false,"outlierCount":4,"constantFeature":false,"customVarType":"Decimal","dataType":"Decimal","dateComponent":[]},{"missing":0,"unique":43,"max":6.9,"median":4.35,"min":1,"std":1.76442,"mean":3.75867,"missingProportion":0,"mostlyMissing":false,"colName":"petal_length","outlierCorrectionStrategy":"Ignore outlier","outlierDetectionStrategy":"Inter-Quartile Range","imputationStrategy":"Mean","isVarTypeChanged":false,"outlierCount":0,"constantFeature":false,"customVarType":"Decimal","dataType":"Decimal","dateComponent":[]},{"missing":0,"unique":22,"max":2.5,"median":1.3,"min":0.1,"std":0.76316,"mean":1.19867,"missingProportion":0,"mostlyMissing":false,"colName":"petal_width","outlierCorrectionStrategy":"Ignore outlier","outlierDetectionStrategy":"Inter-Quartile Range","imputationStrategy":"Mean","isVarTypeChanged":false,"outlierCount":0,"constantFeature":false,"customVarType":"Decimal","dataType":"Decimal","dateComponent":[]},{"missing":0,"unique":3,"max":"","median":"","min":"","std":"","mean":"","missingProportion":0,"mostlyMissing":false,"colName":"species","outlierCorrectionStrategy":"","outlierDetectionStrategy":"","imputationStrategy":"Mode","isVarTypeChanged":false,"outlierCount":"","constantFeature":false,"customVarType":"Categorical","dataType":"Categorical","dateComponent":[]}],"edaDuration":"0.16776600000000008","edaMode":"eda","dimReductionFitSize":1,"classNames":["Irissetosa","Irisversicolor","Irisvirginica"],"createdBy":"6239c25c5c84bb00c656c07c","projectId":"625930cc64a5fc0018309217","createdAt":"2022-04-15T11:39:44.644Z","__v":0}]