[{"fileEncoding":"utf_8","fileSchema":[{"colName":"sepal_length","dataType":"Decimal","originalColName":"sepal_length","isAutoGenerated":false},{"colName":"sepal_width","dataType":"Decimal","originalColName":"sepal_width","isAutoGenerated":false},{"colName":"petal_length","dataType":"Decimal","originalColName":"petal_length","isAutoGenerated":false},{"colName":"petal_width","dataType":"Decimal","originalColName":"petal_width","isAutoGenerated":false},{"colName":"species","dataType":"Categorical","originalColName":"species","isAutoGenerated":false}],"descriptiveStatistics":[{"colName":"petal_length","missing":0,"mean":3.75867,"std":1.76442,"min":1,"median":4.35,"max":6.9,"unique":43},{"colName":"petal_width","missing":0,"mean":1.19867,"std":0.76316,"min":0.1,"median":1.3,"max":2.5,"unique":22},{"colName":"sepal_length","missing":0,"mean":5.84333,"std":0.82807,"min":4.3,"median":5.8,"max":7.9,"unique":35},{"colName":"sepal_width","missing":0,"mean":3.054,"std":0.43359,"min":2,"median":3,"max":4.4,"unique":23},{"colName":"species","missing":0,"mean":"","std":"","min":"","median":"","max":"","unique":3}],"tasks":[{"type":"upload","parentPipelineFilename":null,"currentPipelineFilename":null}],"isParent":true,"isDeleted":false,"_id":"625930d864a5fc001830921a","fileSource":"upload","dataGroupId":"625930cc64a5fc0018309218","filename":"upload-IRIS-1650012376763.pkl","fileSize":6322,"noOfRows":"150","noOfCols":"5","projectId":"625930cc64a5fc0018309217","createdBy":"6239c25c5c84bb00c656c07c","rawFileName":"upload-IRIS-1650012376763.csv","createdAt":"2022-04-15T08:46:16.851Z","updatedAt":"2022-04-15T08:46:16.851Z","__v":0,"currentEdaId":"625933e564a5fc0018309222"},{"fileEncoding":"utf_8","fileSchema":[{"colName":"sepal_length","dataType":"Decimal","originalColName":"sepal_length","isAutoGenerated":false},{"colName":"sepal_width","dataType":"Decimal","originalColName":"sepal_width","isAutoGenerated":false},{"colName":"petal_length","dataType":"Decimal","originalColName":"petal_length","isAutoGenerated":false},{"colName":"petal_width","dataType":"Decimal","originalColName":"petal_width","isAutoGenerated":false},{"colName":"species","dataType":"Categorical","originalColName":"species","isAutoGenerated":false}],"descriptiveStatistics":[{"colName":"petal_length","missing":0,"mean":3.75867,"std":1.76442,"min":1,"median":4.35,"max":6.9,"unique":43},{"colName":"petal_width","missing":0,"mean":1.19867,"std":0.76316,"min":0.1,"median":1.3,"max":2.5,"unique":22},{"colName":"sepal_length","missing":0,"mean":5.84333,"std":0.82807,"min":4.3,"median":5.8,"max":7.9,"unique":35},{"colName":"sepal_width","missing":0,"mean":3.054,"std":0.43359,"min":2,"median":3,"max":4.4,"unique":23},{"colName":"species","missing":0,"mean":"","std":"","min":"","median":"","max":"","unique":3}],"tasks":[{"type":"upload","parentPipelineFilename":null,"currentPipelineFilename":null}],"isParent":true,"isDeleted":false,"_id":"6259596964a5fc00183092f7","fileSource":"upload","dataGroupId":"625930cc64a5fc0018309218","filename":"dataflow-IRIS_Data-1650022761.pkl","fileSize":6322,"noOfRows":"150","noOfCols":"5","projectId":"625930cc64a5fc0018309217","createdBy":"6239c25c5c84bb00c656c07c","rawFileName":"dataflow-IRIS_Data-1650022761.json","createdAt":"2022-04-15T11:39:21.428Z","updatedAt":"2022-04-15T11:39:21.428Z","__v":0,"currentEdaId":"6259598064a5fc00183092fb"}]