[{"_id":"6259343c64a5fc0018309228","createdBy":"6239c25c5c84bb00c656c07c","projectId":"625930cc64a5fc0018309217","trainingId":"6259343c64a5fc0018309225","modelMetaData":{"modelTuning":null,"algoName":"Random Forest Classification","modelPath":"random_forest_classification-1650013244.sav","dev":{"testScore":0.9333333333333333,"losses":[{"name":"Log Loss","value":1.2},{"name":"Hamming Loss","value":0.07}],"matCoeff":0.9,"rocScore":null,"overallScore":0.6504287194113817,"f1Score":0.9333333333333332},"holdout":{"testScore":0.9333333333333333,"losses":[{"name":"Log Loss","value":0.1},{"name":"Hamming Loss","value":0.07}],"matCoeff":0.9060606745389328,"rocScore":null,"overallScore":0.6637039580243779,"f1Score":0.9326599326599326},"timeElapsed":0.23456579446792603,"bestParams":{"hpt":[{"name":"n_estimators","data":10},{"name":"criterion","data":"gini"},{"name":"max_depth","data":null},{"name":"min_samples_split","data":2},{"name":"min_samples_leaf","data":1},{"name":"min_weight_fraction_leaf","data":0},{"name":"max_features","data":"auto"},{"name":"max_leaf_nodes","data":null},{"name":"min_impurity_decrease","data":0},{"name":"bootstrap","data":true}]},"featureImportance":[{"colName":"petal_length","importance":0.3695},{"colName":"petal_width","importance":0.4289},{"colName":"sepal_length","importance":0.2016}]},"trainPipeFilePath":"task_pipeline-1650013244.pkl","hptPreference":null,"reTrainFileId":null,"isDataSplitted":true,"status":"success","idealPersona":{"petal_length":0.5,"petal_width":0.8,"sepal_length":1.17},"transformedDatasetPath":"transformed_data_dict-1650013244.pkl","edaId":null,"createdAt":"2022-04-15T09:00:44.818Z","__v":0},{"_id":"6259343d64a5fc001830922a","createdBy":"6239c25c5c84bb00c656c07c","projectId":"625930cc64a5fc0018309217","trainingId":"6259343c64a5fc0018309225","modelMetaData":{"modelTuning":null,"algoName":"Ensemble Extra Trees Classification","modelPath":"ensemble_extra_trees_classification-1650013244.sav","dev":{"testScore":0.9666666666666667,"losses":[{"name":"Log Loss","value":0.07},{"name":"Hamming Loss","value":0.03}],"matCoeff":0.9515873026942034,"rocScore":null,"overallScore":0.7165588340394904,"f1Score":0.9665831244778613},"holdout":{"testScore":1,"losses":[{"name":"Log Loss","value":0.04},{"name":"Hamming Loss","value":0}],"matCoeff":1,"rocScore":null,"overallScore":0.7663794199101497,"f1Score":1},"timeElapsed":0.2869325280189514,"bestParams":{"hpt":[{"name":"criterion","data":"gini"},{"name":"max_depth","data":null},{"name":"min_samples_split","data":2},{"name":"min_samples_leaf","data":1},{"name":"min_weight_fraction_leaf","data":0},{"name":"max_features","data":"auto"},{"name":"max_leaf_nodes","data":null},{"name":"min_impurity_decrease","data":0},{"name":"n_estimators","data":10},{"name":"bootstrap","data":false}]},"featureImportance":[{"colName":"petal_length","importance":0.3459},{"colName":"petal_width","importance":0.5267},{"colName":"sepal_length","importance":0.1275}]},"trainPipeFilePath":"task_pipeline-1650013244.pkl","hptPreference":null,"reTrainFileId":null,"isDataSplitted":true,"status":"success","idealPersona":{"petal_length":0.5,"petal_width":0.8,"sepal_length":1.17},"transformedDatasetPath":"transformed_data_dict-1650013244.pkl","edaId":null,"createdAt":"2022-04-15T09:00:45.136Z","__v":0},{"_id":"6259343d64a5fc001830922b","createdBy":"6239c25c5c84bb00c656c07c","projectId":"625930cc64a5fc0018309217","trainingId":"6259343c64a5fc0018309225","modelMetaData":{"modelTuning":null,"algoName":"XGBoost Classification","modelPath":"xgboost_classification-1650013244.sav","dev":{"testScore":0.9666666666666667,"losses":[{"name":"Log Loss","value":0.2},{"name":"Hamming Loss","value":0.03}],"matCoeff":0.9515873026942034,"rocScore":null,"overallScore":0.613890301465392,"f1Score":0.9665831244778613},"holdout":{"testScore":1,"losses":[{"name":"Log Loss","value":0.04},{"name":"Hamming Loss","value":0}],"matCoeff":1,"rocScore":null,"overallScore":0.7696623717745145,"f1Score":1},"timeElapsed":0.33167630434036255,"bestParams":{"hpt":[{"name":"max_depth","data":3},{"name":"learning_rate","data":0.1},{"name":"n_estimators","data":100},{"name":"colsample_bytree","data":1},{"name":"gamma","data":0},{"name":"subsample","data":1},{"name":"reg_alpha","data":0},{"name":"scale_pos_weight","data":1}]},"featureImportance":[{"colName":"petal_length","importance":0.415800005197525},{"colName":"petal_width","importance":0.559499979019165},{"colName":"sepal_length","importance":0.024700000882148743}],"cvData":{"cvScore":0.9666666666666668,"status":"done"}},"trainPipeFilePath":"task_pipeline-1650013244.pkl","hptPreference":null,"reTrainFileId":null,"isDataSplitted":true,"status":"success","idealPersona":{"petal_length":0.5,"petal_width":0.8,"sepal_length":1.17},"transformedDatasetPath":"transformed_data_dict-1650013244.pkl","edaId":null,"createdAt":"2022-04-15T09:00:45.197Z","__v":0,"validationStrategy":{"metric":"accuracy","technique":"stratifiedKFold","nSplit":5}},{"_id":"6259598764a5fc0018309301","createdBy":"6239c25c5c84bb00c656c07c","projectId":"625930cc64a5fc0018309217","trainingId":"6259598664a5fc00183092fe","modelMetaData":{"modelTuning":null,"algoName":"Logistic Regression","modelPath":"logistic_regression-1650022791.sav","dev":{"testScore":0.9333333333333333,"losses":[{"name":"Log Loss","value":0.3},{"name":"Hamming Loss","value":0.07}],"matCoeff":0.9060606745389328,"rocScore":null,"overallScore":0.7224805427913685,"f1Score":0.9326599326599326},"holdout":{"testScore":0.9333333333333333,"losses":[{"name":"Log Loss","value":0.34},{"name":"Hamming Loss","value":0.07}],"matCoeff":0.9,"rocScore":null,"overallScore":0.7198263400410647,"f1Score":0.9333333333333332},"timeElapsed":0.2522925138473511,"bestParams":{"hpt":[{"name":"penalty","data":"l2"},{"name":"tol","data":0.018},{"name":"C","data":1}]},"featureCoefficient":[{"className":"Irissetosa","value":[{"colName":"sepal_length","coefficient":-0.9522},{"colName":"petal_width","coefficient":-2.1155},{"colName":"petal_length","coefficient":-2.3648}]},{"className":"Irisversicolor","value":[{"colName":"sepal_length","coefficient":-0.0003},{"colName":"petal_width","coefficient":-0.3817},{"colName":"petal_length","coefficient":0.6458}]},{"className":"Irisvirginica","value":[{"colName":"sepal_length","coefficient":0.9525},{"colName":"petal_width","coefficient":2.4971},{"colName":"petal_length","coefficient":1.7191}]}]},"trainPipeFilePath":"task_pipeline-1650022790.pkl","hptPreference":null,"reTrainFileId":null,"isDataSplitted":true,"status":"success","idealPersona":{"petal_length":0.5,"petal_width":0.8,"sepal_length":1.17},"transformedDatasetPath":"transformed_data_dict-1650022790.pkl","edaId":null,"createdAt":"2022-04-15T11:39:51.323Z","__v":0},{"_id":"6259598764a5fc0018309304","createdBy":"6239c25c5c84bb00c656c07c","projectId":"625930cc64a5fc0018309217","trainingId":"6259598664a5fc00183092fe","modelMetaData":{"modelTuning":null,"algoName":"XGBoost Classification","modelPath":"xgboost_classification-1650022791.sav","dev":{"testScore":0.9666666666666667,"losses":[{"name":"Log Loss","value":0.2},{"name":"Hamming Loss","value":0.03}],"matCoeff":0.9515873026942034,"rocScore":null,"overallScore":0.613890301465392,"f1Score":0.9665831244778613},"holdout":{"testScore":1,"losses":[{"name":"Log Loss","value":0.04},{"name":"Hamming Loss","value":0}],"matCoeff":1,"rocScore":null,"overallScore":0.7696623717745145,"f1Score":1},"timeElapsed":0.5725821256637573,"bestParams":{"hpt":[{"name":"max_depth","data":3},{"name":"learning_rate","data":0.1},{"name":"n_estimators","data":100},{"name":"colsample_bytree","data":1},{"name":"gamma","data":0},{"name":"subsample","data":1},{"name":"reg_alpha","data":0},{"name":"scale_pos_weight","data":1}]},"featureImportance":[{"colName":"petal_length","importance":0.415800005197525},{"colName":"petal_width","importance":0.559499979019165},{"colName":"sepal_length","importance":0.024700000882148743}]},"trainPipeFilePath":"task_pipeline-1650022790.pkl","hptPreference":null,"reTrainFileId":null,"isDataSplitted":true,"status":"success","idealPersona":{"petal_length":0.5,"petal_width":0.8,"sepal_length":1.17},"transformedDatasetPath":"transformed_data_dict-1650022790.pkl","edaId":null,"createdAt":"2022-04-15T11:39:51.959Z","__v":0},{"_id":"625cffbcc73e7b0023477b17","createdBy":"6239c25c5c84bb00c656c07c","projectId":"625930cc64a5fc0018309217","trainingId":"625cffbbc73e7b0023477b14","modelMetaData":{"modelTuning":null,"algoName":"Random Forest Classification","modelPath":"random_forest_classification-1650261947.sav","dev":{"testScore":0.9333333333333333,"losses":[{"name":"Log Loss","value":1.2},{"name":"Hamming Loss","value":0.07}],"matCoeff":0.9,"rocScore":null,"overallScore":0.6504287194113817,"f1Score":0.9333333333333332},"holdout":{"testScore":0.9333333333333333,"losses":[{"name":"Log Loss","value":0.1},{"name":"Hamming Loss","value":0.07}],"matCoeff":0.9060606745389328,"rocScore":null,"overallScore":0.6637039580243779,"f1Score":0.9326599326599326},"timeElapsed":0.2686700224876404,"bestParams":{"hpt":[{"name":"n_estimators","data":10},{"name":"criterion","data":"gini"},{"name":"max_depth","data":null},{"name":"min_samples_split","data":2},{"name":"min_samples_leaf","data":1},{"name":"min_weight_fraction_leaf","data":0},{"name":"max_features","data":"auto"},{"name":"max_leaf_nodes","data":null},{"name":"min_impurity_decrease","data":0},{"name":"bootstrap","data":true}]},"featureImportance":[{"colName":"petal_length","importance":0.3695},{"colName":"petal_width","importance":0.4289},{"colName":"sepal_length","importance":0.2016}]},"trainPipeFilePath":"task_pipeline-1650261947.pkl","hptPreference":null,"reTrainFileId":null,"isDataSplitted":true,"status":"success","idealPersona":{"petal_length":0.5,"petal_width":0.8,"sepal_length":1.17},"transformedDatasetPath":"transformed_data_dict-1650261947.pkl","edaId":null,"createdAt":"2022-04-18T06:05:48.082Z","__v":0},{"_id":"625cffbcc73e7b0023477b1a","createdBy":"6239c25c5c84bb00c656c07c","projectId":"625930cc64a5fc0018309217","trainingId":"625cffbbc73e7b0023477b14","modelMetaData":{"modelTuning":null,"algoName":"XGBoost Classification","modelPath":"xgboost_classification-1650261948.sav","dev":{"testScore":0.9666666666666667,"losses":[{"name":"Log Loss","value":0.2},{"name":"Hamming Loss","value":0.03}],"matCoeff":0.9515873026942034,"rocScore":null,"overallScore":0.613890301465392,"f1Score":0.9665831244778613},"holdout":{"testScore":1,"losses":[{"name":"Log Loss","value":0.04},{"name":"Hamming Loss","value":0}],"matCoeff":1,"rocScore":null,"overallScore":0.7696623717745145,"f1Score":1},"timeElapsed":0.4003409743309021,"bestParams":{"hpt":[{"name":"max_depth","data":3},{"name":"learning_rate","data":0.1},{"name":"n_estimators","data":100},{"name":"colsample_bytree","data":1},{"name":"gamma","data":0},{"name":"subsample","data":1},{"name":"reg_alpha","data":0},{"name":"scale_pos_weight","data":1}]},"featureImportance":[{"colName":"petal_length","importance":0.415800005197525},{"colName":"petal_width","importance":0.559499979019165},{"colName":"sepal_length","importance":0.024700000882148743}]},"trainPipeFilePath":"task_pipeline-1650261947.pkl","hptPreference":null,"reTrainFileId":null,"isDataSplitted":true,"status":"success","idealPersona":{"petal_length":0.5,"petal_width":0.8,"sepal_length":1.17},"transformedDatasetPath":"transformed_data_dict-1650261947.pkl","edaId":null,"createdAt":"2022-04-18T06:05:48.540Z","__v":0},{"_id":"625d04c3c73e7b0023477b57","createdBy":"6239c25c5c84bb00c656c07c","projectId":"625930cc64a5fc0018309217","trainingId":"625d04c2c73e7b0023477b54","modelMetaData":{"modelTuning":null,"algoName":"Logistic Regression","modelPath":"logistic_regression-1650263234.sav","dev":{"testScore":0.9333333333333333,"losses":[{"name":"Log Loss","value":0.3},{"name":"Hamming Loss","value":0.07}],"matCoeff":0.9060606745389328,"rocScore":null,"overallScore":0.7224805427913685,"f1Score":0.9326599326599326},"holdout":{"testScore":0.9333333333333333,"losses":[{"name":"Log Loss","value":0.34},{"name":"Hamming Loss","value":0.07}],"matCoeff":0.9,"rocScore":null,"overallScore":0.7198263400410647,"f1Score":0.9333333333333332},"timeElapsed":0.3164834976196289,"bestParams":{"hpt":[{"name":"penalty","data":"l2"},{"name":"tol","data":0.018},{"name":"C","data":1}]},"featureCoefficient":[{"className":"Irissetosa","value":[{"colName":"sepal_length","coefficient":-0.9522},{"colName":"petal_width","coefficient":-2.1155},{"colName":"petal_length","coefficient":-2.3648}]},{"className":"Irisversicolor","value":[{"colName":"sepal_length","coefficient":-0.0003},{"colName":"petal_width","coefficient":-0.3817},{"colName":"petal_length","coefficient":0.6458}]},{"className":"Irisvirginica","value":[{"colName":"sepal_length","coefficient":0.9525},{"colName":"petal_width","coefficient":2.4971},{"colName":"petal_length","coefficient":1.7191}]}]},"trainPipeFilePath":"task_pipeline-1650263234.pkl","hptPreference":null,"reTrainFileId":null,"isDataSplitted":true,"status":"success","idealPersona":{"petal_length":0.5,"petal_width":0.8,"sepal_length":1.17},"transformedDatasetPath":"transformed_data_dict-1650263234.pkl","edaId":null,"createdAt":"2022-04-18T06:27:15.066Z","__v":0},{"_id":"625d04c3c73e7b0023477b5a","createdBy":"6239c25c5c84bb00c656c07c","projectId":"625930cc64a5fc0018309217","trainingId":"625d04c2c73e7b0023477b54","modelMetaData":{"modelTuning":null,"algoName":"XGBoost Classification","modelPath":"xgboost_classification-1650263234.sav","dev":{"testScore":0.9666666666666667,"losses":[{"name":"Log Loss","value":0.2},{"name":"Hamming Loss","value":0.03}],"matCoeff":0.9515873026942034,"rocScore":null,"overallScore":0.613890301465392,"f1Score":0.9665831244778613},"holdout":{"testScore":1,"losses":[{"name":"Log Loss","value":0.04},{"name":"Hamming Loss","value":0}],"matCoeff":1,"rocScore":null,"overallScore":0.7696623717745145,"f1Score":1},"timeElapsed":0.33560895919799805,"bestParams":{"hpt":[{"name":"max_depth","data":3},{"name":"learning_rate","data":0.1},{"name":"n_estimators","data":100},{"name":"colsample_bytree","data":1},{"name":"gamma","data":0},{"name":"subsample","data":1},{"name":"reg_alpha","data":0},{"name":"scale_pos_weight","data":1}]},"featureImportance":[{"colName":"petal_length","importance":0.415800005197525},{"colName":"petal_width","importance":0.559499979019165},{"colName":"sepal_length","importance":0.024700000882148743}]},"trainPipeFilePath":"task_pipeline-1650263234.pkl","hptPreference":null,"reTrainFileId":null,"isDataSplitted":true,"status":"success","idealPersona":{"petal_length":0.5,"petal_width":0.8,"sepal_length":1.17},"transformedDatasetPath":"transformed_data_dict-1650263234.pkl","edaId":null,"createdAt":"2022-04-18T06:27:15.370Z","__v":0},{"_id":"625d04dbc73e7b0023477b5f","createdBy":"6239c25c5c84bb00c656c07c","projectId":"625930cc64a5fc0018309217","trainingId":"625d04dbc73e7b0023477b5d","modelMetaData":{"modelTuning":null,"algoName":"Decision Tree Classification","modelPath":"decision_tree_classification-1650263259.sav","dev":{"testScore":0.9333333333333333,"losses":[{"name":"Log Loss","value":2.3},{"name":"Hamming Loss","value":0.07}],"matCoeff":0.9,"rocScore":null,"overallScore":0.5624545258938096,"f1Score":0.9333333333333332},"holdout":{"testScore":0.9666666666666667,"losses":[{"name":"Log Loss","value":1.15},{"name":"Hamming Loss","value":0.03}],"matCoeff":0.9515873026942034,"rocScore":null,"overallScore":0.6812272629469046,"f1Score":0.9665831244778613},"timeElapsed":0.25426681836446124,"bestParams":{"hpt":[{"name":"criterion","data":"gini"},{"name":"splitter","data":"best"},{"name":"max_depth","data":null},{"name":"min_samples_split","data":2},{"name":"min_samples_leaf","data":1},{"name":"min_weight_fraction_leaf","data":0},{"name":"max_features","data":null},{"name":"max_leaf_nodes","data":null},{"name":"min_impurity_decrease","data":0}]},"featureImportance":[{"colName":"petal_length","importance":0.0401},{"colName":"petal_width","importance":0.9277},{"colName":"sepal_length","importance":0.0322}]},"trainPipeFilePath":"task_pipeline-1650263259.pkl","hptPreference":null,"reTrainFileId":null,"isDataSplitted":true,"status":"success","idealPersona":{"petal_length":0.5,"petal_width":0.8,"sepal_length":1.17},"transformedDatasetPath":"transformed_data_dict-1650263259.pkl","edaId":null,"createdAt":"2022-04-18T06:27:39.428Z","__v":0},{"_id":"625d04dbc73e7b0023477b60","createdBy":"6239c25c5c84bb00c656c07c","projectId":"625930cc64a5fc0018309217","trainingId":"625d04dbc73e7b0023477b5d","modelMetaData":{"modelTuning":null,"algoName":"Logistic Regression","modelPath":"logistic_regression-1650263259.sav","dev":{"testScore":0.9333333333333333,"losses":[{"name":"Log Loss","value":0.3},{"name":"Hamming Loss","value":0.07}],"matCoeff":0.9060606745389328,"rocScore":null,"overallScore":0.7224805427913685,"f1Score":0.9326599326599326},"holdout":{"testScore":0.9333333333333333,"losses":[{"name":"Log Loss","value":0.34},{"name":"Hamming Loss","value":0.07}],"matCoeff":0.9,"rocScore":null,"overallScore":0.7198263400410647,"f1Score":0.9333333333333332},"timeElapsed":0.256749947865804,"bestParams":{"hpt":[{"name":"penalty","data":"l2"},{"name":"tol","data":0.018},{"name":"C","data":1}]},"featureCoefficient":[{"className":"Irissetosa","value":[{"colName":"sepal_length","coefficient":-0.9522},{"colName":"petal_width","coefficient":-2.1155},{"colName":"petal_length","coefficient":-2.3648}]},{"className":"Irisversicolor","value":[{"colName":"sepal_length","coefficient":-0.0003},{"colName":"petal_width","coefficient":-0.3817},{"colName":"petal_length","coefficient":0.6458}]},{"className":"Irisvirginica","value":[{"colName":"sepal_length","coefficient":0.9525},{"colName":"petal_width","coefficient":2.4971},{"colName":"petal_length","coefficient":1.7191}]}]},"trainPipeFilePath":"task_pipeline-1650263259.pkl","hptPreference":null,"reTrainFileId":null,"isDataSplitted":true,"status":"success","idealPersona":{"petal_length":0.5,"petal_width":0.8,"sepal_length":1.17},"transformedDatasetPath":"transformed_data_dict-1650263259.pkl","edaId":null,"createdAt":"2022-04-18T06:27:39.447Z","__v":0},{"_id":"625d04dbc73e7b0023477b62","createdBy":"6239c25c5c84bb00c656c07c","projectId":"625930cc64a5fc0018309217","trainingId":"625d04dbc73e7b0023477b5d","modelMetaData":{"modelTuning":null,"algoName":"Ridge Classification","modelPath":"ridge_classification-1650263259.sav","dev":{"testScore":0.8333333333333334,"losses":[{"name":"Log Loss","value":0},{"name":"Hamming Loss","value":0.17}],"matCoeff":0.7777137710478189,"rocScore":null,"overallScore":0.6665333333333333,"f1Score":0.8174603174603176},"holdout":{"testScore":0.7333333333333333,"losses":[{"name":"Log Loss","value":0},{"name":"Hamming Loss","value":0.27}],"matCoeff":0.6396021490668313,"rocScore":null,"overallScore":0.5864533333333334,"f1Score":0.7069597069597068},"timeElapsed":0.2722380956013997,"bestParams":{"hpt":[{"name":"alpha","data":1},{"name":"max_iter","data":null},{"name":"tol","data":0.001},{"name":"solver","data":"auto"}]},"featureCoefficient":[{"className":"Irissetosa","value":[{"colName":"sepal_length","coefficient":0.3249},{"colName":"petal_width","coefficient":-0.4818},{"colName":"petal_length","coefficient":-1.5727}]},{"className":"Irisversicolor","value":[{"colName":"sepal_length","coefficient":-0.5479},{"colName":"petal_width","coefficient":-0.825},{"colName":"petal_length","coefficient":1.7451}]},{"className":"Irisvirginica","value":[{"colName":"sepal_length","coefficient":0.2231},{"colName":"petal_width","coefficient":1.3067},{"colName":"petal_length","coefficient":-0.1724}]}]},"trainPipeFilePath":"task_pipeline-1650263259.pkl","hptPreference":null,"reTrainFileId":null,"isDataSplitted":true,"status":"success","idealPersona":null,"transformedDatasetPath":"transformed_data_dict-1650263259.pkl","edaId":null,"createdAt":"2022-04-18T06:27:39.773Z","__v":0}]