[{"sampling":"none","dropOriginal":false,"_id":"625d04dbc73e7b0023477b5d","targetType":"Multiclass","originalFileId":"625930d864a5fc001830921a","depVariable":"species","indepVariable":[{"colName":"sepal_length"},{"colName":"sepal_width"},{"colName":"petal_length"},{"colName":"petal_width"}],"algorithms":["Logistic Regression","Decision Tree Classification","Ridge Classification"],"algoType":"classification","isMultilabel":false,"edaId":"625933e564a5fc0018309222","problemType":"predictive_modeling","autoFeatureGenTasks":null,"ordinalEncoderMap":[],"classNames":["Irissetosa","Irisversicolor","Irisvirginica"],"predictiveModelingInfo":{"featuresToTransform":[],"applyToTarget":false,"decomposition":"none","components":2,"featureSelectionMethod":"SelectPercentile","scoringFunction":"f_classif","featurePercentage":70,"nFeaturesToSelect":70,"step":"none","customFeatures":[],"featureScaling":"robust_scaler","normalizationMethod":"none","featureSelectionEstimator":"none","featureSelectionStep":"none","featureSelectionCV":"none","featureScores":[{"colName":"petal_length","isSelected":true,"score":668.11},{"colName":"petal_width","isSelected":true,"score":607.46},{"colName":"sepal_length","isSelected":true,"score":68.68},{"colName":"sepal_width","isSelected":false,"score":26.16}]},"nlpConfigs":[],"createdBy":"6239c25c5c84bb00c656c07c","projectId":"625930cc64a5fc0018309217","fileEncoding":"utf_8","name":"Model : Species Classification","metaInfo":{"fileName":"upload-IRIS-1650012376763.pkl"},"noOfFeatures":4,"afterEdaFileId":"625930d864a5fc001830921a","createdAt":"2022-04-18T06:27:39.076Z","__v":0}]