[{"id":"385d281a.3f5fd8","type":"tab","label":"Flow 1","disabled":false,"info":""},{"id":"b18a5ec8.28796","type":"python3-function","z":"385d281a.3f5fd8","name":"Prepering_Data","func":"import json\nimport os\nimport pandas as pd\n\niris_dataset = pd.read_csv(\n    os.path.join(msg['basedir'], \n    \"upload-IRIS-1650022571683.csv\"))\n\n\ndf=iris_dataset.drop('Unnamed: 0',axis=1)\n\n\ndf = df.apply(lambda x: x.astype(\"str\"))\nmsg['filePath']=\"IRIS_Data.csv\"\nmsg['payload'] = json.dumps(df.to_dict(orient='records'))\nreturn msg","outputs":1,"x":300,"y":740,"wires":[["a71eefcb.d7423"]]},{"id":"f32ba0f6.05fa3","type":"ps_inject_node","z":"385d281a.3f5fd8","replace":"","x":190,"y":560,"wires":[["b18a5ec8.28796"]]},{"id":"a71eefcb.d7423","type":"ps_savedata","z":"385d281a.3f5fd8","name":"","x":560,"y":580,"wires":[[]]}]