[{"_id":"62b96ecc676a8d0037861a9c","projectId":"62b96ecc676a8d0037861a9a","userId":"629dc13a3dad830031114488","level":"info","message":"project directory created","createdAt":"2022-06-27T08:48:12.812Z","__v":0},{"_id":"62b96f05676a8d0037861aa0","projectId":"62b96ecc676a8d0037861a9a","userId":"629dc13a3dad830031114488","level":"error","message":"Initialized eda progress.","createdAt":"2022-06-27T08:49:09.710Z","__v":0},{"_id":"62b96f05676a8d0037861aa1","projectId":"62b96ecc676a8d0037861a9a","userId":"629dc13a3dad830031114488","level":"info","message":"auto Eda started","createdAt":"2022-06-27T08:49:09.711Z","__v":0},{"_id":"62b96f09676a8d0037861aa3","projectId":"62b96ecc676a8d0037861a9a","userId":"629dc13a3dad830031114488","level":"info","message":"eda eda completed and data saved to database","createdAt":"2022-06-27T08:49:13.412Z","__v":0},{"_id":"62b96f17676a8d0037861aa4","projectId":"62b96ecc676a8d0037861a9a","userId":"629dc13a3dad830031114488","level":"info","message":"Listing models","createdAt":"2022-06-27T08:49:27.540Z","__v":0},{"_id":"62b96f1e676a8d0037861aa6","projectId":"62b96ecc676a8d0037861a9a","userId":"629dc13a3dad830031114488","level":"info","message":"Training started","createdAt":"2022-06-27T08:49:34.851Z","__v":0},{"_id":"62b96f30676a8d0037861aa8","projectId":"62b96ecc676a8d0037861a9a","userId":"629dc13a3dad830031114488","level":"info","message":"Listing trainings","createdAt":"2022-06-27T08:49:52.651Z","__v":0},{"_id":"62b96f37676a8d0037861aaa","projectId":"62b96ecc676a8d0037861a9a","userId":"629dc13a3dad830031114488","level":"info","message":"Listing trainings","createdAt":"2022-06-27T08:49:59.797Z","__v":0},{"_id":"62b96f74676a8d0037861aab","projectId":"62b96ecc676a8d0037861a9a","userId":"629dc13a3dad830031114488","level":"info","message":"Downloading analysis report","createdAt":"2022-06-27T08:51:00.957Z","__v":0}]