[{"isHighDimensional":false,"usingGPU":false,"tasks":[{"currentPipelineFilename":"eda_pipeline-1656319753.pkl","type":"eda","parentPipelineFilename":null}],"_id":"62b96f09676a8d0037861aa2","fileId":"62b96ee5676a8d0037861a9d","dataSetInfo":{"trainSize":80,"devSize":null,"holdoutSize":20,"holdoutFilename":"none","splitDateWise":false},"isMultipleTimeseries":false,"timeseriesIds":null,"timeseriesInfo":{"datetimeIndex":"date"},"depVariable":"humidity","paragraphColNames":[],"datetimeColumnName":[],"blankColumn":[],"correctedData":"imputed_dataset-1656319753.csv","imputedDatasetFilepath":"temp_eda-1656319753.csv","outlierPreviewFilepath":null,"indexPath":"indexes-1656319753.pkl","edaSummary":[{"missing":0,"unique":27,"max":"","median":"","min":"","std":"","mean":"","frequency":"NA","missingProportion":0.00031,"mostlyMissing":false,"colName":"summary","outlierCorrectionStrategy":"","outlierDetectionStrategy":"","imputationStrategy":"Mode","isVarTypeChanged":false,"outlierCount":"","constantFeature":false,"customVarType":"Categorical","dataType":"Categorical","dateComponent":[]},{"missing":517,"unique":2,"max":"","median":"","min":"","std":"","mean":"","frequency":"NA","missingProportion":0.00342,"mostlyMissing":false,"colName":"precip_type","outlierCorrectionStrategy":"","outlierDetectionStrategy":"","imputationStrategy":"Mode","isVarTypeChanged":false,"outlierCount":"","constantFeature":false,"customVarType":"Categorical","dataType":"Categorical","dateComponent":[]},{"missing":0,"unique":7574,"max":39.90556,"median":12,"min":-21.82222,"std":9.55155,"mean":11.93268,"frequency":"NA","missingProportion":0.00031,"mostlyMissing":false,"colName":"temperature_(c)","outlierCorrectionStrategy":"Ignore outlier","outlierDetectionStrategy":"Inter-Quartile Range","imputationStrategy":"Linear","isVarTypeChanged":false,"outlierCount":0,"constantFeature":false,"customVarType":"Decimal","dataType":"Decimal","dateComponent":[]},{"missing":0,"unique":8984,"max":39.34444,"median":12,"min":-27.71667,"std":10.69685,"mean":10.85503,"frequency":"NA","missingProportion":0.00031,"mostlyMissing":false,"colName":"apparent_temperature_(c)","outlierCorrectionStrategy":"Ignore outlier","outlierDetectionStrategy":"Inter-Quartile Range","imputationStrategy":"Linear","isVarTypeChanged":false,"outlierCount":0,"constantFeature":false,"customVarType":"Decimal","dataType":"Decimal","dateComponent":[]},{"missing":0,"unique":90,"max":1,"median":0.78,"min":0,"std":0.19547,"mean":0.7349,"frequency":"NA","missingProportion":0.00031,"mostlyMissing":false,"colName":"humidity","outlierCorrectionStrategy":"Ignore outlier","outlierDetectionStrategy":"Inter-Quartile Range","imputationStrategy":"Linear","isVarTypeChanged":false,"outlierCount":0,"constantFeature":false,"customVarType":"Decimal","dataType":"Decimal","dateComponent":[]},{"missing":0,"unique":2484,"max":63.8526,"median":9.9659,"min":0,"std":6.91357,"mean":10.81064,"frequency":"NA","missingProportion":0.00031,"mostlyMissing":false,"colName":"wind_speed_(km/h)","outlierCorrectionStrategy":"Ignore outlier","outlierDetectionStrategy":"Inter-Quartile Range","imputationStrategy":"Linear","isVarTypeChanged":false,"outlierCount":0,"constantFeature":false,"customVarType":"Decimal","dataType":"Decimal","dateComponent":[]},{"missing":0,"unique":360,"max":359,"median":180,"min":0,"std":107.38343,"mean":187.50923,"frequency":"NA","missingProportion":0.00031,"mostlyMissing":false,"colName":"wind_bearing_(degrees)","outlierCorrectionStrategy":"Ignore outlier","outlierDetectionStrategy":"Inter-Quartile Range","imputationStrategy":"Linear","isVarTypeChanged":false,"outlierCount":0,"constantFeature":false,"customVarType":"Integer","dataType":"Integer","dateComponent":[]},{"missing":0,"unique":949,"max":16.1,"median":10.0464,"min":0,"std":4.19212,"mean":10.34733,"frequency":"NA","missingProportion":0.00031,"mostlyMissing":false,"colName":"visibility_(km)","outlierCorrectionStrategy":"Ignore outlier","outlierDetectionStrategy":"Inter-Quartile Range","imputationStrategy":"Linear","isVarTypeChanged":false,"outlierCount":0,"constantFeature":false,"customVarType":"Decimal","dataType":"Decimal","dateComponent":[]},{"missing":0,"unique":1,"max":0,"median":0,"min":0,"std":0,"mean":0,"frequency":"NA","missingProportion":0.00031,"mostlyMissing":false,"colName":"cloud_cover","outlierCorrectionStrategy":"Ignore outlier","outlierDetectionStrategy":"Inter-Quartile Range","imputationStrategy":"Linear","isVarTypeChanged":false,"outlierCount":0,"constantFeature":true,"customVarType":"Integer","dataType":"Integer","dateComponent":[]},{"missing":0,"unique":4979,"max":1046.38,"median":1016.45001,"min":0,"std":116.96991,"mean":1003.2359,"frequency":"NA","missingProportion":0.00031,"mostlyMissing":false,"colName":"pressure_(millibars)","outlierCorrectionStrategy":"Ignore outlier","outlierDetectionStrategy":"Inter-Quartile Range","imputationStrategy":"Linear","isVarTypeChanged":false,"outlierCount":0,"constantFeature":false,"customVarType":"Decimal","dataType":"Decimal","dateComponent":[]}],"edaDuration":"3.2629530000000004","edaMode":"eda","createdBy":"629dc13a3dad830031114488","projectId":"62b96ecc676a8d0037861a9a","createdAt":"2022-06-27T08:49:13.401Z","__v":0}]