[{"fileEncoding":"utf_8","fileSchema":[{"colName":"date","dataType":"Datetime","originalColName":"Date","isAutoGenerated":false},{"colName":"summary","dataType":"Categorical","originalColName":"Summary","isAutoGenerated":false},{"colName":"precip_type","dataType":"Categorical","originalColName":"Precip Type","isAutoGenerated":false},{"colName":"temperature_(c)","dataType":"Decimal","originalColName":"Temperature (C)","isAutoGenerated":false},{"colName":"apparent_temperature_(c)","dataType":"Decimal","originalColName":"Apparent Temperature (C)","isAutoGenerated":false},{"colName":"humidity","dataType":"Decimal","originalColName":"Humidity","isAutoGenerated":false},{"colName":"wind_speed_(km/h)","dataType":"Decimal","originalColName":"Wind Speed (km/h)","isAutoGenerated":false},{"colName":"wind_bearing_(degrees)","dataType":"Integer","originalColName":"Wind Bearing (degrees)","isAutoGenerated":false},{"colName":"visibility_(km)","dataType":"Decimal","originalColName":"Visibility (km)","isAutoGenerated":false},{"colName":"cloud_cover","dataType":"Integer","originalColName":"Cloud Cover","isAutoGenerated":false},{"colName":"pressure_(millibars)","dataType":"Decimal","originalColName":"Pressure (millibars)","isAutoGenerated":false}],"descriptiveStatistics":[{"colName":"apparent_temperature_(c)","missing":0,"median":12,"frequency":"","max":39.34444,"mean":10.85503,"min":-27.71667,"std":10.69685,"unidistant_date":"","unique":8984},{"colName":"cloud_cover","missing":0,"median":0,"frequency":"","max":0,"mean":0,"min":0,"std":0,"unidistant_date":"","unique":1},{"colName":"date","missing":0,"median":"2011-07-02T09:00:00","frequency":"","max":"2016-12-31T22:00:00","mean":"","min":"2005-12-31T23:00:00","std":"","unidistant_date":false,"unique":96429},{"colName":"humidity","missing":0,"median":0.78,"frequency":"","max":1,"mean":0.7349,"min":0,"std":0.19547,"unidistant_date":"","unique":90},{"colName":"precip_type","missing":517,"median":"","frequency":"","max":"","mean":"","min":"","std":"","unidistant_date":"","unique":2},{"colName":"pressure_(millibars)","missing":0,"median":1016.45001,"frequency":"","max":1046.38,"mean":1003.2359,"min":0,"std":116.96991,"unidistant_date":"","unique":4979},{"colName":"summary","missing":0,"median":"","frequency":"","max":"","mean":"","min":"","std":"","unidistant_date":"","unique":27},{"colName":"temperature_(c)","missing":0,"median":12,"frequency":"","max":39.90556,"mean":11.93268,"min":-21.82222,"std":9.55155,"unidistant_date":"","unique":7574},{"colName":"visibility_(km)","missing":0,"median":10.0464,"frequency":"","max":16.1,"mean":10.34733,"min":0,"std":4.19212,"unidistant_date":"","unique":949},{"colName":"wind_bearing_(degrees)","missing":0,"median":180,"frequency":"","max":359,"mean":187.50923,"min":0,"std":107.38343,"unidistant_date":"","unique":360},{"colName":"wind_speed_(km/h)","missing":0,"median":9.9659,"frequency":"","max":63.8526,"mean":10.81064,"min":0,"std":6.91357,"unidistant_date":"","unique":2484}],"tasks":[{"type":"upload","parentPipelineFilename":null,"currentPipelineFilename":null}],"isParent":true,"isDeleted":false,"_id":"62b96ee5676a8d0037861a9d","fileSource":"upload","dataGroupId":"62b96ecc676a8d0037861a9b","filename":"upload-Weather-1656319709543.pkl","fileSize":3768500,"noOfRows":"96.45K","noOfCols":"11","projectId":"62b96ecc676a8d0037861a9a","createdBy":"629dc13a3dad830031114488","rawFileName":"upload-Weather-1656319709543.csv","createdAt":"2022-06-27T08:48:37.682Z","updatedAt":"2022-06-27T08:48:37.682Z","__v":0,"currentEdaId":"62b96f09676a8d0037861aa2"}]