[{"_id":"62b96f30676a8d0037861aa7","createdBy":"629dc13a3dad830031114488","projectId":"62b96ecc676a8d0037861a9a","trainingId":"62b96f1e676a8d0037861aa5","hptPreference":null,"modelMetaData":{"algoName":"Sarimax","timeElapsed":9.147638201713562,"modelPath":"sarimax--1656319783.sav","losses":[{"name":"rmse","value":0.08},{"name":"mse","value":0.0067},{"name":"mape","value":0.0808},{"name":"me","value":-0.0146},{"name":"mae","value":0.066},{"name":"mpe","value":-0.008},{"name":"minmax","value":0.0754}],"modelTuning":"hpt","bestParams":{"hpt":[{"name":"order","data":[1,0,0]},{"name":"seasonal_order","data":[0,0,0,0]},{"name":"enforce_stationarity","data":true},{"name":"enforce_invertibility","data":false}]}},"trainPipeFilePath":"task_pipeline--1656319775.pkl","status":"success","createdAt":"2022-06-27T08:49:52.180Z","__v":0},{"_id":"62b96f37676a8d0037861aa9","createdBy":"629dc13a3dad830031114488","projectId":"62b96ecc676a8d0037861a9a","trainingId":"62b96f1e676a8d0037861aa5","hptPreference":null,"modelMetaData":{"algoName":"Prophet","timeElapsed":16.77273380756378,"modelPath":"prophet--1656319783.sav","losses":[{"name":"rmse","value":0.11},{"name":"mse","value":0.0112},{"name":"mape","value":0.1063},{"name":"me","value":0.052},{"name":"mae","value":0.0816},{"name":"mpe","value":0.0752},{"name":"minmax","value":0.0897}],"modelTuning":"hpt","bestParams":{"hpt":[{"name":"seasonality_mode","data":"additive"},{"name":"seasonality_prior_scale","data":10},{"name":"holidays_prior_scale","data":10},{"name":"changepoint_prior_scale","data":0.05}]}},"trainPipeFilePath":"task_pipeline--1656319775.pkl","status":"success","createdAt":"2022-06-27T08:49:59.703Z","__v":0}]