[{"sampling":null,"dropOriginal":false,"_id":"62b96f1e676a8d0037861aa5","originalFileId":"62b96ee5676a8d0037861a9d","depVariable":"humidity","algorithms":["Sarimax","Prophet"],"hptPreference":[],"edaId":"62b96f09676a8d0037861aa2","problemType":"timeseries","categoricalEncoders":{"summary":"Binary encoder","precip_type":"Binary encoder"},"ordinalEncoderMap":[],"nSteps":null,"timeseriesInfo":{"exogVariables":[{"colName":"summary"},{"colName":"precip_type"},{"colName":"temperature_(c)"},{"colName":"apparent_temperature_(c)"},{"colName":"wind_speed_(km/h)"},{"colName":"wind_bearing_(degrees)"},{"colName":"visibility_(km)"},{"colName":"pressure_(millibars)"}],"timesteps":60,"stationaryColumns":[],"stationaryMethod":"none","featureScaling":"none","normalizationMethod":"none","featuresToTransform":[],"applyToTarget":false,"period":1,"scalar":1},"nlpConfigs":[],"preprocessedFilepath":null,"createdBy":"629dc13a3dad830031114488","projectId":"62b96ecc676a8d0037861a9a","fileEncoding":"utf_8","name":"Model : tms","metaInfo":{"fileName":"upload-Weather-1656319709543.pkl"},"afterEdaFileId":"62b96ee5676a8d0037861a9d","createdAt":"2022-06-27T08:49:34.845Z","__v":0}]