age,sex,bmi,children,smoker,region,insurance_claim
19,female,28.6,5,no,southwest,0
28,male,36.4,1,yes,southwest,1
62,female,32.97,3,no,northwest,0
24,female,26.6,0,no,northeast,0
37,female,30.8,2,no,southeast,1
38,male,37.05,1,no,northeast,0
18,female,38.66,2,no,northeast,0
28,female,34.77,0,no,northwest,0
36,male,35.2,1,yes,southeast,0
18,female,35.62,0,no,northeast,0
48,male,28.0,1,yes,southwest,0
40,female,28.69,3,no,northwest,1
58,male,36.96,2,yes,northwest,0
18,male,31.68,2,yes,southeast,1
34,female,37.34,2,no,northwest,0
43,male,27.36,3,no,northeast,1
25,male,33.66,4,no,southeast,0
64,male,24.7,1,no,northwest,1
28,female,25.94,1,no,northwest,1
20,female,22.42,0,yes,northwest,1
19,female,28.9,0,no,southwest,1
40,female,36.19,0,no,southeast,1
28,male,23.98,3,yes,southeast,0
53,female,28.1,3,no,southwest,0
58,male,32.01,1,no,southeast,0
44,male,27.4,2,no,southwest,0
